{
  "type": "FeatureCollection",
  "generator": "overpass-turbo",
  "copyright": "The data included in this document is from www.openstreetmap.org. The data is made available under ODbL.",
  "timestamp": "2026-03-12T02:53:20Z",
  "features": [
    {
      "type": "Feature",
      "properties": {
        "@id": "relation/16213068",
        "name": "洪湖",
        "name:en": "Hong Lake",
        "name:zh": "洪湖",
        "name:zh-Hans": "洪湖",
        "name:zh-Hant": "洪湖",
        "name:zh-Latn-pinyin": "Hóng Hú",
        "natural": "water",
        "type": "multipolygon",
        "water": "lake",
        "wikidata": "Q5895614",
        "wikipedia": "zh:洪湖"
      },
      "geometry": {
        "type": "Polygon",
        "coordinates": [
          [
            [
              113.2260847,
              29.8983916
            ],
            [
              113.2239818,
              29.8947735
            ],
            [
              113.2238745,
              29.89442
            ],
            [
              113.2237887,
              29.8940666
            ],
            [
              113.2237243,
              29.8937317
            ],
            [
              113.2236814,
              29.8933783
            ],
            [
              113.22366,
              29.8930062
            ],
            [
              113.2232201,
              29.8917412
            ],
            [
              113.2231986,
              29.8915738
            ],
            [
              113.2231772,
              29.891211
            ],
            [
              113.2231772,
              29.8904483
            ],
            [
              113.223027,
              29.8850996
            ],
            [
              113.2229733,
              29.8849229
            ],
            [
              113.2228875,
              29.8847555
            ],
            [
              113.222748,
              29.8846159
            ],
            [
              113.222394,
              29.8844113
            ],
            [
              113.2222223,
              29.8842997
            ],
            [
              113.2197869,
              29.8838531
            ],
            [
              113.2197225,
              29.8836764
            ],
            [
              113.2196796,
              29.883509
            ],
            [
              113.2196581,
              29.8833322
            ],
            [
              113.2198083,
              29.8813229
            ],
            [
              113.219862,
              29.8808485
            ],
            [
              113.2206988,
              29.8754714
            ],
            [
              113.2210904,
              29.8745876
            ],
            [
              113.2211816,
              29.8745458
            ],
            [
              113.2213908,
              29.8744667
            ],
            [
              113.2216698,
              29.874369
            ],
            [
              113.2218736,
              29.874262
            ],
            [
              113.2219595,
              29.8742108
            ],
            [
              113.2220828,
              29.8741178
            ],
            [
              113.2220775,
              29.8739829
            ],
            [
              113.2220185,
              29.8739038
            ],
            [
              113.2218683,
              29.8737736
            ],
            [
              113.2218575,
              29.8736852
            ],
            [
              113.2218951,
              29.8735968
            ],
            [
              113.2220668,
              29.8734619
            ],
            [
              113.2221472,
              29.8734061
            ],
            [
              113.222217,
              29.8733363
            ],
            [
              113.2223403,
              29.8731875
            ],
            [
              113.2224101,
              29.8730898
            ],
            [
              113.2224584,
              29.8730061
            ],
            [
              113.2225388,
              29.872834
            ],
            [
              113.2226247,
              29.8725967
            ],
            [
              113.2226461,
              29.8725083
            ],
            [
              113.2226461,
              29.8723362
            ],
            [
              113.22263,
              29.8722525
            ],
            [
              113.2225174,
              29.8722292
            ],
            [
              113.2221097,
              29.8722385
            ],
            [
              113.2219005,
              29.8722665
            ],
            [
              113.2216966,
              29.8722711
            ],
            [
              113.2215893,
              29.8722572
            ],
            [
              113.2215357,
              29.8721781
            ],
            [
              113.2215142,
              29.8720106
            ],
            [
              113.2215142,
              29.8719176
            ],
            [
              113.2215249,
              29.8718292
            ],
            [
              113.2215732,
              29.8716245
            ],
            [
              113.2220238,
              29.8690288
            ],
            [
              113.2220614,
              29.8689404
            ],
            [
              113.2221097,
              29.8688614
            ],
            [
              113.2221955,
              29.8687637
            ],
            [
              113.2222867,
              29.8687172
            ],
            [
              113.2223833,
              29.8686985
            ],
            [
              113.2224852,
              29.8686985
            ],
            [
              113.2225871,
              29.8687218
            ],
            [
              113.2226783,
              29.8687637
            ],
            [
              113.2227373,
              29.8688334
            ],
            [
              113.2228875,
              29.8690846
            ],
            [
              113.2229519,
              29.8691544
            ],
            [
              113.2230216,
              29.8692149
            ],
            [
              113.2231182,
              29.8692428
            ],
            [
              113.2232147,
              29.8692614
            ],
            [
              113.2233167,
              29.8692707
            ],
            [
              113.2235151,
              29.8692475
            ],
            [
              113.2238316,
              29.8692382
            ],
            [
              113.2239336,
              29.8692475
            ],
            [
              113.2240355,
              29.8692754
            ],
            [
              113.2239979,
              29.8691916
            ],
            [
              113.2239336,
              29.8691219
            ],
            [
              113.2238424,
              29.86908
            ],
            [
              113.2236385,
              29.8690102
            ],
            [
              113.2231557,
              29.8687869
            ],
            [
              113.2230323,
              29.8686334
            ],
            [
              113.2229787,
              29.8685543
            ],
            [
              113.2227856,
              29.868331
            ],
            [
              113.2227373,
              29.868252
            ],
            [
              113.2226998,
              29.8681682
            ],
            [
              113.2226676,
              29.8680752
            ],
            [
              113.2226461,
              29.8679868
            ],
            [
              113.2226461,
              29.8678938
            ],
            [
              113.2226837,
              29.86781
            ],
            [
              113.2227319,
              29.8677263
            ],
            [
              113.2233167,
              29.8644281
            ],
            [
              113.224808,
              29.8568449
            ],
            [
              113.2249474,
              29.856724
            ],
            [
              113.22528,
              29.8565472
            ],
            [
              113.2254839,
              29.8565379
            ],
            [
              113.225677,
              29.8565472
            ],
            [
              113.2258809,
              29.8565472
            ],
            [
              113.226074,
              29.8565006
            ],
            [
              113.2262564,
              29.856389
            ],
            [
              113.2263851,
              29.8562401
            ],
            [
              113.2280266,
              29.8514573
            ],
            [
              113.2280695,
              29.8512898
            ],
            [
              113.2281768,
              29.8507035
            ],
            [
              113.2281983,
              29.8503499
            ],
            [
              113.2281983,
              29.8498288
            ],
            [
              113.228091,
              29.8496706
            ],
            [
              113.2279193,
              29.8495683
            ],
            [
              113.2277048,
              29.8494659
            ],
            [
              113.2276189,
              29.8492426
            ],
            [
              113.2277584,
              29.8491123
            ],
            [
              113.2279515,
              29.8490286
            ],
            [
              113.228209,
              29.8489913
            ],
            [
              113.2284129,
              29.8490006
            ],
            [
              113.2288313,
              29.8491123
            ],
            [
              113.2290459,
              29.8491774
            ],
            [
              113.2294106,
              29.8492426
            ],
            [
              113.2297003,
              29.8492705
            ],
            [
              113.2301402,
              29.8493263
            ],
            [
              113.230344,
              29.8493356
            ],
            [
              113.2304621,
              29.8491961
            ],
            [
              113.2305479,
              29.8490099
            ],
            [
              113.2305694,
              29.8488331
            ],
            [
              113.2306123,
              29.8486098
            ],
            [
              113.2306123,
              29.848433
            ],
            [
              113.2305908,
              29.8482376
            ],
            [
              113.230505,
              29.8480701
            ],
            [
              113.2303548,
              29.8479491
            ],
            [
              113.2303011,
              29.8477723
            ],
            [
              113.2304513,
              29.8476699
            ],
            [
              113.2306337,
              29.8475676
            ],
            [
              113.2308161,
              29.8475024
            ],
            [
              113.23102,
              29.8474838
            ],
            [
              113.2312131,
              29.8475024
            ],
            [
              113.2314169,
              29.8475397
            ],
            [
              113.2318139,
              29.8475955
            ],
            [
              113.2320285,
              29.8476048
            ],
            [
              113.2322216,
              29.8476048
            ],
            [
              113.2324147,
              29.8475397
            ],
            [
              113.2325542,
              29.847428
            ],
            [
              113.2325435,
              29.8472512
            ],
            [
              113.2325005,
              29.846879
            ],
            [
              113.232522,
              29.8467021
            ],
            [
              113.2326186,
              29.8465439
            ],
            [
              113.2327688,
              29.846423
            ],
            [
              113.2329404,
              29.8463392
            ],
            [
              113.2331443,
              29.8462648
            ],
            [
              113.233552,
              29.8461345
            ],
            [
              113.2337558,
              29.8460787
            ],
            [
              113.2339382,
              29.8460042
            ],
            [
              113.2342923,
              29.8458181
            ],
            [
              113.2346463,
              29.8456134
            ],
            [
              113.2349467,
              29.8453807
            ],
            [
              113.2351398,
              29.8453156
            ],
            [
              113.2353544,
              29.845269
            ],
            [
              113.2357621,
              29.8452132
            ],
            [
              113.2361698,
              29.8451388
            ],
            [
              113.2363737,
              29.8451108
            ],
            [
              113.2365775,
              29.8450736
            ],
            [
              113.2367706,
              29.8450178
            ],
            [
              113.236953,
              29.8449154
            ],
            [
              113.2371139,
              29.8448038
            ],
            [
              113.237189,
              29.8446362
            ],
            [
              113.237232,
              29.8444594
            ],
            [
              113.237189,
              29.8438732
            ],
            [
              113.2370388,
              29.8435474
            ],
            [
              113.2369208,
              29.8433985
            ],
            [
              113.2364488,
              29.8432869
            ],
            [
              113.236084,
              29.8432496
            ],
            [
              113.2358801,
              29.8432403
            ],
            [
              113.2354617,
              29.8432031
            ],
            [
              113.2352579,
              29.8431659
            ],
            [
              113.2350433,
              29.8431101
            ],
            [
              113.2348502,
              29.8430263
            ],
            [
              113.2346785,
              29.8429053
            ],
            [
              113.2345068,
              29.8427285
            ],
            [
              113.234185,
              29.8422632
            ],
            [
              113.234067,
              29.8421143
            ],
            [
              113.2333803,
              29.8420212
            ],
            [
              113.2325435,
              29.8419468
            ],
            [
              113.2317281,
              29.8419468
            ],
            [
              113.2315135,
              29.841984
            ],
            [
              113.2310736,
              29.8421701
            ],
            [
              113.2308698,
              29.8422446
            ],
            [
              113.2306552,
              29.8423004
            ],
            [
              113.2304406,
              29.8423376
            ],
            [
              113.2302368,
              29.842319
            ],
            [
              113.2300329,
              29.8422539
            ],
            [
              113.2298291,
              29.8421794
            ],
            [
              113.2296359,
              29.842105
            ],
            [
              113.229475,
              29.841984
            ],
            [
              113.229357,
              29.8418351
            ],
            [
              113.2293033,
              29.8416397
            ],
            [
              113.2292604,
              29.8414629
            ],
            [
              113.2292282,
              29.8412581
            ],
            [
              113.2291853,
              29.8408393
            ],
            [
              113.2293463,
              29.8369958
            ],
            [
              113.2293248,
              29.8365397
            ],
            [
              113.2293248,
              29.8361861
            ],
            [
              113.2293033,
              29.8359999
            ],
            [
              113.2292604,
              29.8358138
            ],
            [
              113.2290566,
              29.8353485
            ],
            [
              113.2290244,
              29.8351716
            ],
            [
              113.2290888,
              29.8350041
            ],
            [
              113.2292819,
              29.8349762
            ],
            [
              113.2294857,
              29.8349948
            ],
            [
              113.2296789,
              29.835032
            ],
            [
              113.2297754,
              29.8348738
            ],
            [
              113.2297861,
              29.8341293
            ],
            [
              113.2298076,
              29.8339524
            ],
            [
              113.2298505,
              29.8337756
            ],
            [
              113.2299042,
              29.8335988
            ],
            [
              113.2300007,
              29.8334406
            ],
            [
              113.2301187,
              29.8332916
            ],
            [
              113.2303655,
              29.833152
            ],
            [
              113.2305586,
              29.8330869
            ],
            [
              113.2309556,
              29.8330031
            ],
            [
              113.2311594,
              29.8329473
            ],
            [
              113.2313418,
              29.8328821
            ],
            [
              113.2315028,
              29.8327798
            ],
            [
              113.2315779,
              29.8326122
            ],
            [
              113.2316422,
              29.8322679
            ],
            [
              113.2319319,
              29.8281447
            ],
            [
              113.2320928,
              29.828033
            ],
            [
              113.2325113,
              29.827456
            ],
            [
              113.2328546,
              29.8270278
            ],
            [
              113.2351613,
              29.8251011
            ],
            [
              113.2354939,
              29.8249522
            ],
            [
              113.2356977,
              29.8248964
            ],
            [
              113.2360947,
              29.8248033
            ],
            [
              113.2364058,
              29.8247661
            ],
            [
              113.2368135,
              29.8247661
            ],
            [
              113.2370174,
              29.8248033
            ],
            [
              113.2372212,
              29.8248312
            ],
            [
              113.2374251,
              29.8248871
            ],
            [
              113.2445705,
              29.8261715
            ],
            [
              113.2447743,
              29.8261994
            ],
            [
              113.2449674,
              29.826246
            ],
            [
              113.2453859,
              29.8263018
            ],
            [
              113.245579,
              29.8263204
            ],
            [
              113.2457828,
              29.8263298
            ],
            [
              113.245976,
              29.8263298
            ],
            [
              113.2463837,
              29.8262832
            ],
            [
              113.2465768,
              29.8262553
            ],
            [
              113.2467806,
              29.8261994
            ],
            [
              113.2469845,
              29.8261343
            ],
            [
              113.2473814,
              29.8260505
            ],
            [
              113.2474887,
              29.8258923
            ],
            [
              113.2475531,
              29.8257248
            ],
            [
              113.2438195,
              29.8134006
            ],
            [
              113.2436907,
              29.8129537
            ],
            [
              113.2436582,
              29.8128591
            ],
            [
              113.2436156,
              29.8126652
            ],
            [
              113.2436033,
              29.8124883
            ],
            [
              113.2436156,
              29.8123114
            ],
            [
              113.2438517,
              29.810552
            ],
            [
              113.2439911,
              29.8104217
            ],
            [
              113.2442701,
              29.8102169
            ],
            [
              113.2444096,
              29.8100866
            ],
            [
              113.244549,
              29.8099004
            ],
            [
              113.2446241,
              29.8097235
            ],
            [
              113.2446778,
              29.809528
            ],
            [
              113.2446885,
              29.8093511
            ],
            [
              113.2446885,
              29.8091743
            ],
            [
              113.2445812,
              29.8086157
            ],
            [
              113.2444096,
              29.8080664
            ],
            [
              113.2442808,
              29.8077127
            ],
            [
              113.2440019,
              29.8070331
            ],
            [
              113.2438195,
              29.8065676
            ],
            [
              113.2437336,
              29.8062325
            ],
            [
              113.2440877,
              29.8049012
            ],
            [
              113.2442594,
              29.8046638
            ],
            [
              113.24449,
              29.8044637
            ],
            [
              113.2445705,
              29.8044078
            ],
            [
              113.244769,
              29.804338
            ],
            [
              113.2463783,
              29.8044171
            ],
            [
              113.2467645,
              29.804445
            ],
            [
              113.2471937,
              29.8044683
            ],
            [
              113.2474351,
              29.8044962
            ],
            [
              113.2475907,
              29.8045242
            ],
            [
              113.2501012,
              29.8053574
            ],
            [
              113.250348,
              29.805497
            ],
            [
              113.2504821,
              29.8055994
            ],
            [
              113.250584,
              29.8057391
            ],
            [
              113.2506001,
              29.8058275
            ],
            [
              113.2505518,
              29.8059066
            ],
            [
              113.2505304,
              29.8059997
            ],
            [
              113.2505786,
              29.8061254
            ],
            [
              113.2565331,
              29.8085133
            ],
            [
              113.2568282,
              29.808611
            ],
            [
              113.2569301,
              29.8086203
            ],
            [
              113.257311,
              29.8086157
            ],
            [
              113.2574987,
              29.8085878
            ],
            [
              113.2613772,
              29.8075312
            ],
            [
              113.2617044,
              29.8073822
            ],
            [
              113.2618868,
              29.8072798
            ],
            [
              113.2621443,
              29.8070843
            ],
            [
              113.2622141,
              29.8070098
            ],
            [
              113.2698423,
              29.8005349
            ],
            [
              113.270148,
              29.8003533
            ],
            [
              113.2702982,
              29.8003021
            ],
            [
              113.2704914,
              29.8003068
            ],
            [
              113.2747668,
              29.8017126
            ],
            [
              113.2750726,
              29.8017778
            ],
            [
              113.2751799,
              29.8017824
            ],
            [
              113.2755607,
              29.8017778
            ],
            [
              113.2758665,
              29.8017173
            ],
            [
              113.2759631,
              29.8016754
            ],
            [
              113.2760435,
              29.8016148
            ],
            [
              113.2786238,
              29.7994316
            ],
            [
              113.2787579,
              29.7993618
            ],
            [
              113.2791603,
              29.799171
            ],
            [
              113.2793856,
              29.7991058
            ],
            [
              113.2794928,
              29.7990825
            ],
            [
              113.2797825,
              29.7990546
            ],
            [
              113.2800239,
              29.7990453
            ],
            [
              113.2805926,
              29.7990453
            ],
            [
              113.2808125,
              29.7990546
            ],
            [
              113.2810378,
              29.7990732
            ],
            [
              113.2815045,
              29.7991244
            ],
            [
              113.2816118,
              29.7991197
            ],
            [
              113.2816976,
              29.7990639
            ],
            [
              113.2817137,
              29.7989754
            ],
            [
              113.2817137,
              29.798887
            ],
            [
              113.2816923,
              29.7987101
            ],
            [
              113.2816708,
              29.7986217
            ],
            [
              113.2813758,
              29.7964756
            ],
            [
              113.2813328,
              29.7963779
            ],
            [
              113.2812846,
              29.7962941
            ],
            [
              113.2811505,
              29.7961218
            ],
            [
              113.2810861,
              29.7960566
            ],
            [
              113.2771808,
              29.7930214
            ],
            [
              113.2706845,
              29.7880586
            ],
            [
              113.2651752,
              29.7837893
            ],
            [
              113.2675517,
              29.7817873
            ],
            [
              113.2675785,
              29.7816337
            ],
            [
              113.2675302,
              29.7815545
            ],
            [
              113.263995,
              29.7787237
            ],
            [
              113.2639039,
              29.7786818
            ],
            [
              113.2638019,
              29.7786632
            ],
            [
              113.2637,
              29.7786818
            ],
            [
              113.2619244,
              29.7798644
            ],
            [
              113.2618332,
              29.7799063
            ],
            [
              113.2617313,
              29.7799063
            ],
            [
              113.261624,
              29.779897
            ],
            [
              113.2595855,
              29.7784164
            ],
            [
              113.2595372,
              29.7783326
            ],
            [
              113.2595533,
              29.7782441
            ],
            [
              113.2614148,
              29.7771266
            ],
            [
              113.2614577,
              29.7769963
            ],
            [
              113.2614577,
              29.7769032
            ],
            [
              113.2614309,
              29.77681
            ],
            [
              113.2613933,
              29.7767262
            ],
            [
              113.2596177,
              29.7751757
            ],
            [
              113.2594728,
              29.7751198
            ],
            [
              113.2593709,
              29.7751105
            ],
            [
              113.259269,
              29.7751105
            ],
            [
              113.2591671,
              29.7751338
            ],
            [
              113.2575738,
              29.7763211
            ],
            [
              113.2573646,
              29.7764282
            ],
            [
              113.2572734,
              29.7764655
            ],
            [
              113.2571715,
              29.7764748
            ],
            [
              113.2570696,
              29.7764655
            ],
            [
              113.2559752,
              29.7756646
            ],
            [
              113.2558733,
              29.7756274
            ],
            [
              113.2557821,
              29.7755808
            ],
            [
              113.2557124,
              29.7755203
            ],
            [
              113.2556963,
              29.7754318
            ],
            [
              113.255707,
              29.7753433
            ],
            [
              113.2557338,
              29.7752362
            ],
            [
              113.2557338,
              29.7751478
            ],
            [
              113.2557017,
              29.7750547
            ],
            [
              113.2556587,
              29.7749755
            ],
            [
              113.2555729,
              29.7749196
            ],
            [
              113.2554603,
              29.7749057
            ],
            [
              113.2552028,
              29.7750127
            ],
            [
              113.2551008,
              29.7750407
            ],
            [
              113.2549024,
              29.7750733
            ],
            [
              113.2548004,
              29.7750826
            ],
            [
              113.2547039,
              29.7750686
            ],
            [
              113.2546073,
              29.775036
            ],
            [
              113.2545161,
              29.7749895
            ],
            [
              113.2544303,
              29.7749336
            ],
            [
              113.2543337,
              29.7748917
            ],
            [
              113.2542318,
              29.7748591
            ],
            [
              113.2541299,
              29.7748358
            ],
            [
              113.2537168,
              29.7748405
            ],
            [
              113.2536149,
              29.7748498
            ],
            [
              113.2535183,
              29.7748684
            ],
            [
              113.2534164,
              29.7748684
            ],
            [
              113.2533145,
              29.7748544
            ],
            [
              113.2532179,
              29.7748172
            ],
            [
              113.2531375,
              29.7747101
            ],
            [
              113.2531375,
              29.774617
            ],
            [
              113.2531053,
              29.7745192
            ],
            [
              113.2530087,
              29.7744913
            ],
            [
              113.2529068,
              29.7744959
            ],
            [
              113.252821,
              29.7745378
            ],
            [
              113.252762,
              29.7746123
            ],
            [
              113.2524884,
              29.7745844
            ],
            [
              113.2522845,
              29.7745564
            ],
            [
              113.2521772,
              29.7745518
            ],
            [
              113.2519841,
              29.7745332
            ],
            [
              113.2518607,
              29.7745006
            ],
            [
              113.2517695,
              29.7744633
            ],
            [
              113.2516783,
              29.7744121
            ],
            [
              113.2515979,
              29.7743516
            ],
            [
              113.2514369,
              29.7741886
            ],
            [
              113.2513457,
              29.774142
            ],
            [
              113.2512385,
              29.7741234
            ],
            [
              113.2511043,
              29.7741141
            ],
            [
              113.2509059,
              29.7741141
            ],
            [
              113.2504016,
              29.7741281
            ],
            [
              113.2484436,
              29.7738207
            ],
            [
              113.2482558,
              29.7737975
            ],
            [
              113.2479608,
              29.7737742
            ],
            [
              113.2478374,
              29.7737742
            ],
            [
              113.2475263,
              29.7737928
            ],
            [
              113.247242,
              29.7738301
            ],
            [
              113.24714,
              29.773858
            ],
            [
              113.2470381,
              29.7738952
            ],
            [
              113.2469523,
              29.7739418
            ],
            [
              113.2468718,
              29.7739977
            ],
            [
              113.2467753,
              29.7740396
            ],
            [
              113.2466733,
              29.7740163
            ],
            [
              113.2465821,
              29.7739697
            ],
            [
              113.2467431,
              29.7733784
            ],
            [
              113.2467163,
              29.7732341
            ],
            [
              113.2466626,
              29.7731596
            ],
            [
              113.2465768,
              29.7731176
            ],
            [
              113.2464319,
              29.7731223
            ],
            [
              113.2461744,
              29.7732015
            ],
            [
              113.2460779,
              29.7732201
            ],
            [
              113.2459384,
              29.7731642
            ],
            [
              113.2453751,
              29.7728895
            ],
            [
              113.2451606,
              29.7728616
            ],
            [
              113.2449567,
              29.7728243
            ],
            [
              113.2447636,
              29.7728057
            ],
            [
              113.2443666,
              29.7728057
            ],
            [
              113.2442379,
              29.7729454
            ],
            [
              113.2443452,
              29.7731037
            ],
            [
              113.2445812,
              29.773411
            ],
            [
              113.2446885,
              29.7735693
            ],
            [
              113.244667,
              29.7737369
            ],
            [
              113.2437014,
              29.7730571
            ],
            [
              113.2433689,
              29.7727871
            ],
            [
              113.2431972,
              29.7726846
            ],
            [
              113.2429933,
              29.7726287
            ],
            [
              113.2428002,
              29.7726101
            ],
            [
              113.2425964,
              29.7726474
            ],
            [
              113.242414,
              29.7727126
            ],
            [
              113.2422316,
              29.7728057
            ],
            [
              113.2420921,
              29.7729267
            ],
            [
              113.2419312,
              29.7731037
            ],
            [
              113.2417381,
              29.7731316
            ],
            [
              113.2415235,
              29.7730851
            ],
            [
              113.2413518,
              29.7730012
            ],
            [
              113.2412338,
              29.7728522
            ],
            [
              113.241148,
              29.7726753
            ],
            [
              113.2410729,
              29.7724797
            ],
            [
              113.2409871,
              29.7721072
            ],
            [
              113.2444203,
              29.7533869
            ],
            [
              113.2446349,
              29.7527256
            ],
            [
              113.2447314,
              29.7525579
            ],
            [
              113.2451177,
              29.7521015
            ],
            [
              113.2452464,
              29.7519152
            ],
            [
              113.245343,
              29.7517476
            ],
            [
              113.2454073,
              29.7515706
            ],
            [
              113.2454395,
              29.7513005
            ],
            [
              113.2454181,
              29.7509465
            ],
            [
              113.2453966,
              29.7507602
            ],
            [
              113.2452679,
              29.7500709
            ],
            [
              113.2452464,
              29.7498846
            ],
            [
              113.2452357,
              29.7497077
            ],
            [
              113.2452357,
              29.7493444
            ],
            [
              113.2452464,
              29.7491301
            ],
            [
              113.2452786,
              29.7489532
            ],
            [
              113.2453644,
              29.7485899
            ],
            [
              113.2464588,
              29.7431219
            ],
            [
              113.2470488,
              29.7390323
            ],
            [
              113.2470596,
              29.738846
            ],
            [
              113.2475424,
              29.7357671
            ],
            [
              113.2475907,
              29.7356879
            ],
            [
              113.247714,
              29.7356134
            ],
            [
              113.2485723,
              29.735632
            ],
            [
              113.2486743,
              29.7355994
            ],
            [
              113.2487494,
              29.7355249
            ],
            [
              113.2487816,
              29.7354364
            ],
            [
              113.2491517,
              29.7332704
            ],
            [
              113.2491893,
              29.7331819
            ],
            [
              113.2492375,
              29.7330934
            ],
            [
              113.2493234,
              29.7330328
            ],
            [
              113.2495272,
              29.7329583
            ],
            [
              113.2496291,
              29.7329396
            ],
            [
              113.2502139,
              29.7329536
            ],
            [
              113.2503158,
              29.7329629
            ],
            [
              113.2504123,
              29.732921
            ],
            [
              113.2507288,
              29.7313186
            ],
            [
              113.2506859,
              29.7310111
            ],
            [
              113.2505464,
              29.7308341
            ],
            [
              113.2493019,
              29.730508
            ],
            [
              113.2490122,
              29.7301726
            ],
            [
              113.2501602,
              29.7222346
            ],
            [
              113.2505035,
              29.721396
            ],
            [
              113.2518768,
              29.7199239
            ],
            [
              113.2522201,
              29.7195698
            ],
            [
              113.252542,
              29.7192157
            ],
            [
              113.2557606,
              29.7162527
            ],
            [
              113.274064,
              29.7046233
            ],
            [
              113.2803082,
              29.700644
            ],
            [
              113.2806086,
              29.7005135
            ],
            [
              113.2808554,
              29.7005415
            ],
            [
              113.2911443,
              29.7120782
            ],
            [
              113.2914018,
              29.7124323
            ],
            [
              113.2920885,
              29.7142773
            ],
            [
              113.2982576,
              29.7307316
            ],
            [
              113.2986975,
              29.7316447
            ],
            [
              113.2988155,
              29.7318496
            ],
            [
              113.2989228,
              29.7320546
            ],
            [
              113.2990193,
              29.7322595
            ],
            [
              113.2992124,
              29.7324831
            ],
            [
              113.2993841,
              29.7326415
            ],
            [
              113.2995129,
              29.7328278
            ],
            [
              113.3010042,
              29.7377654
            ],
            [
              113.30109,
              29.7379797
            ],
            [
              113.301208,
              29.738166
            ],
            [
              113.3042014,
              29.7435225
            ],
            [
              113.3045554,
              29.7438764
            ],
            [
              113.3047485,
              29.7440534
            ],
            [
              113.3049524,
              29.7441932
            ],
            [
              113.3051884,
              29.7442956
            ],
            [
              113.3054995,
              29.7442863
            ],
            [
              113.3057678,
              29.7442304
            ],
            [
              113.3060145,
              29.7441559
            ],
            [
              113.3063042,
              29.7440255
            ],
            [
              113.3065188,
              29.7439044
            ],
            [
              113.3067548,
              29.7437926
            ],
            [
              113.3118939,
              29.7410911
            ],
            [
              113.3167326,
              29.7372251
            ],
            [
              113.3205521,
              29.7344582
            ],
            [
              113.3206165,
              29.7342439
            ],
            [
              113.3206379,
              29.7339551
            ],
            [
              113.3205306,
              29.7337502
            ],
            [
              113.3181596,
              29.7304615
            ],
            [
              113.3180416,
              29.7302565
            ],
            [
              113.317945,
              29.7300515
            ],
            [
              113.3178699,
              29.7298372
            ],
            [
              113.3178699,
              29.7296136
            ],
            [
              113.3179235,
              29.7293994
            ],
            [
              113.3180094,
              29.7291944
            ],
            [
              113.3201551,
              29.7272658
            ],
            [
              113.320359,
              29.7271168
            ],
            [
              113.3203912,
              29.7269025
            ],
            [
              113.3202839,
              29.7267068
            ],
            [
              113.3168936,
              29.7244521
            ],
            [
              113.3122051,
              29.7214333
            ],
            [
              113.3119798,
              29.7213494
            ],
            [
              113.311733,
              29.7213308
            ],
            [
              113.3095336,
              29.7219644
            ],
            [
              113.309319,
              29.7220762
            ],
            [
              113.3091044,
              29.7221787
            ],
            [
              113.3089113,
              29.7223184
            ],
            [
              113.3085787,
              29.7226259
            ],
            [
              113.3081818,
              29.7228868
            ],
            [
              113.3079564,
              29.7229986
            ],
            [
              113.3077311,
              29.7230825
            ],
            [
              113.3074844,
              29.7231197
            ],
            [
              113.3067548,
              29.7231197
            ],
            [
              113.3027422,
              29.7228682
            ],
            [
              113.3026242,
              29.7225327
            ],
            [
              113.3003926,
              29.7167372
            ],
            [
              113.3005214,
              29.7163086
            ],
            [
              113.302753,
              29.7154513
            ],
            [
              113.3115184,
              29.711547
            ],
            [
              113.3117652,
              29.7115098
            ],
            [
              113.3135569,
              29.7111463
            ],
            [
              113.3138144,
              29.711165
            ],
            [
              113.3140719,
              29.7112022
            ],
            [
              113.314501,
              29.7113047
            ],
            [
              113.3147478,
              29.7113886
            ],
            [
              113.3149946,
              29.7115284
            ],
            [
              113.3151662,
              29.7116775
            ],
            [
              113.3220756,
              29.7168677
            ],
            [
              113.3273649,
              29.7207997
            ],
            [
              113.3275902,
              29.7209767
            ],
            [
              113.3277833,
              29.7211631
            ],
            [
              113.3279657,
              29.7213588
            ],
            [
              113.3283842,
              29.7218898
            ],
            [
              113.3307016,
              29.7250111
            ],
            [
              113.3359802,
              29.7311695
            ],
            [
              113.3417523,
              29.7371878
            ],
            [
              113.3419239,
              29.7374114
            ],
            [
              113.3419883,
              29.7376257
            ],
            [
              113.3419025,
              29.7381846
            ],
            [
              113.3419347,
              29.7383989
            ],
            [
              113.3437264,
              29.7402527
            ],
            [
              113.3439088,
              29.7404018
            ],
            [
              113.3441448,
              29.7404949
            ],
            [
              113.3444023,
              29.7404483
            ],
            [
              113.3446491,
              29.7404483
            ],
            [
              113.3448851,
              29.7405135
            ],
            [
              113.3451104,
              29.7406253
            ],
            [
              113.3452821,
              29.7407837
            ],
            [
              113.3481574,
              29.7432337
            ],
            [
              113.351891,
              29.74682
            ],
            [
              113.3543587,
              29.750043
            ],
            [
              113.354584,
              29.7502852
            ],
            [
              113.3549487,
              29.7507137
            ],
            [
              113.3550668,
              29.7509093
            ],
            [
              113.3553028,
              29.7508441
            ],
            [
              113.3555174,
              29.7507323
            ],
            [
              113.3556783,
              29.7508999
            ],
            [
              113.3559036,
              29.7513191
            ],
            [
              113.3560216,
              29.7515147
            ],
            [
              113.3560967,
              29.7517942
            ],
            [
              113.3561289,
              29.7520177
            ],
            [
              113.3561289,
              29.7523065
            ],
            [
              113.3561075,
              29.7525207
            ],
            [
              113.3560216,
              29.7529492
            ],
            [
              113.3560645,
              29.7547096
            ],
            [
              113.3562255,
              29.7553523
            ],
            [
              113.3563757,
              29.7557807
            ],
            [
              113.356483,
              29.7559763
            ],
            [
              113.3565473,
              29.7566097
            ],
            [
              113.3565473,
              29.7570288
            ],
            [
              113.3565044,
              29.757243
            ],
            [
              113.3563328,
              29.7578112
            ],
            [
              113.3562255,
              29.758221
            ],
            [
              113.356204,
              29.7584259
            ],
            [
              113.3561826,
              29.758873
            ],
            [
              113.3561826,
              29.7590872
            ],
            [
              113.3561504,
              29.7593014
            ],
            [
              113.3560753,
              29.7595157
            ],
            [
              113.355968,
              29.7597019
            ],
            [
              113.3557641,
              29.7601024
            ],
            [
              113.3556998,
              29.7603166
            ],
            [
              113.3556569,
              29.7606054
            ],
            [
              113.3556569,
              29.7608103
            ],
            [
              113.3557105,
              29.7610245
            ],
            [
              113.3557963,
              29.7612294
            ],
            [
              113.355968,
              29.7615181
            ],
            [
              113.3559787,
              29.7617323
            ],
            [
              113.3558607,
              29.7619279
            ],
            [
              113.3556783,
              29.7620769
            ],
            [
              113.3553028,
              29.7622539
            ],
            [
              113.3550882,
              29.7623657
            ],
            [
              113.3549058,
              29.7625054
            ],
            [
              113.3547771,
              29.7626916
            ],
            [
              113.3547664,
              29.7628965
            ],
            [
              113.3548093,
              29.7631014
            ],
            [
              113.3616865,
              29.7703844
            ],
            [
              113.3617723,
              29.7705799
            ],
            [
              113.3618367,
              29.7707941
            ],
            [
              113.3618367,
              29.7710083
            ],
            [
              113.3580279,
              29.7740163
            ],
            [
              113.3579206,
              29.7742119
            ],
            [
              113.3578884,
              29.7744261
            ],
            [
              113.3606458,
              29.7771639
            ],
            [
              113.3600664,
              29.7777319
            ],
            [
              113.3619118,
              29.7797434
            ],
            [
              113.3654952,
              29.7829187
            ],
            [
              113.3661604,
              29.7825183
            ],
            [
              113.366375,
              29.7826393
            ],
            [
              113.3700764,
              29.7860194
            ],
            [
              113.3770072,
              29.7926676
            ],
            [
              113.3766317,
              29.7929935
            ],
            [
              113.3764171,
              29.7933193
            ],
            [
              113.3807194,
              29.7970342
            ],
            [
              113.3812666,
              29.7965408
            ],
            [
              113.3815241,
              29.7966246
            ],
            [
              113.3910084,
              29.804743
            ],
            [
              113.3902466,
              29.805646
            ],
            [
              113.3934975,
              29.8083457
            ],
            [
              113.3940875,
              29.8078244
            ],
            [
              113.4034109,
              29.8158581
            ],
            [
              113.4036362,
              29.8159512
            ],
            [
              113.4038722,
              29.816007
            ],
            [
              113.404119,
              29.816007
            ],
            [
              113.4043765,
              29.8159791
            ],
            [
              113.4046233,
              29.8159139
            ],
            [
              113.40487,
              29.8158581
            ],
            [
              113.4051168,
              29.815765
            ],
            [
              113.4097516,
              29.8128513
            ],
            [
              113.4117579,
              29.8150203
            ],
            [
              113.408829,
              29.8167145
            ],
            [
              113.4083354,
              29.8164166
            ],
            [
              113.4068227,
              29.8170217
            ],
            [
              113.4066403,
              29.8171892
            ],
            [
              113.4062755,
              29.8174964
            ],
            [
              113.4061038,
              29.8176546
            ],
            [
              113.4059536,
              29.8178315
            ],
            [
              113.4058249,
              29.8180084
            ],
            [
              113.4058142,
              29.8182131
            ],
            [
              113.4059107,
              29.8186972
            ],
            [
              113.4060824,
              29.8191998
            ],
            [
              113.4061789,
              29.8195815
            ],
            [
              113.4061682,
              29.8198049
            ],
            [
              113.4060717,
              29.8200096
            ],
            [
              113.4059322,
              29.8201772
            ],
            [
              113.4013939,
              29.8216293
            ],
            [
              113.4012008,
              29.8217596
            ],
            [
              113.4010076,
              29.8219085
            ],
            [
              113.4008038,
              29.822225
            ],
            [
              113.4007394,
              29.8224391
            ],
            [
              113.3999938,
              29.8307787
            ],
            [
              113.3999616,
              29.8308811
            ],
            [
              113.3998758,
              29.8310254
            ],
            [
              113.3997953,
              29.8311045
            ],
            [
              113.3996451,
              29.8311975
            ],
            [
              113.3995485,
              29.8312673
            ],
            [
              113.3994198,
              29.8313744
            ],
            [
              113.3993393,
              29.8314581
            ],
            [
              113.3992213,
              29.8316024
            ],
            [
              113.3991837,
              29.8317048
            ],
            [
              113.3991891,
              29.8318118
            ],
            [
              113.3992588,
              29.8319281
            ],
            [
              113.3993554,
              29.8320073
            ],
            [
              113.3995163,
              29.8321189
            ],
            [
              113.4017774,
              29.8328449
            ],
            [
              113.401992,
              29.8328961
            ],
            [
              113.40211,
              29.8329426
            ],
            [
              113.402161,
              29.8329705
            ],
            [
              113.402743,
              29.8334149
            ],
            [
              113.402853,
              29.8335499
            ],
            [
              113.402963,
              29.8336895
            ],
            [
              113.4032553,
              29.8343503
            ],
            [
              113.4026974,
              29.8343945
            ],
            [
              113.4026143,
              29.8348622
            ],
            [
              113.4024748,
              29.8348552
            ],
            [
              113.4024131,
              29.8352903
            ],
            [
              113.4021369,
              29.8352717
            ],
            [
              113.4020886,
              29.8355904
            ],
            [
              113.4020886,
              29.835644
            ],
            [
              113.4020483,
              29.8356858
            ],
            [
              113.4018633,
              29.8356789
            ],
            [
              113.4016219,
              29.8356858
            ],
            [
              113.4015039,
              29.8357161
            ],
            [
              113.4014475,
              29.8357393
            ],
            [
              113.4013885,
              29.8357556
            ],
            [
              113.4012061,
              29.8357859
            ],
            [
              113.4011444,
              29.8357859
            ],
            [
              113.4009594,
              29.8357696
            ],
            [
              113.400836,
              29.8357487
            ],
            [
              113.4006456,
              29.8357021
            ],
            [
              113.3996129,
              29.8352833
            ],
            [
              113.3993661,
              29.8352368
            ],
            [
              113.3991301,
              29.8352182
            ],
            [
              113.3986366,
              29.8351623
            ],
            [
              113.3983254,
              29.835153
            ],
            [
              113.3980787,
              29.835153
            ],
            [
              113.3978426,
              29.8351623
            ],
            [
              113.3973491,
              29.8352182
            ],
            [
              113.3971131,
              29.8352647
            ],
            [
              113.396877,
              29.8353485
            ],
            [
              113.3966732,
              29.8354695
            ],
            [
              113.3938515,
              29.8394341
            ],
            [
              113.3906972,
              29.8440779
            ],
            [
              113.3906329,
              29.8442826
            ],
            [
              113.3959865,
              29.85343
            ],
            [
              113.3961475,
              29.8536068
            ],
            [
              113.3961582,
              29.8538208
            ],
            [
              113.3960295,
              29.8540069
            ],
            [
              113.3958685,
              29.8541744
            ],
            [
              113.3957505,
              29.8543605
            ],
            [
              113.3957612,
              29.8545745
            ],
            [
              113.3966195,
              29.8557935
            ],
            [
              113.3988404,
              29.8577754
            ],
            [
              113.3990657,
              29.8578777
            ],
            [
              113.3993018,
              29.8579708
            ],
            [
              113.400042,
              29.8581383
            ],
            [
              113.4002995,
              29.8581662
            ],
            [
              113.4005463,
              29.8581662
            ],
            [
              113.4007931,
              29.8581197
            ],
            [
              113.4010506,
              29.8581011
            ],
            [
              113.401308,
              29.8581104
            ],
            [
              113.4048164,
              29.857673
            ],
            [
              113.405664,
              29.857459
            ],
            [
              113.4085661,
              29.8559051
            ],
            [
              113.4090006,
              29.8556167
            ],
            [
              113.409183,
              29.8554631
            ],
            [
              113.4093976,
              29.8552491
            ],
            [
              113.4094459,
              29.8551468
            ],
            [
              113.4095102,
              29.8548769
            ],
            [
              113.4096014,
              29.8546722
            ],
            [
              113.4096551,
              29.8545745
            ],
            [
              113.409698,
              29.8544722
            ],
            [
              113.4104329,
              29.8532578
            ],
            [
              113.4105509,
              29.8530438
            ],
            [
              113.4106743,
              29.8528438
            ],
            [
              113.4107548,
              29.8527461
            ],
            [
              113.4108353,
              29.8526577
            ],
            [
              113.4109318,
              29.8525739
            ],
            [
              113.4110337,
              29.8525088
            ],
            [
              113.4111464,
              29.8524483
            ],
            [
              113.4113932,
              29.8523506
            ],
            [
              113.4115004,
              29.8522808
            ],
            [
              113.4115541,
              29.8521784
            ],
            [
              113.4115916,
              29.8520668
            ],
            [
              113.4116507,
              29.8519644
            ],
            [
              113.4117365,
              29.8518807
            ],
            [
              113.4118384,
              29.8518109
            ],
            [
              113.4123266,
              29.8515782
            ],
            [
              113.4124607,
              29.8514852
            ],
            [
              113.4124768,
              29.8513782
            ],
            [
              113.4124017,
              29.8512851
            ],
            [
              113.41223,
              29.851113
            ],
            [
              113.4122193,
              29.8510013
            ],
            [
              113.4124124,
              29.850978
            ],
            [
              113.4125358,
              29.850978
            ],
            [
              113.4127289,
              29.8509967
            ],
            [
              113.4128469,
              29.8510339
            ],
            [
              113.4165108,
              29.8531694
            ],
            [
              113.4166127,
              29.8532439
            ],
            [
              113.4167415,
              29.8532625
            ],
            [
              113.4169507,
              29.8532764
            ],
            [
              113.4172082,
              29.8532764
            ],
            [
              113.4175783,
              29.8532671
            ],
            [
              113.4177124,
              29.8532578
            ],
            [
              113.4180611,
              29.8532206
            ],
            [
              113.4184635,
              29.8531648
            ],
            [
              113.4186673,
              29.8531601
            ],
            [
              113.4187853,
              29.8532067
            ],
            [
              113.4189409,
              29.8532904
            ],
            [
              113.4190428,
              29.8533602
            ],
            [
              113.4191287,
              29.8534486
            ],
            [
              113.4191501,
              29.8535556
            ],
            [
              113.4190804,
              29.853658
            ],
            [
              113.4188765,
              29.8538022
            ],
            [
              113.4187639,
              29.8539325
            ],
            [
              113.418721,
              29.8540302
            ],
            [
              113.4186995,
              29.8541372
            ],
            [
              113.4187102,
              29.8542395
            ],
            [
              113.418737,
              29.8543419
            ],
            [
              113.4188014,
              29.8544396
            ],
            [
              113.4236401,
              29.8570868
            ],
            [
              113.423844,
              29.8572962
            ],
            [
              113.4239352,
              29.8574869
            ],
            [
              113.4239513,
              29.8575939
            ],
            [
              113.4243643,
              29.8612181
            ],
            [
              113.4243643,
              29.8614274
            ],
            [
              113.4243429,
              29.8617903
            ],
            [
              113.4238601,
              29.8644653
            ],
            [
              113.4238708,
              29.8646793
            ],
            [
              113.423903,
              29.8648235
            ],
            [
              113.4239405,
              29.8649305
            ],
            [
              113.4240746,
              29.8651212
            ],
            [
              113.4241497,
              29.8652049
            ],
            [
              113.4242731,
              29.8653119
            ],
            [
              113.4243697,
              29.8653817
            ],
            [
              113.4244823,
              29.8654282
            ],
            [
              113.424595,
              29.8654841
            ],
            [
              113.4247184,
              29.865512
            ],
            [
              113.4248418,
              29.8655259
            ],
            [
              113.4250992,
              29.8655678
            ],
            [
              113.4252226,
              29.8656004
            ],
            [
              113.4253192,
              29.8656655
            ],
            [
              113.425405,
              29.8657446
            ],
            [
              113.4254748,
              29.865833
            ],
            [
              113.4261614,
              29.8672332
            ],
            [
              113.4263492,
              29.8675216
            ],
            [
              113.4264243,
              29.86761
            ],
            [
              113.4266013,
              29.8677682
            ],
            [
              113.4269017,
              29.8679868
            ],
            [
              113.427009,
              29.8680519
            ],
            [
              113.427363,
              29.8682054
            ],
            [
              113.4274757,
              29.8682613
            ],
            [
              113.4276903,
              29.8683729
            ],
            [
              113.4277922,
              29.8684473
            ],
            [
              113.4278727,
              29.8685357
            ],
            [
              113.4280872,
              29.8688195
            ],
            [
              113.4282482,
              29.8689916
            ],
            [
              113.4283447,
              29.8690707
            ],
            [
              113.4284466,
              29.8691358
            ],
            [
              113.4287363,
              29.8693545
            ],
            [
              113.4290528,
              29.8696661
            ],
            [
              113.429262,
              29.869908
            ],
            [
              113.4294712,
              29.8701871
            ],
            [
              113.4295624,
              29.8702848
            ],
            [
              113.4296322,
              29.8703732
            ],
            [
              113.4296751,
              29.8704755
            ],
            [
              113.4296536,
              29.8717455
            ],
            [
              113.4296751,
              29.8719408
            ],
            [
              113.4297341,
              29.8721548
            ],
            [
              113.4297717,
              29.8722572
            ],
            [
              113.4308392,
              29.8742806
            ],
            [
              113.4309196,
              29.8743876
            ],
            [
              113.4308392,
              29.8745504
            ],
            [
              113.430748,
              29.8746341
            ],
            [
              113.4305549,
              29.8747644
            ],
            [
              113.4304476,
              29.8748155
            ],
            [
              113.4302062,
              29.8749039
            ],
            [
              113.4299701,
              29.8750063
            ],
            [
              113.4298575,
              29.8750621
            ],
            [
              113.4297609,
              29.8751365
            ],
            [
              113.4296805,
              29.8752481
            ],
            [
              113.4296536,
              29.8753505
            ],
            [
              113.4300399,
              29.8837973
            ],
            [
              113.429997,
              29.8840113
            ],
            [
              113.4298468,
              29.8841973
            ],
            [
              113.4296858,
              29.8843741
            ],
            [
              113.428967,
              29.8857415
            ],
            [
              113.4288919,
              29.8859647
            ],
            [
              113.4288382,
              29.8861787
            ],
            [
              113.4288061,
              29.8864019
            ],
            [
              113.4287953,
              29.8866252
            ],
            [
              113.4288597,
              29.8868391
            ],
            [
              113.4316707,
              29.8869229
            ],
            [
              113.4318101,
              29.8870996
            ],
            [
              113.4318852,
              29.8873042
            ],
            [
              113.431896,
              29.8875182
            ],
            [
              113.4316492,
              29.8889135
            ],
            [
              113.4314239,
              29.8890344
            ],
            [
              113.4311664,
              29.8890716
            ],
            [
              113.4294391,
              29.8891367
            ],
            [
              113.4293425,
              29.8893414
            ],
            [
              113.4292781,
              29.8895553
            ],
            [
              113.4292781,
              29.8897692
            ],
            [
              113.4300291,
              29.8909412
            ],
            [
              113.430233,
              29.8910622
            ],
            [
              113.4304583,
              29.8911645
            ],
            [
              113.4308016,
              29.8912854
            ],
            [
              113.4312844,
              29.891397
            ],
            [
              113.4315848,
              29.8913784
            ],
            [
              113.4319711,
              29.890439
            ],
            [
              113.4321642,
              29.8903087
            ],
            [
              113.4324002,
              29.8903738
            ],
            [
              113.4330869,
              29.8909692
            ],
            [
              113.4333014,
              29.8911087
            ],
            [
              113.433516,
              29.8912203
            ],
            [
              113.4337413,
              29.8913133
            ],
            [
              113.4344709,
              29.8914621
            ],
            [
              113.4341168,
              29.8929597
            ],
            [
              113.4343636,
              29.8930527
            ],
            [
              113.4352648,
              29.8931736
            ],
            [
              113.4354687,
              29.8930527
            ],
            [
              113.4355974,
              29.892876
            ],
            [
              113.4358871,
              29.891797
            ],
            [
              113.4361231,
              29.8916761
            ],
            [
              113.4394598,
              29.8910901
            ],
            [
              113.4396851,
              29.8910064
            ],
            [
              113.4399104,
              29.8909133
            ],
            [
              113.4401464,
              29.8908017
            ],
            [
              113.4434938,
              29.8893414
            ],
            [
              113.4437084,
              29.8892297
            ],
            [
              113.4439123,
              29.8890995
            ],
            [
              113.4474313,
              29.8860764
            ],
            [
              113.4475922,
              29.8859275
            ],
            [
              113.4503174,
              29.8840857
            ],
            [
              113.4504998,
              29.8839462
            ],
            [
              113.453418,
              29.881202
            ],
            [
              113.4540295,
              29.8807275
            ],
            [
              113.4548235,
              29.8802903
            ],
            [
              113.4612608,
              29.8777134
            ],
            [
              113.4621191,
              29.8788205
            ],
            [
              113.4588253,
              29.8814996
            ],
            [
              113.4585035,
              29.8818159
            ],
            [
              113.4583425,
              29.8819834
            ],
            [
              113.4582674,
              29.8821787
            ],
            [
              113.4582245,
              29.8823834
            ],
            [
              113.4582245,
              29.8828113
            ],
            [
              113.4582353,
              29.8830252
            ],
            [
              113.4587824,
              29.8854531
            ],
            [
              113.4635246,
              29.8934806
            ],
            [
              113.4637499,
              29.8937689
            ],
            [
              113.4641468,
              29.89442
            ],
            [
              113.4642327,
              29.8946246
            ],
            [
              113.464297,
              29.8948479
            ],
            [
              113.4643507,
              29.8950711
            ],
            [
              113.4645116,
              29.8985869
            ],
            [
              113.4645653,
              29.8989682
            ],
            [
              113.4659386,
              29.9065296
            ],
            [
              113.4660029,
              29.9067993
            ],
            [
              113.4660566,
              29.9070597
            ],
            [
              113.4661209,
              29.9072736
            ],
            [
              113.4662497,
              29.9076084
            ],
            [
              113.4664214,
              29.9078781
            ],
            [
              113.4665608,
              29.9080734
            ],
            [
              113.4667218,
              29.9082408
            ],
            [
              113.4747201,
              29.9134812
            ],
            [
              113.4729767,
              29.9178844
            ],
            [
              113.4729525,
              29.9182169
            ],
            [
              113.4729794,
              29.9185493
            ],
            [
              113.4731483,
              29.9190794
            ],
            [
              113.4726548,
              29.9195118
            ],
            [
              113.4704876,
              29.9185075
            ],
            [
              113.469522,
              29.9185726
            ],
            [
              113.4658527,
              29.9207392
            ],
            [
              113.4658098,
              29.9210089
            ],
            [
              113.4699511,
              29.9248957
            ],
            [
              113.4700692,
              29.9297401
            ],
            [
              113.4701764,
              29.9299447
            ],
            [
              113.4703803,
              29.9300842
            ],
            [
              113.4706271,
              29.9301399
            ],
            [
              113.4711313,
              29.9301213
            ],
            [
              113.4721398,
              29.930047
            ],
            [
              113.4723973,
              29.9300191
            ],
            [
              113.4726548,
              29.9300005
            ],
            [
              113.472923,
              29.9300005
            ],
            [
              113.4731698,
              29.9300191
            ],
            [
              113.4734058,
              29.9300842
            ],
            [
              113.4739101,
              29.9301957
            ],
            [
              113.4741568,
              29.9302236
            ],
            [
              113.4744143,
              29.9302329
            ],
            [
              113.4789258,
              29.9299214
            ],
            [
              113.478929,
              29.9299365
            ],
            [
              113.4790224,
              29.9303677
            ],
            [
              113.4735882,
              29.9307257
            ],
            [
              113.4733844,
              29.932734
            ],
            [
              113.4735346,
              29.932827
            ],
            [
              113.4749937,
              29.9328642
            ],
            [
              113.4753477,
              29.9334779
            ],
            [
              113.475455,
              29.9337196
            ],
            [
              113.4755194,
              29.9339427
            ],
            [
              113.4755194,
              29.9341566
            ],
            [
              113.4694791,
              29.9411295
            ],
            [
              113.4691572,
              29.9414642
            ],
            [
              113.4689104,
              29.9416781
            ],
            [
              113.4656381,
              29.9442998
            ],
            [
              113.4589755,
              29.9492547
            ],
            [
              113.4587717,
              29.9494221
            ],
            [
              113.4585464,
              29.9495522
            ],
            [
              113.4583211,
              29.9496545
            ],
            [
              113.4553009,
              29.9507374
            ],
            [
              113.4486428,
              29.9508733
            ],
            [
              113.4475815,
              29.9508816
            ],
            [
              113.4377029,
              29.9510206
            ],
            [
              113.4358549,
              29.951021
            ],
            [
              113.4355921,
              29.9510535
            ],
            [
              113.4313273,
              29.9525827
            ],
            [
              113.4310806,
              29.9525641
            ],
            [
              113.4308553,
              29.9524991
            ],
            [
              113.4305763,
              29.9523689
            ],
            [
              113.4303725,
              29.9522388
            ],
            [
              113.4302115,
              29.9520808
            ],
            [
              113.4293747,
              29.9503331
            ],
            [
              113.4292352,
              29.9501379
            ],
            [
              113.4290421,
              29.9500077
            ],
            [
              113.4285593,
              29.9500728
            ],
            [
              113.428098,
              29.949264
            ],
            [
              113.4278512,
              29.9492269
            ],
            [
              113.4187209,
              29.9537726
            ],
            [
              113.4185493,
              29.9539399
            ],
            [
              113.4183884,
              29.9541072
            ],
            [
              113.4183025,
              29.9543117
            ],
            [
              113.4182382,
              29.9545348
            ],
            [
              113.4181952,
              29.9547486
            ],
            [
              113.4181309,
              29.9549532
            ],
            [
              113.4180021,
              29.9551391
            ],
            [
              113.4178734,
              29.9553064
            ],
            [
              113.417809,
              29.9555109
            ],
            [
              113.4176373,
              29.9575559
            ],
            [
              113.4176373,
              29.9579928
            ],
            [
              113.417573,
              29.9582066
            ],
            [
              113.4172618,
              29.9585319
            ],
            [
              113.4171224,
              29.9587085
            ],
            [
              113.4171224,
              29.9589223
            ],
            [
              113.4171438,
              29.9591361
            ],
            [
              113.4170794,
              29.9595637
            ],
            [
              113.4169507,
              29.9598797
            ],
            [
              113.4130883,
              29.9617202
            ],
            [
              113.4086895,
              29.9637929
            ],
            [
              113.4059751,
              29.9651778
            ],
            [
              113.4033894,
              29.9658006
            ],
            [
              113.4031641,
              29.9658657
            ],
            [
              113.4029281,
              29.9658935
            ],
            [
              113.4026813,
              29.9658842
            ],
            [
              113.4024346,
              29.9658842
            ],
            [
              113.4021985,
              29.9658564
            ],
            [
              113.401705,
              29.965782
            ],
            [
              113.4005288,
              29.9654715
            ],
            [
              113.3988726,
              29.9649827
            ],
            [
              113.3986795,
              29.9648339
            ],
            [
              113.3988404,
              29.9637186
            ],
            [
              113.3987331,
              29.9634862
            ],
            [
              113.3958793,
              29.9627519
            ],
            [
              113.3956432,
              29.9627984
            ],
            [
              113.3955574,
              29.9634118
            ],
            [
              113.3954501,
              29.9636442
            ],
            [
              113.3952141,
              29.9637743
            ],
            [
              113.3949888,
              29.9637093
            ],
            [
              113.3919096,
              29.9620548
            ],
            [
              113.3917379,
              29.9618875
            ],
            [
              113.3914375,
              29.9615343
            ],
            [
              113.3913624,
              29.9613205
            ],
            [
              113.3913624,
              29.9606048
            ],
            [
              113.3913517,
              29.960391
            ],
            [
              113.3912873,
              29.9601028
            ],
            [
              113.3911478,
              29.9599169
            ],
            [
              113.3878004,
              29.9580393
            ],
            [
              113.3875751,
              29.9579277
            ],
            [
              113.3872425,
              29.9578998
            ],
            [
              113.3870065,
              29.9579277
            ],
            [
              113.3867812,
              29.9580114
            ],
            [
              113.3865774,
              29.9581508
            ],
            [
              113.3864057,
              29.9582902
            ],
            [
              113.3861804,
              29.9583925
            ],
            [
              113.3859551,
              29.9584668
            ],
            [
              113.3857191,
              29.9584761
            ],
            [
              113.3854723,
              29.9584576
            ],
            [
              113.3852255,
              29.9584204
            ],
            [
              113.3850002,
              29.958346
            ],
            [
              113.3847749,
              29.9582531
            ],
            [
              113.3834338,
              29.9575187
            ],
            [
              113.3824709,
              29.9571087
            ],
            [
              113.3822036,
              29.9569876
            ],
            [
              113.3815455,
              29.9566635
            ],
            [
              113.380301,
              29.9559571
            ],
            [
              113.381052,
              29.9541816
            ],
            [
              113.3782518,
              29.9530289
            ],
            [
              113.3780587,
              29.9530382
            ],
            [
              113.3775437,
              29.9540887
            ],
            [
              113.3772325,
              29.9541444
            ],
            [
              113.3768892,
              29.9541258
            ],
            [
              113.3719969,
              29.951523
            ],
            [
              113.3719218,
              29.9513092
            ],
            [
              113.3729195,
              29.9493849
            ],
            [
              113.3729947,
              29.9491711
            ],
            [
              113.3730161,
              29.948948
            ],
            [
              113.3730054,
              29.9487249
            ],
            [
              113.3729732,
              29.948511
            ],
            [
              113.3728552,
              29.9470422
            ],
            [
              113.3727908,
              29.9466053
            ],
            [
              113.3727264,
              29.9464008
            ],
            [
              113.3726191,
              29.9461963
            ],
            [
              113.3725011,
              29.9460103
            ],
            [
              113.3722222,
              29.9456478
            ],
            [
              113.3720934,
              29.9454618
            ],
            [
              113.3720183,
              29.9452015
            ],
            [
              113.3720183,
              29.9449877
            ],
            [
              113.3719647,
              29.9447739
            ],
            [
              113.3706343,
              29.9430819
            ],
            [
              113.3704519,
              29.9429982
            ],
            [
              113.3702481,
              29.9429331
            ],
            [
              113.3700549,
              29.9428867
            ],
            [
              113.3698511,
              29.9428681
            ],
            [
              113.369261,
              29.9428309
            ],
            [
              113.3690679,
              29.9428123
            ],
            [
              113.368864,
              29.9427751
            ],
            [
              113.3686709,
              29.9427193
            ],
            [
              113.3684778,
              29.9426542
            ],
            [
              113.3681023,
              29.9424869
            ],
            [
              113.3679092,
              29.9424125
            ],
            [
              113.3677161,
              29.9423474
            ],
            [
              113.3673191,
              29.9422266
            ],
            [
              113.3669436,
              29.9420964
            ],
            [
              113.3665359,
              29.9419756
            ],
            [
              113.3641541,
              29.9419942
            ],
            [
              113.3639717,
              29.9419849
            ],
            [
              113.3636391,
              29.9419105
            ],
            [
              113.3634782,
              29.9418826
            ],
            [
              113.3633172,
              29.9418268
            ],
            [
              113.3631456,
              29.9417896
            ],
            [
              113.362813,
              29.9417896
            ],
            [
              113.3626413,
              29.9417989
            ],
            [
              113.3624697,
              29.9418361
            ],
            [
              113.3621371,
              29.9418361
            ],
            [
              113.3619761,
              29.9418268
            ],
            [
              113.3618045,
              29.9418082
            ],
            [
              113.3616543,
              29.9417524
            ],
            [
              113.3615148,
              29.9416688
            ],
            [
              113.3613968,
              29.9415572
            ],
            [
              113.3613109,
              29.9414363
            ],
            [
              113.3611929,
              29.9413248
            ],
            [
              113.3609354,
              29.9411295
            ],
            [
              113.3607745,
              29.9410552
            ],
            [
              113.3606136,
              29.9410087
            ],
            [
              113.3604419,
              29.9409808
            ],
            [
              113.3602703,
              29.9409436
            ],
            [
              113.3597553,
              29.9409529
            ],
            [
              113.3594119,
              29.9409901
            ],
            [
              113.3592403,
              29.941018
            ],
            [
              113.3590794,
              29.9410552
            ],
            [
              113.3589184,
              29.9411017
            ],
            [
              113.3587575,
              29.9411574
            ],
            [
              113.3584356,
              29.9412876
            ],
            [
              113.3582747,
              29.9413434
            ],
            [
              113.3579743,
              29.9414735
            ],
            [
              113.3578348,
              29.9415479
            ],
            [
              113.3576953,
              29.9416316
            ],
            [
              113.3574164,
              29.9417803
            ],
            [
              113.3572769,
              29.9418733
            ],
            [
              113.3570409,
              29.9420685
            ],
            [
              113.3569014,
              29.942208
            ],
            [
              113.3567941,
              29.9423195
            ],
            [
              113.3566975,
              29.9424404
            ],
            [
              113.3565903,
              29.9425613
            ],
            [
              113.3564508,
              29.9426449
            ],
            [
              113.3562899,
              29.9427007
            ],
            [
              113.3553135,
              29.9421894
            ],
            [
              113.3551848,
              29.941957
            ],
            [
              113.3551311,
              29.9418175
            ],
            [
              113.3573949,
              29.9397257
            ],
            [
              113.3544445,
              29.9364252
            ],
            [
              113.3542943,
              29.9364624
            ],
            [
              113.3534253,
              29.937513
            ],
            [
              113.353318,
              29.9376338
            ],
            [
              113.3531463,
              29.9378849
            ],
            [
              113.3525884,
              29.938108
            ],
            [
              113.3524489,
              29.9382103
            ],
            [
              113.3513278,
              29.93947
            ],
            [
              113.3509737,
              29.9392468
            ],
            [
              113.3512473,
              29.9380429
            ],
            [
              113.3511293,
              29.9376431
            ],
            [
              113.3479106,
              29.9363229
            ],
            [
              113.3477497,
              29.9362857
            ],
            [
              113.3473956,
              29.9362857
            ],
            [
              113.3472454,
              29.9363322
            ],
            [
              113.3471274,
              29.9364438
            ],
            [
              113.346988,
              29.9365089
            ],
            [
              113.3468056,
              29.9365367
            ],
            [
              113.3466339,
              29.9365367
            ],
            [
              113.3448529,
              29.935263
            ],
            [
              113.344692,
              29.9351979
            ],
            [
              113.3445632,
              29.9351142
            ],
            [
              113.3444452,
              29.9350027
            ],
            [
              113.3444023,
              29.9348446
            ],
            [
              113.344574,
              29.9338963
            ],
            [
              113.3446383,
              29.9337475
            ],
            [
              113.3447349,
              29.933608
            ],
            [
              113.3448851,
              29.933515
            ],
            [
              113.3454752,
              29.9337847
            ],
            [
              113.3456147,
              29.9338777
            ],
            [
              113.3457434,
              29.9339799
            ],
            [
              113.3459043,
              29.9340357
            ],
            [
              113.346076,
              29.9340078
            ],
            [
              113.3470952,
              29.9313208
            ],
            [
              113.3471274,
              29.931172
            ],
            [
              113.3471274,
              29.9310232
            ],
            [
              113.3470416,
              29.9308838
            ],
            [
              113.3459473,
              29.9304747
            ],
            [
              113.3457863,
              29.9304282
            ],
            [
              113.345443,
              29.930391
            ],
            [
              113.3452713,
              29.9303817
            ],
            [
              113.3450997,
              29.930391
            ],
            [
              113.3449387,
              29.9304375
            ],
            [
              113.344574,
              29.9322134
            ],
            [
              113.3445847,
              29.9323621
            ],
            [
              113.3445418,
              29.9325109
            ],
            [
              113.344413,
              29.9326132
            ],
            [
              113.3442736,
              29.9326969
            ],
            [
              113.3441019,
              29.932734
            ],
            [
              113.3439302,
              29.932734
            ],
            [
              113.3437586,
              29.9327154
            ],
            [
              113.3437371,
              29.9315997
            ],
            [
              113.3437371,
              29.9312743
            ],
            [
              113.3432758,
              29.9293496
            ],
            [
              113.3431792,
              29.9290335
            ],
            [
              113.343147,
              29.9288847
            ],
            [
              113.343147,
              29.928364
            ],
            [
              113.3427393,
              29.9270995
            ],
            [
              113.3414733,
              29.9248771
            ],
            [
              113.3413875,
              29.924747
            ],
            [
              113.3413124,
              29.9246075
            ],
            [
              113.3412695,
              29.9244587
            ],
            [
              113.3412802,
              29.9243099
            ],
            [
              113.3413231,
              29.9241519
            ],
            [
              113.3412695,
              29.9235939
            ],
            [
              113.341248,
              29.9234452
            ],
            [
              113.3411407,
              29.9232499
            ],
            [
              113.3410227,
              29.9231383
            ],
            [
              113.3408832,
              29.9230546
            ],
            [
              113.340733,
              29.9229802
            ],
            [
              113.3405721,
              29.9229337
            ],
            [
              113.3404112,
              29.9228966
            ],
            [
              113.3402395,
              29.922878
            ],
            [
              113.3397245,
              29.9228408
            ],
            [
              113.3395529,
              29.9228129
            ],
            [
              113.3393919,
              29.9227757
            ],
            [
              113.3386302,
              29.922506
            ],
            [
              113.3386195,
              29.9223572
            ],
            [
              113.3386195,
              29.9222084
            ],
            [
              113.3386624,
              29.9220597
            ],
            [
              113.3391237,
              29.921604
            ],
            [
              113.3407867,
              29.9219574
            ],
            [
              113.3420098,
              29.9219388
            ],
            [
              113.3421814,
              29.9218551
            ],
            [
              113.3424175,
              29.9217156
            ],
            [
              113.3425569,
              29.9215947
            ],
            [
              113.342675,
              29.9214738
            ],
            [
              113.3434474,
              29.9203301
            ],
            [
              113.3435976,
              29.9199581
            ],
            [
              113.3436191,
              29.9198094
            ],
            [
              113.3440053,
              29.9176427
            ],
            [
              113.3442306,
              29.9153086
            ],
            [
              113.3441877,
              29.9109378
            ],
            [
              113.3443057,
              29.910789
            ],
            [
              113.3444238,
              29.9106774
            ],
            [
              113.3445847,
              29.9105937
            ],
            [
              113.3447671,
              29.9105472
            ],
            [
              113.3469772,
              29.910696
            ],
            [
              113.3471489,
              29.9106774
            ],
            [
              113.3473205,
              29.9106402
            ],
            [
              113.3476531,
              29.9105193
            ],
            [
              113.3478141,
              29.9104449
            ],
            [
              113.347975,
              29.9103891
            ],
            [
              113.3493376,
              29.9099985
            ],
            [
              113.3494985,
              29.9099241
            ],
            [
              113.349638,
              29.9098404
            ],
            [
              113.3497882,
              29.9097474
            ],
            [
              113.3499384,
              29.9096358
            ],
            [
              113.3503997,
              29.9092545
            ],
            [
              113.350743,
              29.9089383
            ],
            [
              113.3511507,
              29.9083989
            ],
            [
              113.3513009,
              29.9081199
            ],
            [
              113.3513975,
              29.9079897
            ],
            [
              113.3516121,
              29.9078316
            ],
            [
              113.3517516,
              29.9077479
            ],
            [
              113.3535433,
              29.907348
            ],
            [
              113.3538008,
              29.9071155
            ],
            [
              113.3539188,
              29.9069946
            ],
            [
              113.3539939,
              29.9068551
            ],
            [
              113.3540153,
              29.9066877
            ],
            [
              113.3533502,
              29.9039906
            ],
            [
              113.3528244,
              29.9023816
            ],
            [
              113.3526313,
              29.9021119
            ],
            [
              113.3525133,
              29.901991
            ],
            [
              113.3522558,
              29.9017864
            ],
            [
              113.3521163,
              29.9016934
            ],
            [
              113.3519661,
              29.9016097
            ],
            [
              113.3516657,
              29.9014608
            ],
            [
              113.3511829,
              29.9012841
            ],
            [
              113.3508718,
              29.9011818
            ],
            [
              113.3505285,
              29.9010888
            ],
            [
              113.3501851,
              29.9010144
            ],
            [
              113.3500242,
              29.9009679
            ],
            [
              113.3498955,
              29.9008656
            ],
            [
              113.3498096,
              29.9007354
            ],
            [
              113.3496594,
              29.900661
            ],
            [
              113.3494985,
              29.9005959
            ],
            [
              113.3484578,
              29.9003913
            ],
            [
              113.3482969,
              29.9003913
            ],
            [
              113.3481252,
              29.9003727
            ],
            [
              113.3479643,
              29.9003634
            ],
            [
              113.34746,
              29.9003076
            ],
            [
              113.3472884,
              29.9002797
            ],
            [
              113.3471274,
              29.9002052
            ],
            [
              113.3469772,
              29.8998704
            ],
            [
              113.3469772,
              29.8997216
            ],
            [
              113.346945,
              29.8995635
            ],
            [
              113.3468807,
              29.899424
            ],
            [
              113.3467948,
              29.8992845
            ],
            [
              113.3466768,
              29.8991636
            ],
            [
              113.3463979,
              29.8988008
            ],
            [
              113.3463335,
              29.898652
            ],
            [
              113.3463335,
              29.8985032
            ],
            [
              113.3464301,
              29.8983823
            ],
            [
              113.3465695,
              29.89828
            ],
            [
              113.3467305,
              29.8982056
            ],
            [
              113.3469021,
              29.8981405
            ],
            [
              113.3471703,
              29.897694
            ],
            [
              113.3471596,
              29.8975452
            ],
            [
              113.3470416,
              29.8974243
            ],
            [
              113.3469129,
              29.897322
            ],
            [
              113.3466017,
              29.8972104
            ],
            [
              113.3464086,
              29.8972011
            ],
            [
              113.3447778,
              29.8975452
            ],
            [
              113.3436513,
              29.8953501
            ],
            [
              113.3436191,
              29.8952013
            ],
            [
              113.3436084,
              29.8950525
            ],
            [
              113.3436406,
              29.8949037
            ],
            [
              113.3438122,
              29.8946339
            ],
            [
              113.343898,
              29.8944851
            ],
            [
              113.3439517,
              29.8943363
            ],
            [
              113.3439302,
              29.8941875
            ],
            [
              113.3438551,
              29.8940479
            ],
            [
              113.3436835,
              29.8937875
            ],
            [
              113.3434582,
              29.8933782
            ],
            [
              113.3434045,
              29.8932201
            ],
            [
              113.3433616,
              29.893062
            ],
            [
              113.3433616,
              29.8929039
            ],
            [
              113.3433831,
              29.892755
            ],
            [
              113.3434582,
              29.8926155
            ],
            [
              113.3438444,
              29.8920946
            ],
            [
              113.3438873,
              29.8919365
            ],
            [
              113.3438873,
              29.8917877
            ],
            [
              113.3438551,
              29.8916389
            ],
            [
              113.3438015,
              29.8914993
            ],
            [
              113.3437157,
              29.8913598
            ],
            [
              113.3436191,
              29.8912389
            ],
            [
              113.3435118,
              29.891118
            ],
            [
              113.3433938,
              29.8910064
            ],
            [
              113.3432972,
              29.8908854
            ],
            [
              113.3432114,
              29.8907552
            ],
            [
              113.3442843,
              29.8907552
            ],
            [
              113.3443808,
              29.8906157
            ],
            [
              113.3436835,
              29.8894623
            ],
            [
              113.3435869,
              29.8893414
            ],
            [
              113.3435011,
              29.8892111
            ],
            [
              113.3434045,
              29.8890902
            ],
            [
              113.3433294,
              29.88896
            ],
            [
              113.3433509,
              29.8843648
            ],
            [
              113.3432972,
              29.8842252
            ],
            [
              113.3431899,
              29.884095
            ],
            [
              113.3430612,
              29.8839834
            ],
            [
              113.3429325,
              29.8838997
            ],
            [
              113.3427715,
              29.8838159
            ],
            [
              113.342675,
              29.8832299
            ],
            [
              113.3425569,
              29.8831183
            ],
            [
              113.3424175,
              29.8830252
            ],
            [
              113.3422673,
              29.8829694
            ],
            [
              113.3420956,
              29.8829415
            ],
            [
              113.3419347,
              29.8829322
            ],
            [
              113.3417523,
              29.8829322
            ],
            [
              113.341527,
              29.8829415
            ],
            [
              113.341248,
              29.8829601
            ],
            [
              113.3410764,
              29.8829787
            ],
            [
              113.3407438,
              29.8830438
            ],
            [
              113.3405185,
              29.8830811
            ],
            [
              113.3403468,
              29.8830997
            ],
            [
              113.3398425,
              29.8832206
            ],
            [
              113.3395958,
              29.8832206
            ],
            [
              113.3394456,
              29.8831555
            ],
            [
              113.3392846,
              29.8829508
            ],
            [
              113.3392203,
              29.8828113
            ],
            [
              113.3391344,
              29.882588
            ],
            [
              113.3390272,
              29.8821229
            ],
            [
              113.3389413,
              29.8819927
            ],
            [
              113.3388126,
              29.8819089
            ],
            [
              113.3384907,
              29.8817973
            ],
            [
              113.3383191,
              29.8817787
            ],
            [
              113.3378041,
              29.8818345
            ],
            [
              113.3372998,
              29.8819182
            ],
            [
              113.3371282,
              29.8819276
            ],
            [
              113.3367848,
              29.8819648
            ],
            [
              113.3366132,
              29.8819741
            ],
            [
              113.3360875,
              29.8820485
            ],
            [
              113.3359158,
              29.8820578
            ],
            [
              113.3357334,
              29.8820578
            ],
            [
              113.3343708,
              29.8807833
            ],
            [
              113.3338773,
              29.8804484
            ],
            [
              113.3335018,
              29.8802252
            ],
            [
              113.3333409,
              29.8801415
            ],
            [
              113.3331692,
              29.8800763
            ],
            [
              113.3328581,
              29.8799461
            ],
            [
              113.3326864,
              29.8799089
            ],
            [
              113.332504,
              29.8798996
            ],
            [
              113.3323431,
              29.8799089
            ],
            [
              113.3321714,
              29.8799275
            ],
            [
              113.3319998,
              29.879974
            ],
            [
              113.3318281,
              29.8800298
            ],
            [
              113.331517,
              29.8801694
            ],
            [
              113.331356,
              29.8802345
            ],
            [
              113.3311951,
              29.8802531
            ],
            [
              113.3310234,
              29.8802531
            ],
            [
              113.3306909,
              29.8801787
            ],
            [
              113.3305406,
              29.8801322
            ],
            [
              113.3303904,
              29.8800577
            ],
            [
              113.3302724,
              29.8799554
            ],
            [
              113.3301866,
              29.8798345
            ],
            [
              113.3300578,
              29.8795554
            ],
            [
              113.3300149,
              29.8794065
            ],
            [
              113.3299827,
              29.8792577
            ],
            [
              113.3299613,
              29.8790996
            ],
            [
              113.3299613,
              29.8786437
            ],
            [
              113.3299935,
              29.8784856
            ],
            [
              113.3300578,
              29.878346
            ],
            [
              113.3302081,
              29.8780669
            ],
            [
              113.3302617,
              29.8779181
            ],
            [
              113.3302617,
              29.8777693
            ],
            [
              113.330251,
              29.8776204
            ],
            [
              113.3301437,
              29.8775088
            ],
            [
              113.3287167,
              29.8769692
            ],
            [
              113.3283842,
              29.8769041
            ],
            [
              113.3282125,
              29.8768855
            ],
            [
              113.3280516,
              29.8768576
            ],
            [
              113.3278692,
              29.876839
            ],
            [
              113.3273542,
              29.8768111
            ],
            [
              113.3271825,
              29.8768111
            ],
            [
              113.3270216,
              29.8768204
            ],
            [
              113.3268499,
              29.876839
            ],
            [
              113.326689,
              29.8768948
            ],
            [
              113.3265495,
              29.8769785
            ],
            [
              113.3264208,
              29.8770808
            ],
            [
              113.3263135,
              29.8771925
            ],
            [
              113.3261204,
              29.8774344
            ],
            [
              113.3260023,
              29.8775367
            ],
            [
              113.3258629,
              29.8776297
            ],
            [
              113.3257019,
              29.8776948
            ],
            [
              113.3255303,
              29.8776855
            ],
            [
              113.3253693,
              29.8776669
            ],
            [
              113.3252084,
              29.8776204
            ],
            [
              113.3250475,
              29.8775925
            ],
            [
              113.3248651,
              29.8775739
            ],
            [
              113.3245218,
              29.8775739
            ],
            [
              113.3243608,
              29.8775832
            ],
            [
              113.3238244,
              29.877639
            ],
            [
              113.3233309,
              29.877732
            ],
            [
              113.3231592,
              29.8777786
            ],
            [
              113.3229983,
              29.8778344
            ],
            [
              113.3228481,
              29.8779088
            ],
            [
              113.3227086,
              29.8779925
            ],
            [
              113.3225798,
              29.8780856
            ],
            [
              113.3224833,
              29.8782065
            ],
            [
              113.3224082,
              29.8783367
            ],
            [
              113.3223438,
              29.878467
            ],
            [
              113.3223331,
              29.8786158
            ],
            [
              113.3223331,
              29.8787647
            ],
            [
              113.3223545,
              29.8789135
            ],
            [
              113.3223975,
              29.8790623
            ],
            [
              113.3224511,
              29.8791926
            ],
            [
              113.3225906,
              29.8794624
            ],
            [
              113.3226871,
              29.8796019
            ],
            [
              113.3228373,
              29.879881
            ],
            [
              113.3229232,
              29.8800112
            ],
            [
              113.3230734,
              29.8802717
            ],
            [
              113.3231377,
              29.8804112
            ],
            [
              113.3231914,
              29.8805601
            ],
            [
              113.3231592,
              29.8807089
            ],
            [
              113.3230948,
              29.8808485
            ],
            [
              113.323009,
              29.8809694
            ],
            [
              113.3229339,
              29.8810903
            ],
            [
              113.3228588,
              29.8812299
            ],
            [
              113.3228373,
              29.8813787
            ],
            [
              113.3228588,
              29.8815275
            ],
            [
              113.3229661,
              29.8816485
            ],
            [
              113.3233416,
              29.8819834
            ],
            [
              113.3234703,
              29.8820857
            ],
            [
              113.3238351,
              29.8824206
            ],
            [
              113.3240819,
              29.8826345
            ],
            [
              113.3243287,
              29.8828671
            ],
            [
              113.3244252,
              29.8829973
            ],
            [
              113.3254552,
              29.8849694
            ],
            [
              113.3254552,
              29.8851183
            ],
            [
              113.3260238,
              29.8863926
            ],
            [
              113.324554,
              29.8872019
            ],
            [
              113.3223331,
              29.8887739
            ],
            [
              113.3222043,
              29.8888577
            ],
            [
              113.3219039,
              29.8889879
            ],
            [
              113.3217537,
              29.8890437
            ],
            [
              113.3214211,
              29.8890623
            ],
            [
              113.3212495,
              29.8890902
            ],
            [
              113.3210456,
              29.889146
            ],
            [
              113.3208847,
              29.8892018
            ],
            [
              113.3207345,
              29.8892669
            ],
            [
              113.3198225,
              29.8908575
            ],
            [
              113.3197904,
              29.8910064
            ],
            [
              113.3197796,
              29.8911645
            ],
            [
              113.3198011,
              29.8914807
            ],
            [
              113.3199298,
              29.8917598
            ],
            [
              113.3200264,
              29.89189
            ],
            [
              113.320198,
              29.8920667
            ],
            [
              113.3203268,
              29.8921784
            ],
            [
              113.320713,
              29.892569
            ],
            [
              113.3208096,
              29.8926899
            ],
            [
              113.3209276,
              29.8928109
            ],
            [
              113.3210242,
              29.8929876
            ],
            [
              113.3210885,
              29.8931271
            ],
            [
              113.3211315,
              29.8932666
            ],
            [
              113.3211529,
              29.8934248
            ],
            [
              113.3211529,
              29.8935829
            ],
            [
              113.3211207,
              29.8939177
            ],
            [
              113.3211207,
              29.8942154
            ],
            [
              113.3211315,
              29.8943642
            ],
            [
              113.3211744,
              29.894606
            ],
            [
              113.3213031,
              29.8950525
            ],
            [
              113.3213568,
              29.8951827
            ],
            [
              113.3214533,
              29.8954803
            ],
            [
              113.3215606,
              29.8957687
            ],
            [
              113.3216464,
              29.8959082
            ],
            [
              113.3217215,
              29.8960477
            ],
            [
              113.3218074,
              29.8961779
            ],
            [
              113.321861,
              29.8963174
            ],
            [
              113.3219039,
              29.8964663
            ],
            [
              113.3220327,
              29.8964942
            ],
            [
              113.3220327,
              29.896643
            ],
            [
              113.3220541,
              29.8967825
            ],
            [
              113.3220971,
              29.8969313
            ],
            [
              113.3221614,
              29.8970708
            ],
            [
              113.322376,
              29.8974801
            ],
            [
              113.3225047,
              29.8977591
            ],
            [
              113.3225584,
              29.8979079
            ],
            [
              113.3227301,
              29.8981777
            ],
            [
              113.3228266,
              29.8983079
            ],
            [
              113.3229339,
              29.8984288
            ],
            [
              113.3229983,
              29.8985683
            ],
            [
              113.3229875,
              29.8987171
            ],
            [
              113.3229554,
              29.8988566
            ],
            [
              113.3229339,
              29.8990054
            ],
            [
              113.3229017,
              29.899145
            ],
            [
              113.3228803,
              29.8992938
            ],
            [
              113.3228803,
              29.8994426
            ],
            [
              113.322891,
              29.8995821
            ],
            [
              113.3229339,
              29.8997309
            ],
            [
              113.3229875,
              29.8998704
            ],
            [
              113.323245,
              29.9003262
            ],
            [
              113.3234703,
              29.9006052
            ],
            [
              113.3235776,
              29.9007261
            ],
            [
              113.3236205,
              29.9008656
            ],
            [
              113.3235347,
              29.9009865
            ],
            [
              113.3234167,
              29.9010981
            ],
            [
              113.3232558,
              29.9012004
            ],
            [
              113.3230948,
              29.9012469
            ],
            [
              113.3229339,
              29.9013027
            ],
            [
              113.322773,
              29.9013306
            ],
            [
              113.3226013,
              29.9013306
            ],
            [
              113.3224404,
              29.901312
            ],
            [
              113.3222687,
              29.9013027
            ],
            [
              113.3221078,
              29.9013027
            ],
            [
              113.3219468,
              29.9013399
            ],
            [
              113.3217752,
              29.9013399
            ],
            [
              113.3196401,
              29.8996658
            ],
            [
              113.3193076,
              29.8995914
            ],
            [
              113.3191359,
              29.8995728
            ],
            [
              113.318975,
              29.8996007
            ],
            [
              113.3185887,
              29.8997681
            ],
            [
              113.315649,
              29.9022607
            ],
            [
              113.315531,
              29.9023909
            ],
            [
              113.3141792,
              29.9044649
            ],
            [
              113.3116418,
              29.9073108
            ],
            [
              113.3115935,
              29.9073666
            ],
            [
              113.3115506,
              29.9074317
            ],
            [
              113.3115452,
              29.9075061
            ],
            [
              113.311556,
              29.9075805
            ],
            [
              113.3115882,
              29.9076456
            ],
            [
              113.3116311,
              29.9077107
            ],
            [
              113.3116686,
              29.9078037
            ],
            [
              113.3116579,
              29.9078781
            ],
            [
              113.311615,
              29.9079664
            ],
            [
              113.3115721,
              29.9080315
            ],
            [
              113.3113843,
              29.9082315
            ],
            [
              113.3112073,
              29.9083989
            ],
            [
              113.3111376,
              29.9084919
            ],
            [
              113.3111107,
              29.908557
            ],
            [
              113.3110893,
              29.9086314
            ],
            [
              113.3110839,
              29.9087058
            ],
            [
              113.3119476,
              29.9098032
            ],
            [
              113.3119583,
              29.9100171
            ],
            [
              113.3118188,
              29.9101938
            ],
            [
              113.3116472,
              29.9103426
            ],
            [
              113.3114219,
              29.9104356
            ],
            [
              113.3111858,
              29.9104821
            ],
            [
              113.3109391,
              29.9105193
            ],
            [
              113.310703,
              29.9105286
            ],
            [
              113.310467,
              29.9105658
            ],
            [
              113.310231,
              29.9106309
            ],
            [
              113.3100057,
              29.9107146
            ],
            [
              113.3096838,
              29.9108541
            ],
            [
              113.3094692,
              29.910975
            ],
            [
              113.3092868,
              29.9111331
            ],
            [
              113.3091473,
              29.9113098
            ],
            [
              113.3089006,
              29.9117189
            ],
            [
              113.3087933,
              29.9119142
            ],
            [
              113.3086753,
              29.9121002
            ],
            [
              113.3085358,
              29.9122769
            ],
            [
              113.3083212,
              29.9124629
            ],
            [
              113.3081174,
              29.9125931
            ],
            [
              113.3078921,
              29.9126675
            ],
            [
              113.3069909,
              29.912807
            ],
            [
              113.3067334,
              29.9128628
            ],
            [
              113.3064544,
              29.9129372
            ],
            [
              113.3062291,
              29.9130116
            ],
            [
              113.3059823,
              29.9130581
            ],
            [
              113.3054995,
              29.9131232
            ],
            [
              113.3047378,
              29.9131511
            ],
            [
              113.2957041,
              29.9132069
            ],
            [
              113.2952106,
              29.9132813
            ],
            [
              113.2949746,
              29.9133278
            ],
            [
              113.2947278,
              29.9134022
            ],
            [
              113.2945025,
              29.9134859
            ],
            [
              113.2942772,
              29.9135882
            ],
            [
              113.2940733,
              29.9137091
            ],
            [
              113.2938802,
              29.9138392
            ],
            [
              113.2936764,
              29.9139973
            ],
            [
              113.2933116,
              29.9142949
            ],
            [
              113.2929468,
              29.9146204
            ],
            [
              113.292582,
              29.9148994
            ],
            [
              113.292228,
              29.9152063
            ],
            [
              113.2920778,
              29.9153737
            ],
            [
              113.2919383,
              29.9155503
            ],
            [
              113.2916808,
              29.915913
            ],
            [
              113.2914662,
              29.9163036
            ],
            [
              113.2913804,
              29.9165175
            ],
            [
              113.290683,
              29.9190189
            ],
            [
              113.2899374,
              29.9190352
            ],
            [
              113.290168,
              29.917903
            ],
            [
              113.2901466,
              29.9176892
            ],
            [
              113.2900393,
              29.9174939
            ],
            [
              113.2898462,
              29.9173451
            ],
            [
              113.2896101,
              29.9173172
            ],
            [
              113.289063,
              29.9173823
            ],
            [
              113.2664359,
              29.9180983
            ],
            [
              113.2662964,
              29.9154202
            ],
            [
              113.2659852,
              29.9152435
            ],
            [
              113.258636,
              29.914174
            ],
            [
              113.2580781,
              29.9139973
            ],
            [
              113.2565546,
              29.9137742
            ],
            [
              113.2560396,
              29.9136812
            ],
            [
              113.2557928,
              29.9136161
            ],
            [
              113.2555675,
              29.9135138
            ],
            [
              113.2554281,
              29.9133278
            ],
            [
              113.2553959,
              29.9131232
            ],
            [
              113.2553851,
              29.9129093
            ],
            [
              113.2553851,
              29.9126954
            ],
            [
              113.2554281,
              29.9122769
            ],
            [
              113.2554603,
              29.912063
            ],
            [
              113.2555139,
              29.9118398
            ],
            [
              113.2555783,
              29.9116445
            ],
            [
              113.2556105,
              29.9114399
            ],
            [
              113.2556212,
              29.9112354
            ],
            [
              113.2556105,
              29.9110215
            ],
            [
              113.2555675,
              29.9108169
            ],
            [
              113.2554817,
              29.910603
            ],
            [
              113.255353,
              29.9104077
            ],
            [
              113.2551277,
              29.9103147
            ],
            [
              113.2547092,
              29.9100636
            ],
            [
              113.2545161,
              29.9099241
            ],
            [
              113.2543337,
              29.9097753
            ],
            [
              113.2541406,
              29.9096358
            ],
            [
              113.2539904,
              29.9094591
            ],
            [
              113.2536578,
              29.9090964
            ],
            [
              113.2515013,
              29.9033582
            ],
            [
              113.2513511,
              29.9029303
            ],
            [
              113.2512545,
              29.9026141
            ],
            [
              113.2512224,
              29.9024002
            ],
            [
              113.2512116,
              29.9021863
            ],
            [
              113.2512331,
              29.9019817
            ],
            [
              113.2513189,
              29.9017771
            ],
            [
              113.2514799,
              29.9015539
            ],
            [
              113.258459,
              29.8982753
            ],
            [
              113.2595104,
              29.8980102
            ],
            [
              113.2597679,
              29.8980102
            ],
            [
              113.2598966,
              29.8980428
            ],
            [
              113.2601273,
              29.8981218
            ],
            [
              113.2603472,
              29.8982474
            ],
            [
              113.2605189,
              29.8984055
            ],
            [
              113.2605779,
              29.8987264
            ],
            [
              113.2605833,
              29.8988845
            ],
            [
              113.260594,
              29.8989915
            ],
            [
              113.2609051,
              29.8996472
            ],
            [
              113.2610822,
              29.8999913
            ],
            [
              113.2611519,
              29.900089
            ],
            [
              113.2612431,
              29.900168
            ],
            [
              113.2613558,
              29.9002099
            ],
            [
              113.2615972,
              29.9002331
            ],
            [
              113.261683,
              29.9001587
            ],
            [
              113.2617366,
              29.8999448
            ],
            [
              113.2618064,
              29.8998565
            ],
            [
              113.261919,
              29.8998193
            ],
            [
              113.262037,
              29.8998007
            ],
            [
              113.2621604,
              29.8997728
            ],
            [
              113.262316,
              29.8996704
            ],
            [
              113.2623911,
              29.8995821
            ],
            [
              113.2624447,
              29.8994844
            ],
            [
              113.2624769,
              29.8993682
            ],
            [
              113.262493,
              29.8992659
            ],
            [
              113.262493,
              29.8990519
            ],
            [
              113.2624555,
              29.898945
            ],
            [
              113.2623696,
              29.8988613
            ],
            [
              113.2622677,
              29.8988008
            ],
            [
              113.2621551,
              29.898745
            ],
            [
              113.261919,
              29.898652
            ],
            [
              113.2617956,
              29.8986101
            ],
            [
              113.2614255,
              29.8985311
            ],
            [
              113.2606262,
              29.8981079
            ],
            [
              113.260476,
              29.8979265
            ],
            [
              113.260417,
              29.8978289
            ],
            [
              113.2603848,
              29.8977173
            ],
            [
              113.2603794,
              29.8974987
            ],
            [
              113.2604223,
              29.8973964
            ],
            [
              113.2605243,
              29.8972569
            ],
            [
              113.262434,
              29.8955687
            ],
            [
              113.2621551,
              29.8955408
            ],
            [
              113.2601649,
              29.8972243
            ],
            [
              113.2598054,
              29.8976196
            ],
            [
              113.2536417,
              29.9001355
            ],
            [
              113.2508254,
              29.9012097
            ],
            [
              113.2499671,
              29.9018236
            ],
            [
              113.2485509,
              29.9034977
            ],
            [
              113.2420224,
              29.9109331
            ],
            [
              113.2394636,
              29.9099612
            ],
            [
              113.2395172,
              29.9098404
            ],
            [
              113.2395172,
              29.9097102
            ],
            [
              113.2394099,
              29.9096544
            ],
            [
              113.2392168,
              29.9096497
            ],
            [
              113.2387072,
              29.9096776
            ],
            [
              113.238498,
              29.9097009
            ],
            [
              113.2381439,
              29.9097753
            ],
            [
              113.2380205,
              29.9097892
            ],
            [
              113.2378918,
              29.9097892
            ],
            [
              113.2377684,
              29.9097613
            ],
            [
              113.2376665,
              29.9097055
            ],
            [
              113.2376987,
              29.9096032
            ],
            [
              113.2377738,
              29.9095195
            ],
            [
              113.2381707,
              29.9092731
            ],
            [
              113.2409656,
              29.9074177
            ],
            [
              113.2411748,
              29.9072085
            ],
            [
              113.2412392,
              29.9071201
            ],
            [
              113.2412928,
              29.9070132
            ],
            [
              113.2413143,
              29.9069062
            ],
            [
              113.2413197,
              29.906697
            ],
            [
              113.2413036,
              29.90659
            ],
            [
              113.2412499,
              29.9064924
            ],
            [
              113.2412016,
              29.9063854
            ],
            [
              113.2411694,
              29.9062785
            ],
            [
              113.2411587,
              29.9061715
            ],
            [
              113.241148,
              29.9057437
            ],
            [
              113.2414377,
              29.9027397
            ],
            [
              113.241443,
              29.9025955
            ],
            [
              113.2413572,
              29.9009028
            ],
            [
              113.2412875,
              29.9001634
            ],
            [
              113.2411587,
              29.8995914
            ],
            [
              113.24103,
              29.8995216
            ],
            [
              113.2409924,
              29.89961
            ],
            [
              113.2411748,
              29.901312
            ],
            [
              113.2412177,
              29.9027769
            ],
            [
              113.2409656,
              29.9060088
            ],
            [
              113.2409656,
              29.9061157
            ],
            [
              113.2408529,
              29.9068365
            ],
            [
              113.2408422,
              29.9069434
            ],
            [
              113.2408208,
              29.907055
            ],
            [
              113.2407886,
              29.907162
            ],
            [
              113.2407457,
              29.9072643
            ],
            [
              113.2406813,
              29.9073619
            ],
            [
              113.2406008,
              29.9074503
            ],
            [
              113.2380849,
              29.9090731
            ],
            [
              113.2379669,
              29.9091103
            ],
            [
              113.2377201,
              29.9091243
            ],
            [
              113.2375699,
              29.9090824
            ],
            [
              113.2374948,
              29.9089987
            ],
            [
              113.2374358,
              29.9089011
            ],
            [
              113.2373393,
              29.9088081
            ],
            [
              113.2372266,
              29.9087523
            ],
            [
              113.2371032,
              29.9087895
            ],
            [
              113.2369959,
              29.9088453
            ],
            [
              113.2368886,
              29.9087848
            ],
            [
              113.2368457,
              29.9086825
            ],
            [
              113.2367921,
              29.9085849
            ],
            [
              113.2365882,
              29.90845
            ],
            [
              113.2363254,
              29.9083338
            ],
            [
              113.2334393,
              29.9075433
            ],
            [
              113.2334018,
              29.9074363
            ],
            [
              113.2334018,
              29.9073247
            ],
            [
              113.2334179,
              29.9072178
            ],
            [
              113.2334125,
              29.9071108
            ],
            [
              113.2318836,
              29.9066458
            ],
            [
              113.231771,
              29.90659
            ],
            [
              113.2314223,
              29.9064366
            ],
            [
              113.2313365,
              29.9063529
            ],
            [
              113.2313043,
              29.9062459
            ],
            [
              113.2312775,
              29.9060413
            ],
            [
              113.2312506,
              29.9059344
            ],
            [
              113.2312131,
              29.9058274
            ],
            [
              113.2311487,
              29.9057204
            ],
            [
              113.2293999,
              29.9032
            ],
            [
              113.2260847,
              29.8983916
            ]
          ],
          [
            [
              113.3503085,
              29.8794996
            ],
            [
              113.3502763,
              29.8783181
            ],
            [
              113.3503193,
              29.8782158
            ],
            [
              113.3503514,
              29.8780995
            ],
            [
              113.3503944,
              29.8779972
            ],
            [
              113.3504534,
              29.8778948
            ],
            [
              113.3505928,
              29.8777088
            ],
            [
              113.3506519,
              29.8776111
            ],
            [
              113.3506572,
              29.8775041
            ],
            [
              113.3506304,
              29.8773925
            ],
            [
              113.3506197,
              29.8772855
            ],
            [
              113.3506304,
              29.8771785
            ],
            [
              113.3507001,
              29.8770901
            ],
            [
              113.3508879,
              29.8769413
            ],
            [
              113.3511025,
              29.8768157
            ],
            [
              113.3512419,
              29.8767134
            ],
            [
              113.3513278,
              29.8766296
            ],
            [
              113.3513921,
              29.8765273
            ],
            [
              113.3514082,
              29.8764157
            ],
            [
              113.3514029,
              29.8758389
            ],
            [
              113.3513868,
              29.8756203
            ],
            [
              113.3513975,
              29.8755133
            ],
            [
              113.3514351,
              29.8754063
            ],
            [
              113.3515263,
              29.8753272
            ],
            [
              113.3516067,
              29.8752388
            ],
            [
              113.3516443,
              29.8751272
            ],
            [
              113.3517247,
              29.8750388
            ],
            [
              113.3518428,
              29.874997
            ],
            [
              113.3572984,
              29.8735317
            ],
            [
              113.3574164,
              29.8739085
            ],
            [
              113.3576041,
              29.8741039
            ],
            [
              113.3577865,
              29.874262
            ],
            [
              113.3586234,
              29.8742294
            ],
            [
              113.3588755,
              29.8741736
            ],
            [
              113.359133,
              29.8741364
            ],
            [
              113.3593744,
              29.8740759
            ],
            [
              113.3594924,
              29.8740341
            ],
            [
              113.3596104,
              29.8739876
            ],
            [
              113.3597231,
              29.8739317
            ],
            [
              113.3598411,
              29.8738899
            ],
            [
              113.3600771,
              29.8737922
            ],
            [
              113.3602005,
              29.873755
            ],
            [
              113.3603239,
              29.873741
            ],
            [
              113.3604473,
              29.8737457
            ],
            [
              113.360576,
              29.8737736
            ],
            [
              113.360678,
              29.8738341
            ],
            [
              113.3608067,
              29.8738434
            ],
            [
              113.360914,
              29.8737875
            ],
            [
              113.3608764,
              29.8736852
            ],
            [
              113.3607691,
              29.8734852
            ],
            [
              113.3608282,
              29.8733829
            ],
            [
              113.3609354,
              29.873327
            ],
            [
              113.3610535,
              29.8732898
            ],
            [
              113.3613002,
              29.8732898
            ],
            [
              113.3620781,
              29.8733456
            ],
            [
              113.3622122,
              29.8733735
            ],
            [
              113.3622765,
              29.8734712
            ],
            [
              113.3622658,
              29.8735782
            ],
            [
              113.362239,
              29.8736899
            ],
            [
              113.3621854,
              29.8737875
            ],
            [
              113.3619922,
              29.8739131
            ],
            [
              113.3619386,
              29.8740155
            ],
            [
              113.362475,
              29.874062
            ],
            [
              113.3625984,
              29.8740434
            ],
            [
              113.3627218,
              29.8740155
            ],
            [
              113.3628452,
              29.8739736
            ],
            [
              113.3629578,
              29.8739085
            ],
            [
              113.3630276,
              29.8738155
            ],
            [
              113.3632153,
              29.8733968
            ],
            [
              113.3634889,
              29.8728991
            ],
            [
              113.3635586,
              29.872806
            ],
            [
              113.3636391,
              29.8727223
            ],
            [
              113.363741,
              29.8726525
            ],
            [
              113.3638591,
              29.8725967
            ],
            [
              113.3639878,
              29.8725735
            ],
            [
              113.3641165,
              29.8725735
            ],
            [
              113.3642453,
              29.8725921
            ],
            [
              113.3643633,
              29.8726246
            ],
            [
              113.3644813,
              29.8726711
            ],
            [
              113.3646047,
              29.8726851
            ],
            [
              113.3647174,
              29.8726293
            ],
            [
              113.3647817,
              29.8725363
            ],
            [
              113.3647603,
              29.87242
            ],
            [
              113.3647066,
              29.8723176
            ],
            [
              113.3644599,
              29.8720711
            ],
            [
              113.3644009,
              29.871978
            ],
            [
              113.3643901,
              29.8718571
            ],
            [
              113.3644009,
              29.8717501
            ],
            [
              113.3644384,
              29.871564
            ],
            [
              113.364594,
              29.8713129
            ],
            [
              113.3645672,
              29.8712012
            ],
            [
              113.3645028,
              29.8711128
            ],
            [
              113.3644223,
              29.8710291
            ],
            [
              113.3642292,
              29.8708895
            ],
            [
              113.364138,
              29.8708151
            ],
            [
              113.3640039,
              29.8706383
            ],
            [
              113.3638108,
              29.8703592
            ],
            [
              113.3636016,
              29.8700848
            ],
            [
              113.3635211,
              29.8699918
            ],
            [
              113.3634567,
              29.8698987
            ],
            [
              113.3634514,
              29.8697871
            ],
            [
              113.3634943,
              29.8696847
            ],
            [
              113.3635855,
              29.8696057
            ],
            [
              113.3637088,
              29.8695591
            ],
            [
              113.3638376,
              29.8695266
            ],
            [
              113.3642131,
              29.8695219
            ],
            [
              113.3642667,
              29.8694242
            ],
            [
              113.3642614,
              29.8693172
            ],
            [
              113.3642346,
              29.8692102
            ],
            [
              113.364138,
              29.8690056
            ],
            [
              113.3641273,
              29.8688986
            ],
            [
              113.3641595,
              29.8686799
            ],
            [
              113.3641595,
              29.8685729
            ],
            [
              113.3641165,
              29.8684706
            ],
            [
              113.3637518,
              29.8682101
            ],
            [
              113.3629686,
              29.8676798
            ],
            [
              113.3629793,
              29.8675728
            ],
            [
              113.3630383,
              29.8674751
            ],
            [
              113.3631188,
              29.8673821
            ],
            [
              113.3631295,
              29.8672751
            ],
            [
              113.3631134,
              29.8671402
            ],
            [
              113.3614933,
              29.866126
            ],
            [
              113.360045,
              29.8648607
            ],
            [
              113.359943,
              29.8645723
            ],
            [
              113.3599913,
              29.8644653
            ],
            [
              113.360104,
              29.8644141
            ],
            [
              113.3602112,
              29.8643536
            ],
            [
              113.3609515,
              29.8640931
            ],
            [
              113.361032,
              29.8640047
            ],
            [
              113.3610749,
              29.8639024
            ],
            [
              113.3611339,
              29.8636884
            ],
            [
              113.3612037,
              29.8635953
            ],
            [
              113.361327,
              29.8635488
            ],
            [
              113.3614343,
              29.8636046
            ],
            [
              113.3615524,
              29.8636512
            ],
            [
              113.3616757,
              29.8636372
            ],
            [
              113.3617616,
              29.8635535
            ],
            [
              113.3618367,
              29.8634418
            ],
            [
              113.3618903,
              29.8633395
            ],
            [
              113.3619332,
              29.8632371
            ],
            [
              113.3618849,
              29.8629254
            ],
            [
              113.3602059,
              29.8589943
            ],
            [
              113.3589828,
              29.8559982
            ],
            [
              113.3582908,
              29.8541139
            ],
            [
              113.358221,
              29.8540209
            ],
            [
              113.3581299,
              29.8539464
            ],
            [
              113.3580226,
              29.8538999
            ],
            [
              113.3574432,
              29.8539092
            ],
            [
              113.3572018,
              29.8539232
            ],
            [
              113.3570784,
              29.8538999
            ],
            [
              113.3569658,
              29.8538487
            ],
            [
              113.3565259,
              29.8531183
            ],
            [
              113.3564508,
              29.8530345
            ],
            [
              113.3563381,
              29.8530019
            ],
            [
              113.3562148,
              29.8530019
            ],
            [
              113.3538812,
              29.8531415
            ],
            [
              113.3533126,
              29.8530903
            ],
            [
              113.3530766,
              29.853081
            ],
            [
              113.348608,
              29.8524622
            ],
            [
              113.3472776,
              29.8523459
            ],
            [
              113.3471596,
              29.8523273
            ],
            [
              113.3470362,
              29.8522994
            ],
            [
              113.3469129,
              29.8522854
            ],
            [
              113.3467895,
              29.8522901
            ],
            [
              113.3466875,
              29.8523552
            ],
            [
              113.3467895,
              29.8532532
            ],
            [
              113.3468217,
              29.8533602
            ],
            [
              113.3468163,
              29.8534672
            ],
            [
              113.3468002,
              29.8535742
            ],
            [
              113.3467734,
              29.8536812
            ],
            [
              113.3467251,
              29.8537743
            ],
            [
              113.3466232,
              29.8538348
            ],
            [
              113.3465159,
              29.8538813
            ],
            [
              113.3464301,
              29.8539604
            ],
            [
              113.3463979,
              29.8540627
            ],
            [
              113.346371,
              29.8542721
            ],
            [
              113.346312,
              29.8543698
            ],
            [
              113.3462316,
              29.8544489
            ],
            [
              113.346135,
              29.8545187
            ],
            [
              113.346017,
              29.8545466
            ],
            [
              113.3458936,
              29.8545419
            ],
            [
              113.3420849,
              29.8525786
            ],
            [
              113.3419776,
              29.8526297
            ],
            [
              113.3418757,
              29.8526902
            ],
            [
              113.3417684,
              29.8527367
            ],
            [
              113.3418113,
              29.8531834
            ],
            [
              113.342455,
              29.8554306
            ],
            [
              113.3426267,
              29.8574358
            ],
            [
              113.3426696,
              29.8578452
            ],
            [
              113.3427072,
              29.8580359
            ],
            [
              113.3427608,
              29.8581615
            ],
            [
              113.3438176,
              29.8596642
            ],
            [
              113.3433831,
              29.8602644
            ],
            [
              113.3387214,
              29.863693
            ],
            [
              113.3385551,
              29.8638698
            ],
            [
              113.33848,
              29.8639721
            ],
            [
              113.338421,
              29.8640745
            ],
            [
              113.3383781,
              29.8641768
            ],
            [
              113.3383512,
              29.8642792
            ],
            [
              113.3397621,
              29.8660795
            ],
            [
              113.3398104,
              29.8661772
            ],
            [
              113.3398533,
              29.8662889
            ],
            [
              113.3398479,
              29.8663912
            ],
            [
              113.3395529,
              29.8665773
            ],
            [
              113.3394349,
              29.8666191
            ],
            [
              113.3392686,
              29.8667215
            ],
            [
              113.3390701,
              29.8668657
            ],
            [
              113.3393061,
              29.8687916
            ],
            [
              113.3392847,
              29.8689125
            ],
            [
              113.3392149,
              29.8691219
            ],
            [
              113.3391505,
              29.8692195
            ],
            [
              113.3390808,
              29.8693079
            ],
            [
              113.338995,
              29.8693824
            ],
            [
              113.3388984,
              29.8694428
            ],
            [
              113.3387911,
              29.8694987
            ],
            [
              113.3386731,
              29.8695452
            ],
            [
              113.3385765,
              29.8696103
            ],
            [
              113.3385068,
              29.8696987
            ],
            [
              113.3384907,
              29.8698057
            ],
            [
              113.3384961,
              29.869908
            ],
            [
              113.3391827,
              29.8708337
            ],
            [
              113.3394027,
              29.8711035
            ],
            [
              113.3394992,
              29.8711733
            ],
            [
              113.3396494,
              29.8712431
            ],
            [
              113.3397675,
              29.8712896
            ],
            [
              113.3400088,
              29.8713501
            ],
            [
              113.3402127,
              29.8713687
            ],
            [
              113.3404595,
              29.8714338
            ],
            [
              113.3406955,
              29.871592
            ],
            [
              113.340776,
              29.8716757
            ],
            [
              113.3408189,
              29.871778
            ],
            [
              113.340894,
              29.871992
            ],
            [
              113.3409423,
              29.8722199
            ],
            [
              113.3409584,
              29.8723269
            ],
            [
              113.3409852,
              29.8724339
            ],
            [
              113.3409959,
              29.8725409
            ],
            [
              113.3409905,
              29.8726479
            ],
            [
              113.3409369,
              29.8728107
            ],
            [
              113.3406204,
              29.8732433
            ],
            [
              113.3405024,
              29.873434
            ],
            [
              113.3404005,
              29.873634
            ],
            [
              113.3403254,
              29.8738341
            ],
            [
              113.3402932,
              29.8740713
            ],
            [
              113.3408511,
              29.8759784
            ],
            [
              113.3408618,
              29.8760854
            ],
            [
              113.3408189,
              29.876211
            ],
            [
              113.3407116,
              29.8762715
            ],
            [
              113.3404916,
              29.8763645
            ],
            [
              113.3403951,
              29.8764343
            ],
            [
              113.3402824,
              29.8765506
            ],
            [
              113.3402234,
              29.8766529
            ],
            [
              113.340202,
              29.8767599
            ],
            [
              113.3413768,
              29.8786716
            ],
            [
              113.3415538,
              29.878853
            ],
            [
              113.3419454,
              29.8791554
            ],
            [
              113.3421117,
              29.8793135
            ],
            [
              113.3421761,
              29.8794065
            ],
            [
              113.3422297,
              29.8795135
            ],
            [
              113.3422458,
              29.8797275
            ],
            [
              113.3422995,
              29.8798252
            ],
            [
              113.3423692,
              29.8799182
            ],
            [
              113.3425677,
              29.8801368
            ],
            [
              113.3438122,
              29.8816252
            ],
            [
              113.3438605,
              29.8817275
            ],
            [
              113.3439302,
              29.8819508
            ],
            [
              113.3439785,
              29.8820531
            ],
            [
              113.3440536,
              29.8821555
            ],
            [
              113.3442521,
              29.8822903
            ],
            [
              113.3443755,
              29.8823276
            ],
            [
              113.3444881,
              29.8822717
            ],
            [
              113.3445954,
              29.882202
            ],
            [
              113.3446866,
              29.8821229
            ],
            [
              113.3447725,
              29.8820345
            ],
            [
              113.3449548,
              29.8818671
            ],
            [
              113.3451319,
              29.8816903
            ],
            [
              113.3452231,
              29.8816113
            ],
            [
              113.345325,
              29.8815415
            ],
            [
              113.3454323,
              29.8814764
            ],
            [
              113.3457702,
              29.8812996
            ],
            [
              113.3458829,
              29.8812485
            ],
            [
              113.3460277,
              29.8812113
            ],
            [
              113.3461565,
              29.8812857
            ],
            [
              113.346253,
              29.8813601
            ],
            [
              113.3464301,
              29.8815229
            ],
            [
              113.3465266,
              29.8815973
            ],
            [
              113.3466285,
              29.8816624
            ],
            [
              113.3478463,
              29.8823183
            ],
            [
              113.348195,
              29.8824113
            ],
            [
              113.3484417,
              29.8824252
            ],
            [
              113.3488172,
              29.8824159
            ],
            [
              113.349064,
              29.8823648
            ],
            [
              113.3491766,
              29.882295
            ],
            [
              113.3491874,
              29.882188
            ],
            [
              113.3491337,
              29.8818531
            ],
            [
              113.3491337,
              29.8817229
            ],
            [
              113.3492035,
              29.8815601
            ],
            [
              113.3497721,
              29.8807926
            ],
            [
              113.3501852,
              29.8803973
            ],
            [
              113.350271,
              29.8803043
            ],
            [
              113.3503085,
              29.8794996
            ]
          ],
          [
            [
              113.3006501,
              29.9115701
            ],
            [
              113.304137,
              29.9117747
            ],
            [
              113.3043194,
              29.9116724
            ],
            [
              113.3044588,
              29.9115329
            ],
            [
              113.3045339,
              29.9113563
            ],
            [
              113.3045339,
              29.9111796
            ],
            [
              113.3045125,
              29.9110029
            ],
            [
              113.3031285,
              29.9036744
            ],
            [
              113.3007789,
              29.9037767
            ],
            [
              113.3009183,
              29.9053949
            ],
            [
              113.2960582,
              29.906139
            ],
            [
              113.2956934,
              29.9046509
            ],
            [
              113.2956076,
              29.9044742
            ],
            [
              113.2954037,
              29.9045114
            ],
            [
              113.2952428,
              29.9046137
            ],
            [
              113.2892883,
              29.9070597
            ],
            [
              113.2890952,
              29.9070783
            ],
            [
              113.2888913,
              29.9070411
            ],
            [
              113.288666,
              29.906976
            ],
            [
              113.2884729,
              29.9069295
            ],
            [
              113.2883441,
              29.9070504
            ],
            [
              113.2899642,
              29.9132069
            ],
            [
              113.2900715,
              29.9135045
            ],
            [
              113.2901573,
              29.9136998
            ],
            [
              113.290211,
              29.9138671
            ],
            [
              113.2902968,
              29.9140624
            ],
            [
              113.2903933,
              29.9142484
            ],
            [
              113.2905006,
              29.9144065
            ],
            [
              113.2907045,
              29.9143693
            ],
            [
              113.2908761,
              29.914267
            ],
            [
              113.290962,
              29.9140996
            ],
            [
              113.2911229,
              29.9137556
            ],
            [
              113.2912302,
              29.9135975
            ],
            [
              113.2914984,
              29.9133092
            ],
            [
              113.2917774,
              29.9130488
            ],
            [
              113.2919168,
              29.9129
            ],
            [
              113.2920349,
              29.9127512
            ],
            [
              113.2922387,
              29.9124257
            ],
            [
              113.2924425,
              29.9119793
            ],
            [
              113.2925713,
              29.9118212
            ],
            [
              113.2927108,
              29.911691
            ],
            [
              113.2929039,
              29.911598
            ],
            [
              113.2931185,
              29.911598
            ],
            [
              113.2933223,
              29.9116166
            ],
            [
              113.2935262,
              29.9116817
            ],
            [
              113.2937944,
              29.9117096
            ],
            [
              113.2939982,
              29.9117003
            ],
            [
              113.2942128,
              29.9116445
            ],
            [
              113.2944059,
              29.9115701
            ],
            [
              113.294599,
              29.9114864
            ],
            [
              113.2947814,
              29.9113935
            ],
            [
              113.2949853,
              29.911347
            ],
            [
              113.2951891,
              29.9113284
            ],
            [
              113.2956076,
              29.9113098
            ],
            [
              113.296026,
              29.9113284
            ],
            [
              113.2962298,
              29.911347
            ],
            [
              113.2964337,
              29.911347
            ],
            [
              113.296659,
              29.9113377
            ],
            [
              113.2968628,
              29.9113191
            ],
            [
              113.2970881,
              29.9113098
            ],
            [
              113.3006501,
              29.9115701
            ]
          ],
          [
            [
              113.3128595,
              29.8762064
            ],
            [
              113.3125591,
              29.8755179
            ],
            [
              113.3124089,
              29.875397
            ],
            [
              113.3122158,
              29.8753784
            ],
            [
              113.3105421,
              29.8755738
            ],
            [
              113.3103704,
              29.8756575
            ],
            [
              113.3103382,
              29.8758342
            ],
            [
              113.3104241,
              29.876011
            ],
            [
              113.3110678,
              29.8776576
            ],
            [
              113.3114004,
              29.8780111
            ],
            [
              113.3115613,
              29.8781321
            ],
            [
              113.3117008,
              29.8782623
            ],
            [
              113.3119154,
              29.8784391
            ],
            [
              113.3121192,
              29.8785135
            ],
            [
              113.3124411,
              29.8785693
            ],
            [
              113.3126449,
              29.87856
            ],
            [
              113.3128488,
              29.8784298
            ],
            [
              113.3129775,
              29.8782902
            ],
            [
              113.3130956,
              29.8781414
            ],
            [
              113.3132243,
              29.877946
            ],
            [
              113.3132458,
              29.87776
            ],
            [
              113.3129239,
              29.8763831
            ],
            [
              113.3128595,
              29.8762064
            ]
          ],
          [
            [
              113.3708489,
              29.9282478
            ],
            [
              113.3681452,
              29.9297308
            ],
            [
              113.3681023,
              29.9298331
            ],
            [
              113.3681077,
              29.9299447
            ],
            [
              113.3681667,
              29.9300981
            ],
            [
              113.3682418,
              29.9302236
            ],
            [
              113.3689928,
              29.9310046
            ],
            [
              113.3691162,
              29.9310232
            ],
            [
              113.3692396,
              29.9310232
            ],
            [
              113.3693576,
              29.9309907
            ],
            [
              113.3700389,
              29.930642
            ],
            [
              113.3701569,
              29.930656
            ],
            [
              113.3702266,
              29.9307443
            ],
            [
              113.3706987,
              29.9321715
            ],
            [
              113.3707577,
              29.9322692
            ],
            [
              113.3708274,
              29.9323621
            ],
            [
              113.3709186,
              29.9324551
            ],
            [
              113.3710206,
              29.9325202
            ],
            [
              113.3712512,
              29.9326085
            ],
            [
              113.3713585,
              29.9326643
            ],
            [
              113.3715838,
              29.9328735
            ],
            [
              113.3719593,
              29.9332408
            ],
            [
              113.372131,
              29.9333988
            ],
            [
              113.3722436,
              29.9334825
            ],
            [
              113.372367,
              29.9335243
            ],
            [
              113.3724904,
              29.9335522
            ],
            [
              113.3726138,
              29.9335662
            ],
            [
              113.3728605,
              29.9335662
            ],
            [
              113.3754837,
              29.9336731
            ],
            [
              113.3755696,
              29.9335941
            ],
            [
              113.375591,
              29.9334872
            ],
            [
              113.3755803,
              29.9333802
            ],
            [
              113.3745825,
              29.9312789
            ],
            [
              113.3724153,
              29.9290288
            ],
            [
              113.3722866,
              29.9290149
            ],
            [
              113.3721632,
              29.9290474
            ],
            [
              113.3712512,
              29.9297169
            ],
            [
              113.3711439,
              29.9297727
            ],
            [
              113.3710206,
              29.929768
            ],
            [
              113.3709776,
              29.9296657
            ],
            [
              113.3709669,
              29.9295588
            ],
            [
              113.3710152,
              29.9294612
            ],
            [
              113.3710957,
              29.9293728
            ],
            [
              113.3711922,
              29.9293078
            ],
            [
              113.3712995,
              29.9292427
            ],
            [
              113.371616,
              29.9290753
            ],
            [
              113.3718145,
              29.9289451
            ],
            [
              113.3719057,
              29.9288754
            ],
            [
              113.3719647,
              29.9287824
            ],
            [
              113.3719754,
              29.9286755
            ],
            [
              113.3719432,
              29.9285686
            ],
            [
              113.3714819,
              29.928006
            ],
            [
              113.3713585,
              29.9279967
            ],
            [
              113.3708489,
              29.9282478
            ]
          ],
          [
            [
              113.2938909,
              29.8777879
            ],
            [
              113.2935154,
              29.8762761
            ],
            [
              113.2934618,
              29.8761971
            ],
            [
              113.2933921,
              29.8761226
            ],
            [
              113.2920563,
              29.8757086
            ],
            [
              113.2919598,
              29.8757086
            ],
            [
              113.2918578,
              29.8757179
            ],
            [
              113.2914448,
              29.876304
            ],
            [
              113.2914501,
              29.8763924
            ],
            [
              113.291477,
              29.8764761
            ],
            [
              113.2915467,
              29.8765366
            ],
            [
              113.2922012,
              29.8767227
            ],
            [
              113.2922924,
              29.8767738
            ],
            [
              113.2923835,
              29.8768576
            ],
            [
              113.2924372,
              29.876932
            ],
            [
              113.2924747,
              29.8770157
            ],
            [
              113.2925123,
              29.877146
            ],
            [
              113.2925874,
              29.8776809
            ],
            [
              113.2926303,
              29.8778344
            ],
            [
              113.2926893,
              29.8779553
            ],
            [
              113.2927644,
              29.8780204
            ],
            [
              113.2936281,
              29.8779786
            ],
            [
              113.2938802,
              29.8778809
            ],
            [
              113.2938909,
              29.8777879
            ]
          ],
          [
            [
              113.2437926,
              29.9079804
            ],
            [
              113.2455951,
              29.90586
            ],
            [
              113.2479554,
              29.9033814
            ],
            [
              113.2488674,
              29.902349
            ],
            [
              113.2490283,
              29.902177
            ],
            [
              113.2494575,
              29.9017352
            ],
            [
              113.2497096,
              29.9014887
            ],
            [
              113.2500905,
              29.9011772
            ],
            [
              113.2504499,
              29.900847
            ],
            [
              113.2506591,
              29.9007028
            ],
            [
              113.250863,
              29.9005819
            ],
            [
              113.2509702,
              29.9005261
            ],
            [
              113.2527566,
              29.8998937
            ],
            [
              113.2528746,
              29.8998472
            ],
            [
              113.2529712,
              29.8997728
            ],
            [
              113.2530409,
              29.8996797
            ],
            [
              113.2530892,
              29.8995774
            ],
            [
              113.2531428,
              29.8993682
            ],
            [
              113.2531589,
              29.8992566
            ],
            [
              113.2531536,
              29.8991496
            ],
            [
              113.2530999,
              29.8990519
            ],
            [
              113.2530785,
              29.898945
            ],
            [
              113.2531053,
              29.898838
            ],
            [
              113.2531428,
              29.8987357
            ],
            [
              113.2531857,
              29.8986334
            ],
            [
              113.2533467,
              29.8984055
            ],
            [
              113.2534325,
              29.8983125
            ],
            [
              113.2535022,
              29.8982149
            ],
            [
              113.2536256,
              29.8980149
            ],
            [
              113.2537007,
              29.8979265
            ],
            [
              113.2537436,
              29.8978242
            ],
            [
              113.2536095,
              29.8976289
            ],
            [
              113.253411,
              29.8974987
            ],
            [
              113.253293,
              29.8974615
            ],
            [
              113.2531804,
              29.8974987
            ],
            [
              113.2530892,
              29.8975684
            ],
            [
              113.2530034,
              29.8976475
            ],
            [
              113.2529283,
              29.8977359
            ],
            [
              113.2528639,
              29.8978289
            ],
            [
              113.2528102,
              29.8979219
            ],
            [
              113.2527459,
              29.8980102
            ],
            [
              113.2526654,
              29.8980939
            ],
            [
              113.2523113,
              29.8984009
            ],
            [
              113.2521665,
              29.8985729
            ],
            [
              113.2519734,
              29.8988334
            ],
            [
              113.2518178,
              29.8990008
            ],
            [
              113.251732,
              29.8990798
            ],
            [
              113.2515496,
              29.8992333
            ],
            [
              113.2513565,
              29.8994147
            ],
            [
              113.2492965,
              29.9009679
            ],
            [
              113.2491249,
              29.9011214
            ],
            [
              113.2488728,
              29.9013678
            ],
            [
              113.2487976,
              29.9014562
            ],
            [
              113.2476765,
              29.9028885
            ],
            [
              113.2475102,
              29.9030605
            ],
            [
              113.2473224,
              29.9032186
            ],
            [
              113.2471186,
              29.9033396
            ],
            [
              113.2470006,
              29.9033861
            ],
            [
              113.2468611,
              29.9034233
            ],
            [
              113.2467431,
              29.9034465
            ],
            [
              113.2466197,
              29.9034558
            ],
            [
              113.2463729,
              29.9034605
            ],
            [
              113.2462603,
              29.9035023
            ],
            [
              113.2460672,
              29.9036046
            ],
            [
              113.2458579,
              29.903865
            ],
            [
              113.2457828,
              29.9039487
            ],
            [
              113.2456917,
              29.9040185
            ],
            [
              113.2456058,
              29.9041022
            ],
            [
              113.2455414,
              29.9041952
            ],
            [
              113.2454878,
              29.9042882
            ],
            [
              113.2454503,
              29.9043905
            ],
            [
              113.2454234,
              29.9045998
            ],
            [
              113.2454127,
              29.904809
            ],
            [
              113.2453752,
              29.9049113
            ],
            [
              113.2453215,
              29.905009
            ],
            [
              113.2452518,
              29.9050927
            ],
            [
              113.2451659,
              29.9051717
            ],
            [
              113.2451016,
              29.9052601
            ],
            [
              113.244946,
              29.905553
            ],
            [
              113.2448709,
              29.9056367
            ],
            [
              113.2447743,
              29.9056972
            ],
            [
              113.2443184,
              29.9058786
            ],
            [
              113.2442379,
              29.9059623
            ],
            [
              113.2441145,
              29.9061529
            ],
            [
              113.2439482,
              29.906311
            ],
            [
              113.243857,
              29.9063808
            ],
            [
              113.2437444,
              29.9064226
            ],
            [
              113.2436264,
              29.9064552
            ],
            [
              113.243385,
              29.906511
            ],
            [
              113.2431382,
              29.9065435
            ],
            [
              113.2428914,
              29.9065947
            ],
            [
              113.2424354,
              29.9067342
            ],
            [
              113.2422209,
              29.9068411
            ],
            [
              113.2421243,
              29.9069062
            ],
            [
              113.2418829,
              29.9071573
            ],
            [
              113.2413304,
              29.9090778
            ],
            [
              113.2413304,
              29.9092963
            ],
            [
              113.2413411,
              29.9093986
            ],
            [
              113.2413626,
              29.9095009
            ],
            [
              113.241443,
              29.9097055
            ],
            [
              113.2414752,
              29.9098125
            ],
            [
              113.2414859,
              29.9099148
            ],
            [
              113.2415181,
              29.9100217
            ],
            [
              113.2415664,
              29.9101287
            ],
            [
              113.2416576,
              29.9102031
            ],
            [
              113.241781,
              29.9102031
            ],
            [
              113.2419097,
              29.9101845
            ],
            [
              113.2420331,
              29.9101473
            ],
            [
              113.2421243,
              29.9100682
            ],
            [
              113.2437926,
              29.9079804
            ]
          ],
          [
            [
              113.2428592,
              29.9055856
            ],
            [
              113.2441199,
              29.9041533
            ],
            [
              113.2442701,
              29.9038418
            ],
            [
              113.2444417,
              29.9035442
            ],
            [
              113.2452249,
              29.9026839
            ],
            [
              113.2456809,
              29.9020421
            ],
            [
              113.2455414,
              29.901977
            ],
            [
              113.2451338,
              29.9022467
            ],
            [
              113.2448548,
              29.9024188
            ],
            [
              113.244769,
              29.9024979
            ],
            [
              113.244651,
              29.9025304
            ],
            [
              113.2445276,
              29.9025258
            ],
            [
              113.2444042,
              29.9025118
            ],
            [
              113.2442808,
              29.9024839
            ],
            [
              113.2441682,
              29.9024467
            ],
            [
              113.2440555,
              29.9023956
            ],
            [
              113.2439482,
              29.9023351
            ],
            [
              113.2438302,
              29.9022932
            ],
            [
              113.2437122,
              29.9022793
            ],
            [
              113.2435888,
              29.9023025
            ],
            [
              113.2434654,
              29.9023118
            ],
            [
              113.2433474,
              29.9022839
            ],
            [
              113.2432347,
              29.9022374
            ],
            [
              113.2431436,
              29.902163
            ],
            [
              113.2430953,
              29.9020654
            ],
            [
              113.2430094,
              29.9018608
            ],
            [
              113.2427251,
              29.9006703
            ],
            [
              113.2427198,
              29.9005633
            ],
            [
              113.2427037,
              29.9004564
            ],
            [
              113.2426608,
              29.9003541
            ],
            [
              113.2425427,
              29.9001587
            ],
            [
              113.2423228,
              29.899131
            ],
            [
              113.2416737,
              29.8969825
            ],
            [
              113.2416093,
              29.8968895
            ],
            [
              113.2414699,
              29.8968895
            ],
            [
              113.2414323,
              29.8969918
            ],
            [
              113.2414377,
              29.8970987
            ],
            [
              113.2416362,
              29.8982288
            ],
            [
              113.2416469,
              29.8983358
            ],
            [
              113.242178,
              29.9005122
            ],
            [
              113.2422155,
              29.9007679
            ],
            [
              113.2422209,
              29.9008795
            ],
            [
              113.2422209,
              29.9012097
            ],
            [
              113.2421941,
              29.9015306
            ],
            [
              113.2421565,
              29.9018422
            ],
            [
              113.2421189,
              29.9022653
            ],
            [
              113.2418024,
              29.9039487
            ],
            [
              113.2417488,
              29.9043719
            ],
            [
              113.2417434,
              29.9044789
            ],
            [
              113.2417756,
              29.9056367
            ],
            [
              113.2418132,
              29.9057344
            ],
            [
              113.24184,
              29.9058414
            ],
            [
              113.2419205,
              29.9060506
            ],
            [
              113.2419956,
              29.906139
            ],
            [
              113.2421136,
              29.9061762
            ],
            [
              113.242237,
              29.9061669
            ],
            [
              113.2428592,
              29.9055856
            ]
          ]
        ]
      },
      "id": "relation/16213068"
    }
  ]
}