{
"type": "FeatureCollection",
"name": "processed_points",
"crs": { "type": "name", "properties": { "name": "urn:ogc:def:crs:OGC:1.3:CRS84" } },
"features": [
{ "type": "Feature", "properties": { "id": "3554003637004961980", "name": "武汉市第四医院（武胜路院区）", "type": "其他", "city": "硚口区", "lyyj": "长江干流流域", "lyej": "府澴河片区", "hsfw": "湖北省朱家河口断面对应汇水范围", "kzdy": "涢水（湖北省）控制单元", "id_2": "长江_合并线", "河名": "长江", "级别": 0, "province": "湖北省", "city_2": "黄冈市", "descriptio": "由原始线段合并而成的连续线", "BUFF_DIST": 30.0, "ORIG_FID": 0, "dist_to_river_m": 9863.05, "dist_along_river_m": 220733.11, "snap_lon": 114.28888432, "snap_lat": 30.56226029 }, "geometry": { "type": "MultiPoint", "coordinates": [ [ 114.21126, 30.599035 ] ] } },
{ "type": "Feature", "properties": { "id": "3554008301029066938", "name": "湖北汉源环鑫固废处置有限公司", "type": "其他", "city": "青山区", "lyyj": "长江干流流域", "lyej": "鄂东南片区", "hsfw": "湖北省白浒山断面对应汇水范围", "kzdy": "长江（湖北省）控制单元", "id_2": "长江_合并线", "河名": "长江", "级别": 0, "province": "湖北省", "city_2": "黄冈市", "descriptio": "由原始线段合并而成的连续线", "BUFF_DIST": 30.0, "ORIG_FID": 0, "dist_to_river_m": 3254.32, "dist_along_river_m": 177712.59, "snap_lon": 114.55899786000001, "snap_lat": 30.63110898 }, "geometry": { "type": "MultiPoint", "coordinates": [ [ 114.532791, 30.619961 ] ] } },
{ "type": "Feature", "properties": { "id": "3583150572701748735", "name": "武汉市中西医结合医院（武汉市第一医院）盘龙城院区", "type": "其他", "city": "黄陂区", "lyyj": "长江干流流域", "lyej": "府澴河片区", "hsfw": "湖北省朱家河口断面对应汇水范围", "kzdy": "涢水（湖北省）控制单元", "id_2": "长江_合并线", "河名": "长江", "级别": 0, "province": "湖北省", "city_2": "黄冈市", "descriptio": "由原始线段合并而成的连续线", "BUFF_DIST": 30.0, "ORIG_FID": 0, "dist_to_river_m": 12717.88, "dist_along_river_m": 205630.7, "snap_lon": 114.36063826, "snap_lat": 30.66000331 }, "geometry": { "type": "MultiPoint", "coordinates": [ [ 114.262907, 30.710887 ] ] } },
{ "type": "Feature", "properties": { "id": "3593098029556567533", "name": "劲佳科技有限公司", "type": null, "city": "大冶市", "lyyj": "长江干流流域", "lyej": "鄂东南片区", "hsfw": "湖北省大冶湖闸断面对应汇水范围", "kzdy": "长江（湖北省）控制单元", "id_2": "长江_合并线", "河名": "长江", "级别": 0, "province": "湖北省", "city_2": "黄冈市", "descriptio": "由原始线段合并而成的连续线", "BUFF_DIST": 30.0, "ORIG_FID": 0, "dist_to_river_m": 20026.57, "dist_along_river_m": 53628.6, "snap_lon": 115.08235552, "snap_lat": 30.23049381 }, "geometry": { "type": "MultiPoint", "coordinates": [ [ 114.94272, 30.13244 ] ] } },
{ "type": "Feature", "properties": { "id": "6478472513796562876", "name": "湖北容百锂电材料有限公司", "type": "其他", "city": "葛店开发区", "lyyj": "长江干流流域", "lyej": "鄂东南片区", "hsfw": "湖北省燕矶断面对应汇水范围", "kzdy": "长江（湖北省）控制单元", "id_2": "长江_合并线", "河名": "长江", "级别": 0, "province": "湖北省", "city_2": "黄冈市", "descriptio": "由原始线段合并而成的连续线", "BUFF_DIST": 30.0, "ORIG_FID": 0, "dist_to_river_m": 6988.05, "dist_along_river_m": 161514.42, "snap_lon": 114.65258480999998, "snap_lat": 30.569068149999989 }, "geometry": { "type": "MultiPoint", "coordinates": [ [ 114.673579, 30.518117 ] ] } },
{ "type": "Feature", "properties": { "id": "6478472600845148147", "name": "湖北富奕达电子科技有限公司", "type": "其他", "city": "黄梅县", "lyyj": "长江干流流域", "lyej": "鄂东南片区", "hsfw": "湖北省白浒山断面对应汇水范围", "kzdy": "长江（湖北省）控制单元", "id_2": "长江_合并线", "河名": "长江", "级别": 0, "province": "湖北省", "city_2": "黄冈市", "descriptio": "由原始线段合并而成的连续线", "BUFF_DIST": 30.0, "ORIG_FID": 0, "dist_to_river_m": 6349.13, "dist_along_river_m": 218236.65, "snap_lon": 114.30068691, "snap_lat": 30.57845409 }, "geometry": { "type": "MultiPoint", "coordinates": [ [ 114.34844, 30.5516 ] ] } },
{ "type": "Feature", "properties": { "id": "6478472600853536736", "name": "湖北辉创重型工程有限公司", "type": "其他", "city": "团风县", "lyyj": "长江干流流域", "lyej": "鄂东南片区", "hsfw": "湖北省白浒山断面对应汇水范围", "kzdy": "长江（湖北省）控制单元", "id_2": "长江_合并线", "河名": "长江", "级别": 0, "province": "湖北省", "city_2": "黄冈市", "descriptio": "由原始线段合并而成的连续线", "BUFF_DIST": 30.0, "ORIG_FID": 0, "dist_to_river_m": 6349.13, "dist_along_river_m": 218236.65, "snap_lon": 114.30068691, "snap_lat": 30.57845409 }, "geometry": { "type": "MultiPoint", "coordinates": [ [ 114.34844, 30.5516 ] ] } },
{ "type": "Feature", "properties": { "id": "6478472600924839935", "name": "华工法利莱切焊系统工程有限公司", "type": "其他", "city": "葛店开发区", "lyyj": "长江干流流域", "lyej": "鄂东南片区", "hsfw": "湖北省燕矶断面对应汇水范围", "kzdy": "长江（湖北省）控制单元", "id_2": "长江_合并线", "河名": "长江", "级别": 0, "province": "湖北省", "city_2": "黄冈市", "descriptio": "由原始线段合并而成的连续线", "BUFF_DIST": 30.0, "ORIG_FID": 0, "dist_to_river_m": 6629.56, "dist_along_river_m": 160959.84, "snap_lon": 114.65724115999997, "snap_lat": 30.57050469 }, "geometry": { "type": "MultiPoint", "coordinates": [ [ 114.67727, 30.522203 ] ] } },
{ "type": "Feature", "properties": { "id": "6478472600987754496", "name": "阳新县中医医院（城东新区）", "type": "其他", "city": "阳新县", "lyyj": "长江干流流域", "lyej": "鄂东南片区", "hsfw": "湖北省白浒山断面对应汇水范围", "kzdy": "长江（湖北省）控制单元", "id_2": "长江_合并线", "河名": "长江", "级别": 0, "province": "湖北省", "city_2": "黄冈市", "descriptio": "由原始线段合并而成的连续线", "BUFF_DIST": 30.0, "ORIG_FID": 0, "dist_to_river_m": 6349.13, "dist_along_river_m": 218236.65, "snap_lon": 114.30068691, "snap_lat": 30.57845409 }, "geometry": { "type": "MultiPoint", "coordinates": [ [ 114.34844, 30.5516 ] ] } },
{ "type": "Feature", "properties": { "id": "6478472600996143095", "name": "湖北鑫索建设有限公司", "type": "其他", "city": "大冶市", "lyyj": "长江干流流域", "lyej": "鄂东南片区", "hsfw": "湖北省白浒山断面对应汇水范围", "kzdy": "长江（湖北省）控制单元", "id_2": "长江_合并线", "河名": "长江", "级别": 0, "province": "湖北省", "city_2": "黄冈市", "descriptio": "由原始线段合并而成的连续线", "BUFF_DIST": 30.0, "ORIG_FID": 0, "dist_to_river_m": 6349.13, "dist_along_river_m": 218236.65, "snap_lon": 114.30068691, "snap_lat": 30.57845409 }, "geometry": { "type": "MultiPoint", "coordinates": [ [ 114.34844, 30.5516 ] ] } },
{ "type": "Feature", "properties": { "id": "6478472600996143097", "name": "黄石东贝铸造有限公司", "type": "其他", "city": "大冶市", "lyyj": "长江干流流域", "lyej": "鄂东南片区", "hsfw": "湖北省大冶湖闸断面对应汇水范围", "kzdy": "长江（湖北省）控制单元", "id_2": "长江_合并线", "河名": "长江", "级别": 0, "province": "湖北省", "city_2": "黄冈市", "descriptio": "由原始线段合并而成的连续线", "BUFF_DIST": 30.0, "ORIG_FID": 0, "dist_to_river_m": 17048.25, "dist_along_river_m": 53620.62, "snap_lon": 115.08240225, "snap_lat": 30.23044684 }, "geometry": { "type": "MultiPoint", "coordinates": [ [ 114.966737, 30.143682 ] ] } },
{ "type": "Feature", "properties": { "id": "6478472601000337393", "name": "湖北旌达科技有限公司", "type": "印刷", "city": "西塞山区", "lyyj": "长江干流流域", "lyej": "鄂东南片区", "hsfw": "湖北省风波港（右岸）断面对应汇水范围", "kzdy": "长江（湖北省）控制单元", "id_2": "长江_合并线", "河名": "长江", "级别": 0, "province": "湖北省", "city_2": "黄冈市", "descriptio": "由原始线段合并而成的连续线", "BUFF_DIST": 30.0, "ORIG_FID": 0, "dist_to_river_m": 2294.91, "dist_along_river_m": 38102.32, "snap_lon": 115.20926421999998, "snap_lat": 30.21044223 }, "geometry": { "type": "MultiPoint", "coordinates": [ [ 115.199295, 30.194847 ] ] } },
{ "type": "Feature", "properties": { "id": "6478472601004531696", "name": "武汉天喻信息产业股份有限公司", "type": "其他", "city": "东湖高新开发区", "lyyj": "长江干流流域", "lyej": "鄂东南片区", "hsfw": "湖北省杨泗港断面对应汇水范围", "kzdy": "长江（湖北省）控制单元", "id_2": "长江_合并线", "河名": "长江", "级别": 0, "province": "湖北省", "city_2": "黄冈市", "descriptio": "由原始线段合并而成的连续线", "BUFF_DIST": 30.0, "ORIG_FID": 0, "dist_to_river_m": 22128.6, "dist_along_river_m": 168542.21, "snap_lon": 114.59402186, "snap_lat": 30.56825069 }, "geometry": { "type": "MultiPoint", "coordinates": [ [ 114.476659, 30.430009 ] ] } },
{ "type": "Feature", "properties": { "id": "6478472601004531697", "name": "武汉市第三医院光谷院区", "type": "其他", "city": "洪山区", "lyyj": "长江干流流域", "lyej": "鄂东南片区", "hsfw": "湖北省白浒山断面对应汇水范围", "kzdy": "长江（湖北省）控制单元", "id_2": "长江_合并线", "河名": "长江", "级别": 0, "province": "湖北省", "city_2": "黄冈市", "descriptio": "由原始线段合并而成的连续线", "BUFF_DIST": 30.0, "ORIG_FID": 0, "dist_to_river_m": 2939.86, "dist_along_river_m": 221649.6, "snap_lon": 114.28545166, "snap_lat": 30.55585207000001 }, "geometry": { "type": "MultiPoint", "coordinates": [ [ 114.30921, 30.545921 ] ] } },
{ "type": "Feature", "properties": { "id": "6478472601012920306", "name": "国药集团中联药业有限公司（庙山基地）", "type": "其他", "city": "江夏区", "lyyj": "长江干流流域", "lyej": "鄂东南片区", "hsfw": "湖北省白浒山断面对应汇水范围", "kzdy": "长江（湖北省）控制单元", "id_2": "长江_合并线", "河名": "长江", "级别": 0, "province": "湖北省", "city_2": "黄冈市", "descriptio": "由原始线段合并而成的连续线", "BUFF_DIST": 30.0, "ORIG_FID": 0, "dist_to_river_m": 17261.31, "dist_along_river_m": 169227.41, "snap_lon": 114.5898388, "snap_lat": 30.57199479000001 }, "geometry": { "type": "MultiPoint", "coordinates": [ [ 114.47496, 30.482283 ] ] } },
{ "type": "Feature", "properties": { "id": "6478472601025503216", "name": "理研汽车配件（武汉）有限公司", "type": "其他", "city": "经开区", "lyyj": "汉江流域", "lyej": "汉江下游片区", "hsfw": "湖北省杨泗港断面对应汇水范围", "kzdy": "长江（湖北省）控制单元", "id_2": "长江_合并线", "河名": "长江", "级别": 0, "province": "湖北省", "city_2": "黄冈市", "descriptio": "由原始线段合并而成的连续线", "BUFF_DIST": 30.0, "ORIG_FID": 0, "dist_to_river_m": 6862.15, "dist_along_river_m": 240893.17, "snap_lon": 114.18559037, "snap_lat": 30.43863791 }, "geometry": { "type": "MultiPoint", "coordinates": [ [ 114.13285, 30.466148 ] ] } },
{ "type": "Feature", "properties": { "id": "6478472601033891834", "name": "武汉市自来水有限公司制水部白沙洲水厂", "type": null, "city": "洪山区", "lyyj": "汉江流域", "lyej": "汉江下游片区", "hsfw": "湖北省宗关断面对应汇水范围", "kzdy": "汉江（丹江口下）（湖北省）控制单元", "id_2": "长江_合并线", "河名": "长江", "级别": 0, "province": "湖北省", "city_2": "黄冈市", "descriptio": "由原始线段合并而成的连续线", "BUFF_DIST": 30.0, "ORIG_FID": 0, "dist_to_river_m": 9840.83, "dist_along_river_m": 222424.24, "snap_lon": 114.28219812999998, "snap_lat": 30.55058128 }, "geometry": { "type": "MultiPoint", "coordinates": [ [ 114.19957, 30.577639 ] ] } },
{ "type": "Feature", "properties": { "id": "6478472942030807001", "name": "武汉南都新能源科技有限公司（湖北菲意特能源科技有限公司）", "type": null, "city": "葛店开发区", "lyyj": "长江干流流域", "lyej": "鄂东南片区", "hsfw": "湖北省燕矶断面对应汇水范围", "kzdy": "长江（湖北省）控制单元", "id_2": "长江_合并线", "河名": "长江", "级别": 0, "province": "湖北省", "city_2": "黄冈市", "descriptio": "由原始线段合并而成的连续线", "BUFF_DIST": 30.0, "ORIG_FID": 0, "dist_to_river_m": 4263.75, "dist_along_river_m": 158578.1, "snap_lon": 114.67760135999998, "snap_lat": 30.57535449 }, "geometry": { "type": "MultiPoint", "coordinates": [ [ 114.68434, 30.542887 ] ] } },
{ "type": "Feature", "properties": { "id": "6478472942051778524", "name": "鄂州二医院有限公司（滨湖西路院区）", "type": null, "city": "鄂城区", "lyyj": "长江干流流域", "lyej": "鄂东南片区", "hsfw": "湖北省燕矶断面对应汇水范围", "kzdy": "长江（湖北省）控制单元", "id_2": "长江_合并线", "河名": "长江", "级别": 0, "province": "湖北省", "city_2": "黄冈市", "descriptio": "由原始线段合并而成的连续线", "BUFF_DIST": 30.0, "ORIG_FID": 0, "dist_to_river_m": 880.9, "dist_along_river_m": 98518.98, "snap_lon": 114.89071264, "snap_lat": 30.41645875 }, "geometry": { "type": "MultiPoint", "coordinates": [ [ 114.88898, 30.4098 ] ] } },
{ "type": "Feature", "properties": { "id": "6478472942051778558", "name": "洪湖市一泰科技有限公司", "type": "其他", "city": "洪湖市", "lyyj": "长江干流流域", "lyej": "鄂东南片区", "hsfw": "湖北省杨泗港断面对应汇水范围", "kzdy": "长江（湖北省）控制单元", "id_2": "长江_合并线", "河名": "长江", "级别": 0, "province": "湖北省", "city_2": "黄冈市", "descriptio": "由原始线段合并而成的连续线", "BUFF_DIST": 30.0, "ORIG_FID": 0, "dist_to_river_m": 17155.9, "dist_along_river_m": 227827.45, "snap_lon": 114.26275662, "snap_lat": 30.51297258 }, "geometry": { "type": "MultiPoint", "coordinates": [ [ 114.382034, 30.42886 ] ] } },
{ "type": "Feature", "properties": { "id": "6478472942064361414", "name": "湖北奥莱斯轮胎股份有限公司", "type": "其他", "city": "阳新县", "lyyj": "长江干流流域", "lyej": "富水片区", "hsfw": "湖北省富池闸断面对应汇水范围", "kzdy": "富水（湖北省，江西省）控制单元", "id_2": "长江_合并线", "河名": "长江", "级别": 0, "province": "湖北省", "city_2": "黄冈市", "descriptio": "由原始线段合并而成的连续线", "BUFF_DIST": 30.0, "ORIG_FID": 0, "dist_to_river_m": 21181.01, "dist_along_river_m": 850.53, "snap_lon": 115.37646728999997, "snap_lat": 29.97080489 }, "geometry": { "type": "MultiPoint", "coordinates": [ [ 115.217415, 29.880297 ] ] } },
{ "type": "Feature", "properties": { "id": "6478472942110498815", "name": "嘉必优生物技术（武汉）股份有限公司葛店分公司", "type": "其他", "city": "葛店开发区", "lyyj": "长江干流流域", "lyej": "鄂东南片区", "hsfw": "湖北省燕矶断面对应汇水范围", "kzdy": "长江（湖北省）控制单元", "id_2": "长江_合并线", "河名": "长江", "级别": 0, "province": "湖北省", "city_2": "黄冈市", "descriptio": "由原始线段合并而成的连续线", "BUFF_DIST": 30.0, "ORIG_FID": 0, "dist_to_river_m": 3969.4, "dist_along_river_m": 160106.2, "snap_lon": 114.66448776, "snap_lat": 30.57243951 }, "geometry": { "type": "MultiPoint", "coordinates": [ [ 114.675896, 30.543348 ] ] } },
{ "type": "Feature", "properties": { "id": "6478472942123081623", "name": "湖北凌峰水泥股份有限公司", "type": "水泥", "city": "鄂城区", "lyyj": "长江干流流域", "lyej": "鄂东南片区", "hsfw": "湖北省樊口断面对应汇水范围", "kzdy": "梁子湖（湖北省）控制单元", "id_2": "长江_合并线", "河名": "长江", "级别": 0, "province": "湖北省", "city_2": "黄冈市", "descriptio": "由原始线段合并而成的连续线", "BUFF_DIST": 30.0, "ORIG_FID": 0, "dist_to_river_m": 18834.39, "dist_along_river_m": 96766.25, "snap_lon": 114.9059477, "snap_lat": 30.41353479 }, "geometry": { "type": "MultiPoint", "coordinates": [ [ 114.875343, 30.269926 ] ] } },
{ "type": "Feature", "properties": { "id": "6478472942206967771", "name": "鄂州蓝工水务有限公司葛华污水处理厂", "type": "其他", "city": "葛店开发区", "lyyj": "长江干流流域", "lyej": "鄂东南片区", "hsfw": "湖北省燕矶断面对应汇水范围", "kzdy": "长江（湖北省）控制单元", "id_2": "长江_合并线", "河名": "长江", "级别": 0, "province": "湖北省", "city_2": "黄冈市", "descriptio": "由原始线段合并而成的连续线", "BUFF_DIST": 30.0, "ORIG_FID": 0, "dist_to_river_m": 5630.59, "dist_along_river_m": 157622.89, "snap_lon": 114.68597445811788, "snap_lat": 30.576384282260349 }, "geometry": { "type": "MultiPoint", "coordinates": [ [ 114.69123, 30.533063 ] ] } },
{ "type": "Feature", "properties": { "id": "6478472942211161783", "name": "鄂州市申宝建材有限公司", "type": "其他", "city": "鄂城区", "lyyj": "长江干流流域", "lyej": "鄂东南片区", "hsfw": "湖北省燕矶断面对应汇水范围", "kzdy": "长江（湖北省）控制单元", "id_2": "长江_合并线", "河名": "长江", "级别": 0, "province": "湖北省", "city_2": "黄冈市", "descriptio": "由原始线段合并而成的连续线", "BUFF_DIST": 30.0, "ORIG_FID": 0, "dist_to_river_m": 9496.56, "dist_along_river_m": 98759.86, "snap_lon": 114.88861912, "snap_lat": 30.41687384 }, "geometry": { "type": "MultiPoint", "coordinates": [ [ 114.86495, 30.346169 ] ] } },
{ "type": "Feature", "properties": { "id": "6478472942215356324", "name": "宝武集团鄂城钢铁有限公司", "type": "其他", "city": "鄂城区", "lyyj": "长江干流流域", "lyej": "鄂东南片区", "hsfw": "湖北省燕矶断面对应汇水范围", "kzdy": "长江（湖北省）控制单元", "id_2": "长江_合并线", "河名": "长江", "级别": 0, "province": "湖北省", "city_2": "黄冈市", "descriptio": "由原始线段合并而成的连续线", "BUFF_DIST": 30.0, "ORIG_FID": 0, "dist_to_river_m": 3001.74, "dist_along_river_m": 100122.31, "snap_lon": 114.87696846000001, "snap_lat": 30.41988578 }, "geometry": { "type": "MultiPoint", "coordinates": [ [ 114.864722, 30.399167 ] ] } },
{ "type": "Feature", "properties": { "id": "6478472942353768422", "name": "湖北新进纺织科技有限公司", "type": "印染", "city": "赤壁市", "lyyj": "长江干流流域", "lyej": "鄂东南片区", "hsfw": "湖北省黄龙镇断面对应汇水范围", "kzdy": "陆水（湖北省）控制单元", "id_2": "长江_合并线", "河名": "长江", "级别": 0, "province": "湖北省", "city_2": "黄冈市", "descriptio": "由原始线段合并而成的连续线", "BUFF_DIST": 30.0, "ORIG_FID": 0, "dist_to_river_m": 27957.02, "dist_along_river_m": 381533.87, "snap_lon": 113.80265738, "snap_lat": 29.926911369999988 }, "geometry": { "type": "MultiPoint", "coordinates": [ [ 113.89076, 29.72288 ] ] } },
{ "type": "Feature", "properties": { "id": "6478472942362157023", "name": "湖北卓群铝业有限公司", "type": "其他", "city": "大冶市", "lyyj": "长江干流流域", "lyej": "鄂东南片区", "hsfw": "湖北省白浒山断面对应汇水范围", "kzdy": "长江（湖北省）控制单元", "id_2": "长江_合并线", "河名": "长江", "级别": 0, "province": "湖北省", "city_2": "黄冈市", "descriptio": "由原始线段合并而成的连续线", "BUFF_DIST": 30.0, "ORIG_FID": 0, "dist_to_river_m": 6349.13, "dist_along_river_m": 218236.65, "snap_lon": 114.30068691, "snap_lat": 30.57845409 }, "geometry": { "type": "MultiPoint", "coordinates": [ [ 114.34844, 30.5516 ] ] } },
{ "type": "Feature", "properties": { "id": "6478472942366351359", "name": "湖北远大生命科学与技术有限责任公司", "type": "其他", "city": "阳新县", "lyyj": "长江干流流域", "lyej": "鄂东五河片区", "hsfw": "湖北省富池闸断面对应汇水范围", "kzdy": "富水（湖北省，江西省）控制单元", "id_2": "长江_合并线", "河名": "长江", "级别": 0, "province": "湖北省", "city_2": "黄冈市", "descriptio": "由原始线段合并而成的连续线", "BUFF_DIST": 30.0, "ORIG_FID": 0, "dist_to_river_m": 15158.98, "dist_along_river_m": 0.0, "snap_lon": 115.3819062836765, "snap_lat": 29.966159302872203 }, "geometry": { "type": "MultiPoint", "coordinates": [ [ 115.45089, 29.864393 ] ] } },
{ "type": "Feature", "properties": { "id": "6478472942404100053", "name": "蕲春县兴龙污水处理有限公司", "type": "其他", "city": "蕲春县", "lyyj": "长江干流流域", "lyej": "鄂东南片区", "hsfw": "湖北省白浒山断面对应汇水范围", "kzdy": "长江（湖北省）控制单元", "id_2": "长江_合并线", "河名": "长江", "级别": 0, "province": "湖北省", "city_2": "黄冈市", "descriptio": "由原始线段合并而成的连续线", "BUFF_DIST": 30.0, "ORIG_FID": 0, "dist_to_river_m": 1266.15, "dist_along_river_m": 216991.53, "snap_lon": 114.30670105, "snap_lat": 30.58646976 }, "geometry": { "type": "MultiPoint", "coordinates": [ [ 114.3162, 30.581084 ] ] } },
{ "type": "Feature", "properties": { "id": "6478472942504763251", "name": "浦项奥斯特姆（武汉）汽车配件有限公司", "type": "其他", "city": "洪山区", "lyyj": "长江干流流域", "lyej": "鄂东南片区", "hsfw": "湖北省白浒山断面对应汇水范围", "kzdy": "长江（湖北省）控制单元", "id_2": "长江_合并线", "河名": "长江", "级别": 0, "province": "湖北省", "city_2": "黄冈市", "descriptio": "由原始线段合并而成的连续线", "BUFF_DIST": 30.0, "ORIG_FID": 0, "dist_to_river_m": 6349.13, "dist_along_river_m": 218236.65, "snap_lon": 114.30068691, "snap_lat": 30.57845409 }, "geometry": { "type": "MultiPoint", "coordinates": [ [ 114.34844, 30.5516 ] ] } },
{ "type": "Feature", "properties": { "id": "6478472942513151961", "name": "湖北锦俏织造有限公司", "type": "其他", "city": "罗田县", "lyyj": "长江干流流域", "lyej": "鄂东五河片区", "hsfw": "湖北省兰溪大桥断面对应汇水范围", "kzdy": "浠水（湖北省）控制单元", "id_2": "长江_合并线", "河名": "长江", "级别": 0, "province": "湖北省", "city_2": "黄冈市", "descriptio": "由原始线段合并而成的连续线", "BUFF_DIST": 30.0, "ORIG_FID": 0, "dist_to_river_m": 20637.61, "dist_along_river_m": 72631.4, "snap_lon": 115.10294797, "snap_lat": 30.3638782 }, "geometry": { "type": "MultiPoint", "coordinates": [ [ 115.263824, 30.443342 ] ] } },
{ "type": "Feature", "properties": { "id": "6478472942609620885", "name": "武汉东运制版有限公司", "type": "印刷", "city": "硚口区", "lyyj": "长江干流流域", "lyej": "府澴河片区", "hsfw": "湖北省朱家河口断面对应汇水范围", "kzdy": "涢水（湖北省）控制单元", "id_2": "长江_合并线", "河名": "长江", "级别": 0, "province": "湖北省", "city_2": "黄冈市", "descriptio": "由原始线段合并而成的连续线", "BUFF_DIST": 30.0, "ORIG_FID": 0, "dist_to_river_m": 12013.07, "dist_along_river_m": 220487.13, "snap_lon": 114.28992449, "snap_lat": 30.56393616000001 }, "geometry": { "type": "MultiPoint", "coordinates": [ [ 114.194331, 30.607045 ] ] } },
{ "type": "Feature", "properties": { "id": "6478472942609620898", "name": "武汉重型机床集团有限公司", "type": "其他", "city": "东湖高新开发区", "lyyj": "长江干流流域", "lyej": "鄂东南片区", "hsfw": "湖北省杨泗港断面对应汇水范围", "kzdy": "长江（湖北省）控制单元", "id_2": "长江_合并线", "河名": "长江", "级别": 0, "province": "湖北省", "city_2": "黄冈市", "descriptio": "由原始线段合并而成的连续线", "BUFF_DIST": 30.0, "ORIG_FID": 0, "dist_to_river_m": 19526.42, "dist_along_river_m": 168548.18, "snap_lon": 114.59398125000001, "snap_lat": 30.5682808 }, "geometry": { "type": "MultiPoint", "coordinates": [ [ 114.46709, 30.463949 ] ] } },
{ "type": "Feature", "properties": { "id": "6478472942706089942", "name": "湖北米婆婆生物科技股份有限公司", "type": "其他", "city": "直辖区", "lyyj": "长江干流流域", "lyej": "鄂东南片区", "hsfw": "湖北省白浒山断面对应汇水范围", "kzdy": "长江（湖北省）控制单元", "id_2": "长江_合并线", "河名": "长江", "级别": 0, "province": "湖北省", "city_2": "黄冈市", "descriptio": "由原始线段合并而成的连续线", "BUFF_DIST": 30.0, "ORIG_FID": 0, "dist_to_river_m": 6349.13, "dist_along_river_m": 218236.65, "snap_lon": 114.30068691, "snap_lat": 30.57845409 }, "geometry": { "type": "MultiPoint", "coordinates": [ [ 114.34844, 30.5516 ] ] } },
{ "type": "Feature", "properties": { "id": "6478472942752227317", "name": "中电建武汉铁塔有限公司阳逻分公司", "type": "其他", "city": "长江新区", "lyyj": "长江干流流域", "lyej": "府澴河片区", "hsfw": "湖北省白浒山断面对应汇水范围", "kzdy": "长江（湖北省）控制单元", "id_2": "长江_合并线", "河名": "长江", "级别": 0, "province": "湖北省", "city_2": "黄冈市", "descriptio": "由原始线段合并而成的连续线", "BUFF_DIST": 30.0, "ORIG_FID": 0, "dist_to_river_m": 9464.09, "dist_along_river_m": 183644.13, "snap_lon": 114.5346005, "snap_lat": 30.67144809 }, "geometry": { "type": "MultiPoint", "coordinates": [ [ 114.59528, 30.722652 ] ] } },
{ "type": "Feature", "properties": { "id": "6478472942827724781", "name": "武汉太康医院有限公司", "type": "其他", "city": "东西湖区", "lyyj": "长江干流流域", "lyej": "鄂东南片区", "hsfw": "湖北省白浒山断面对应汇水范围", "kzdy": "长江（湖北省）控制单元", "id_2": "长江_合并线", "河名": "长江", "级别": 0, "province": "湖北省", "city_2": "黄冈市", "descriptio": "由原始线段合并而成的连续线", "BUFF_DIST": 30.0, "ORIG_FID": 0, "dist_to_river_m": 6349.13, "dist_along_river_m": 218236.65, "snap_lon": 114.30068691, "snap_lat": 30.57845409 }, "geometry": { "type": "MultiPoint", "coordinates": [ [ 114.34844, 30.5516 ] ] } },
{ "type": "Feature", "properties": { "id": "6478472942949359577", "name": "嘉鱼县畈湖污水处理有限公司", "type": "其他", "city": "嘉鱼县", "lyyj": "长江干流流域", "lyej": "鄂东南片区", "hsfw": "湖北省纱帽断面对应汇水范围", "kzdy": "长江（湖北省）控制单元", "id_2": "长江_合并线", "河名": "长江", "级别": 0, "province": "湖北省", "city_2": "黄冈市", "descriptio": "由原始线段合并而成的连续线", "BUFF_DIST": 30.0, "ORIG_FID": 0, "dist_to_river_m": 5217.18, "dist_along_river_m": 273103.15, "snap_lon": 114.05404606, "snap_lat": 30.22409467 }, "geometry": { "type": "MultiPoint", "coordinates": [ [ 114.086006, 30.194471 ] ] } },
{ "type": "Feature", "properties": { "id": "6478472942961942440", "name": "格力电器（武汉）有限公司", "type": "其他", "city": "经开区", "lyyj": null, "lyej": null, "hsfw": "湖北省纱帽断面对应汇水范围", "kzdy": "长江（湖北省）控制单元", "id_2": "长江_合并线", "河名": "长江", "级别": 0, "province": "湖北省", "city_2": "黄冈市", "descriptio": "由原始线段合并而成的连续线", "BUFF_DIST": 30.0, "ORIG_FID": 0, "dist_to_river_m": 7424.58, "dist_along_river_m": 355234.28, "snap_lon": 113.97414406999998, "snap_lat": 30.05322931 }, "geometry": { "type": "MultiPoint", "coordinates": [ [ 114.0, 30.0 ] ] } },
{ "type": "Feature", "properties": { "id": "6478472942995496942", "name": "武汉金方元水务有限公司", "type": "其他", "city": "江夏区", "lyyj": "长江干流流域", "lyej": "鄂东南片区", "hsfw": "湖北省杨泗港断面对应汇水范围", "kzdy": "长江（湖北省）控制单元", "id_2": "长江_合并线", "河名": "长江", "级别": 0, "province": "湖北省", "city_2": "黄冈市", "descriptio": "由原始线段合并而成的连续线", "BUFF_DIST": 30.0, "ORIG_FID": 0, "dist_to_river_m": 5366.93, "dist_along_river_m": 246453.28, "snap_lon": 114.16498993999998, "snap_lat": 30.39972792 }, "geometry": { "type": "MultiPoint", "coordinates": [ [ 114.20595, 30.377792 ] ] } },
{ "type": "Feature", "properties": { "id": "6478472943029051338", "name": "大冶尖峰水泥有限公司", "type": "水泥", "city": "大冶市", "lyyj": "长江干流流域", "lyej": "鄂东南片区", "hsfw": "湖北省风波港（右岸）断面对应汇水范围", "kzdy": "长江（湖北省）控制单元", "id_2": "长江_合并线", "河名": "长江", "级别": 0, "province": "湖北省", "city_2": "黄冈市", "descriptio": "由原始线段合并而成的连续线", "BUFF_DIST": 30.0, "ORIG_FID": 0, "dist_to_river_m": 2605.61, "dist_along_river_m": 50890.5, "snap_lon": 115.10136178, "snap_lat": 30.217685 }, "geometry": { "type": "MultiPoint", "coordinates": [ [ 115.09, 30.2 ] ] } },
{ "type": "Feature", "properties": { "id": "6478472943033245622", "name": "武汉中原瑞德生物制品有限责任公司", "type": "其他", "city": "东湖高新开发区", "lyyj": "长江干流流域", "lyej": "鄂东南片区", "hsfw": "湖北省西梁子湖湖心（南北嘴）/牛山湖湖心/西梁子湖湖北/西梁子湖湖南断面对应汇水范围", "kzdy": "梁子湖（湖北省）控制单元", "id_2": "长江_合并线", "河名": "长江", "级别": 0, "province": "湖北省", "city_2": "黄冈市", "descriptio": "由原始线段合并而成的连续线", "BUFF_DIST": 30.0, "ORIG_FID": 0, "dist_to_river_m": 12988.73, "dist_along_river_m": 168386.85, "snap_lon": 114.59519041, "snap_lat": 30.56759746 }, "geometry": { "type": "MultiPoint", "coordinates": [ [ 114.535455, 30.481259 ] ] } },
{ "type": "Feature", "properties": { "id": "6478472943075188688", "name": "武汉市汉口医院", "type": "其他", "city": "江岸区", "lyyj": "长江干流流域", "lyej": "府澴河片区", "hsfw": "湖北省白浒山断面对应汇水范围", "kzdy": "长江（湖北省）控制单元", "id_2": "长江_合并线", "河名": "长江", "级别": 0, "province": "湖北省", "city_2": "黄冈市", "descriptio": "由原始线段合并而成的连续线", "BUFF_DIST": 30.0, "ORIG_FID": 0, "dist_to_river_m": 3267.75, "dist_along_river_m": 213127.8, "snap_lon": 114.32477174999998, "snap_lat": 30.61163874 }, "geometry": { "type": "MultiPoint", "coordinates": [ [ 114.299742, 30.624837 ] ] } },
{ "type": "Feature", "properties": { "id": "6478472943121326012", "name": "湖北乾康食品有限公司", "type": "其他", "city": "红安县", "lyyj": "长江干流流域", "lyej": "府澴河片区", "hsfw": "湖北省白浒山断面对应汇水范围", "kzdy": "长江（湖北省）控制单元", "id_2": "长江_合并线", "河名": "长江", "级别": 0, "province": "湖北省", "city_2": "黄冈市", "descriptio": "由原始线段合并而成的连续线", "BUFF_DIST": 30.0, "ORIG_FID": 0, "dist_to_river_m": 1845.36, "dist_along_river_m": 216510.72, "snap_lon": 114.30890107, "snap_lat": 30.58962581 }, "geometry": { "type": "MultiPoint", "coordinates": [ [ 114.294976, 30.597368 ] ] } },
{ "type": "Feature", "properties": { "id": "6478472943129714667", "name": "武汉大学中南医院", "type": "其他", "city": "武昌区", "lyyj": "长江干流流域", "lyej": "鄂东南片区", "hsfw": "湖北省白浒山断面对应汇水范围", "kzdy": "长江（湖北省）控制单元", "id_2": "长江_合并线", "河名": "长江", "级别": 0, "province": "湖北省", "city_2": "黄冈市", "descriptio": "由原始线段合并而成的连续线", "BUFF_DIST": 30.0, "ORIG_FID": 0, "dist_to_river_m": 6907.07, "dist_along_river_m": 216884.22, "snap_lon": 114.30722284, "snap_lat": 30.58715807000001 }, "geometry": { "type": "MultiPoint", "coordinates": [ [ 114.35971, 30.558668 ] ] } },
{ "type": "Feature", "properties": { "id": "6478472943133908935", "name": "武汉中彭化学科技有限公司", "type": "其他", "city": "青山区", "lyyj": "长江干流流域", "lyej": "鄂东南片区", "hsfw": "湖北省白浒山断面对应汇水范围", "kzdy": "长江（湖北省）控制单元", "id_2": "长江_合并线", "河名": "长江", "级别": 0, "province": "湖北省", "city_2": "黄冈市", "descriptio": "由原始线段合并而成的连续线", "BUFF_DIST": 30.0, "ORIG_FID": 0, "dist_to_river_m": 6476.44, "dist_along_river_m": 179200.48, "snap_lon": 114.55303642, "snap_lat": 30.64131521 }, "geometry": { "type": "MultiPoint", "coordinates": [ [ 114.50046, 30.619881 ] ] } },
{ "type": "Feature", "properties": { "id": "6478472943138103224", "name": "湖北西塞山发电有限公司", "type": "其他", "city": "西塞山区", "lyyj": "长江干流流域", "lyej": "鄂东五河片区", "hsfw": "湖北省风波港（右岸）断面对应汇水范围", "kzdy": "长江（湖北省）控制单元", "id_2": "长江_合并线", "河名": "长江", "级别": 0, "province": "湖北省", "city_2": "黄冈市", "descriptio": "由原始线段合并而成的连续线", "BUFF_DIST": 30.0, "ORIG_FID": 0, "dist_to_river_m": 46.06, "dist_along_river_m": 51465.28, "snap_lon": 115.09677179, "snap_lat": 30.21967063000001 }, "geometry": { "type": "MultiPoint", "coordinates": [ [ 115.09701, 30.219963 ] ] } },
{ "type": "Feature", "properties": { "id": "6478472943205212060", "name": "武汉亿科德精细化工有限公司", "type": "其他", "city": "黄州区", "lyyj": "长江干流流域", "lyej": "鄂东五河片区", "hsfw": "湖北省巴河镇河口断面对应汇水范围", "kzdy": "巴河（湖北省）控制单元", "id_2": "长江_合并线", "河名": "长江", "级别": 0, "province": "湖北省", "city_2": "黄冈市", "descriptio": "由原始线段合并而成的连续线", "BUFF_DIST": 30.0, "ORIG_FID": 0, "dist_to_river_m": 14207.8, "dist_along_river_m": 130105.56, "snap_lon": 114.88874844000001, "snap_lat": 30.59677443 }, "geometry": { "type": "MultiPoint", "coordinates": [ [ 115.01563, 30.584887 ] ] } },
{ "type": "Feature", "properties": { "id": "6478472943226183643", "name": "湖北新盛色织有限公司", "type": "其他", "city": "团风县", "lyyj": "长江干流流域", "lyej": "鄂东五河片区", "hsfw": "湖北省燕矶断面对应汇水范围", "kzdy": "长江（湖北省）控制单元", "id_2": "长江_合并线", "河名": "长江", "级别": 0, "province": "湖北省", "city_2": "黄冈市", "descriptio": "由原始线段合并而成的连续线", "BUFF_DIST": 30.0, "ORIG_FID": 0, "dist_to_river_m": 3245.17, "dist_along_river_m": 135348.52, "snap_lon": 114.8628523, "snap_lat": 30.62821904 }, "geometry": { "type": "MultiPoint", "coordinates": [ [ 114.878525, 30.649368 ] ] } },
{ "type": "Feature", "properties": { "id": "6478472943238766490", "name": "襄阳市第一人民医院西院区", "type": null, "city": "樊城区", "lyyj": "长江干流流域", "lyej": "鄂东南片区", "hsfw": "湖北省白浒山断面对应汇水范围", "kzdy": "长江（湖北省）控制单元", "id_2": "长江_合并线", "河名": "长江", "级别": 0, "province": "湖北省", "city_2": "黄冈市", "descriptio": "由原始线段合并而成的连续线", "BUFF_DIST": 30.0, "ORIG_FID": 0, "dist_to_river_m": 6349.13, "dist_along_river_m": 218236.65, "snap_lon": 114.30068691, "snap_lat": 30.57845409 }, "geometry": { "type": "MultiPoint", "coordinates": [ [ 114.34844, 30.5516 ] ] } },
{ "type": "Feature", "properties": { "id": "6478472943259738101", "name": "谷城钜沣陶瓷有限公司", "type": "其他", "city": "谷城县", "lyyj": "长江干流流域", "lyej": "府澴河片区", "hsfw": "湖北省白浒山断面对应汇水范围", "kzdy": "长江（湖北省）控制单元", "id_2": "长江_合并线", "河名": "长江", "级别": 0, "province": "湖北省", "city_2": "黄冈市", "descriptio": "由原始线段合并而成的连续线", "BUFF_DIST": 30.0, "ORIG_FID": 0, "dist_to_river_m": 1845.36, "dist_along_river_m": 216510.72, "snap_lon": 114.30890107, "snap_lat": 30.58962581 }, "geometry": { "type": "MultiPoint", "coordinates": [ [ 114.294976, 30.597368 ] ] } },
{ "type": "Feature", "properties": { "id": "6478472943322652615", "name": "武汉平煤武钢联合焦化有限责任公司", "type": "其他", "city": "青山区", "lyyj": "长江干流流域", "lyej": "鄂东南片区", "hsfw": "湖北省白浒山断面对应汇水范围", "kzdy": "长江（湖北省）控制单元", "id_2": "长江_合并线", "河名": "长江", "级别": 0, "province": "湖北省", "city_2": "黄冈市", "descriptio": "由原始线段合并而成的连续线", "BUFF_DIST": 30.0, "ORIG_FID": 0, "dist_to_river_m": 6432.51, "dist_along_river_m": 193308.07, "snap_lon": 114.45623932000001, "snap_lat": 30.69622436 }, "geometry": { "type": "MultiPoint", "coordinates": [ [ 114.45455, 30.646545 ] ] } },
{ "type": "Feature", "properties": { "id": "6478472943335235478", "name": "孝昌信环水务有限公司中信环境水务(孝昌)有限公司", "type": null, "city": "孝昌县", "lyyj": "长江干流流域", "lyej": "鄂东南片区", "hsfw": "湖北省白浒山断面对应汇水范围", "kzdy": "长江（湖北省）控制单元", "id_2": "长江_合并线", "河名": "长江", "级别": 0, "province": "湖北省", "city_2": "黄冈市", "descriptio": "由原始线段合并而成的连续线", "BUFF_DIST": 30.0, "ORIG_FID": 0, "dist_to_river_m": 6349.13, "dist_along_river_m": 218236.65, "snap_lon": 114.30068691, "snap_lat": 30.57845409 }, "geometry": { "type": "MultiPoint", "coordinates": [ [ 114.34844, 30.5516 ] ] } },
{ "type": "Feature", "properties": { "id": "6478472943393955816", "name": "湖北红日子农业科技有限公司", "type": "其他", "city": "天门市", "lyyj": "长江干流流域", "lyej": "府澴河片区", "hsfw": "湖北省白浒山断面对应汇水范围", "kzdy": "长江（湖北省）控制单元", "id_2": "长江_合并线", "河名": "长江", "级别": 0, "province": "湖北省", "city_2": "黄冈市", "descriptio": "由原始线段合并而成的连续线", "BUFF_DIST": 30.0, "ORIG_FID": 0, "dist_to_river_m": 1845.36, "dist_along_river_m": 216510.72, "snap_lon": 114.30890107, "snap_lat": 30.58962581 }, "geometry": { "type": "MultiPoint", "coordinates": [ [ 114.294976, 30.597368 ] ] } },
{ "type": "Feature", "properties": { "id": "6478472943435898837", "name": "湖北金玉兰医药科技有限公司", "type": "其他", "city": "天门市", "lyyj": "长江干流流域", "lyej": "鄂东南片区", "hsfw": "湖北省白浒山断面对应汇水范围", "kzdy": "长江（湖北省）控制单元", "id_2": "长江_合并线", "河名": "长江", "级别": 0, "province": "湖北省", "city_2": "黄冈市", "descriptio": "由原始线段合并而成的连续线", "BUFF_DIST": 30.0, "ORIG_FID": 0, "dist_to_river_m": 6349.13, "dist_along_river_m": 218236.65, "snap_lon": 114.30068691, "snap_lat": 30.57845409 }, "geometry": { "type": "MultiPoint", "coordinates": [ [ 114.34844, 30.5516 ] ] } },
{ "type": "Feature", "properties": { "id": "6478472943595282316", "name": "升阳食品（武汉）有限公司", "type": "其他", "city": "长江新区", "lyyj": "长江干流流域", "lyej": "府澴河片区", "hsfw": "湖北省白浒山断面对应汇水范围", "kzdy": "长江（湖北省）控制单元", "id_2": "长江_合并线", "河名": "长江", "级别": 0, "province": "湖北省", "city_2": "黄冈市", "descriptio": "由原始线段合并而成的连续线", "BUFF_DIST": 30.0, "ORIG_FID": 0, "dist_to_river_m": 3358.43, "dist_along_river_m": 180707.5, "snap_lon": 114.54719627, "snap_lat": 30.65176655 }, "geometry": { "type": "MultiPoint", "coordinates": [ [ 114.573845, 30.663933 ] ] } },
{ "type": "Feature", "properties": { "id": "6478472943641419684", "name": "中百集团武汉生鲜食品加工配送有限公司", "type": "其他", "city": "江夏区", "lyyj": "长江干流流域", "lyej": "鄂东南片区", "hsfw": "湖北省杨泗港断面对应汇水范围", "kzdy": "长江（湖北省）控制单元", "id_2": "长江_合并线", "河名": "长江", "级别": 0, "province": "湖北省", "city_2": "黄冈市", "descriptio": "由原始线段合并而成的连续线", "BUFF_DIST": 30.0, "ORIG_FID": 0, "dist_to_river_m": 12646.44, "dist_along_river_m": 234733.23, "snap_lon": 114.22456554, "snap_lat": 30.47126252 }, "geometry": { "type": "MultiPoint", "coordinates": [ [ 114.31817, 30.415762 ] ] } },
{ "type": "Feature", "properties": { "id": "6478472943674974153", "name": "武汉华星光电技术有限公司", "type": "其他", "city": "东湖高新开发区", "lyyj": "长江干流流域", "lyej": "鄂东南片区", "hsfw": "湖北省杨泗港断面对应汇水范围", "kzdy": "长江（湖北省）控制单元", "id_2": "长江_合并线", "河名": "长江", "级别": 0, "province": "湖北省", "city_2": "黄冈市", "descriptio": "由原始线段合并而成的连续线", "BUFF_DIST": 30.0, "ORIG_FID": 0, "dist_to_river_m": 17533.18, "dist_along_river_m": 219507.99, "snap_lon": 114.29466216, "snap_lat": 30.57021094 }, "geometry": { "type": "MultiPoint", "coordinates": [ [ 114.429504, 30.500105 ] ] } },
{ "type": "Feature", "properties": { "id": "6478472943708528560", "name": "武汉天马微电子有限公司(左岭厂区)", "type": "其他", "city": "东湖高新开发区", "lyyj": "长江干流流域", "lyej": "鄂东南片区", "hsfw": "湖北省白浒山断面对应汇水范围", "kzdy": "长江（湖北省）控制单元", "id_2": "长江_合并线", "河名": "长江", "级别": 0, "province": "湖北省", "city_2": "黄冈市", "descriptio": "由原始线段合并而成的连续线", "BUFF_DIST": 30.0, "ORIG_FID": 0, "dist_to_river_m": 6349.13, "dist_along_river_m": 218236.65, "snap_lon": 114.30068691, "snap_lat": 30.57845409 }, "geometry": { "type": "MultiPoint", "coordinates": [ [ 114.34844, 30.5516 ] ] } },
{ "type": "Feature", "properties": { "id": "6478472943725305719", "name": "湖北丰展五金制品有限公司", "type": "其他", "city": "西塞山区", "lyyj": "长江干流流域", "lyej": "鄂东南片区", "hsfw": "湖北省中官铺断面对应汇水范围", "kzdy": "长江（湖北省）控制单元", "id_2": "长江_合并线", "河名": "长江", "级别": 0, "province": "湖北省", "city_2": "黄冈市", "descriptio": "由原始线段合并而成的连续线", "BUFF_DIST": 30.0, "ORIG_FID": 0, "dist_to_river_m": 1929.49, "dist_along_river_m": 34423.61, "snap_lon": 115.23253409, "snap_lat": 30.19105585000001 }, "geometry": { "type": "MultiPoint", "coordinates": [ [ 115.21856, 30.182192 ] ] } },
{ "type": "Feature", "properties": { "id": "6478472943758860220", "name": "马应龙药业集团股份有限公司", "type": "其他", "city": "洪山区", "lyyj": "长江干流流域", "lyej": "鄂东南片区", "hsfw": "湖北省杨泗港断面对应汇水范围", "kzdy": "长江（湖北省）控制单元", "id_2": "长江_合并线", "河名": "长江", "级别": 0, "province": "湖北省", "city_2": "黄冈市", "descriptio": "由原始线段合并而成的连续线", "BUFF_DIST": 30.0, "ORIG_FID": 0, "dist_to_river_m": 7894.52, "dist_along_river_m": 226569.84, "snap_lon": 114.26965742999998, "snap_lat": 30.52061824 }, "geometry": { "type": "MultiPoint", "coordinates": [ [ 114.32802, 30.485906 ] ] } },
{ "type": "Feature", "properties": { "id": "6478472943851134813", "name": "武汉市城市排水发展有限公司黄浦路污水处理厂", "type": "其他", "city": "江岸区", "lyyj": "长江干流流域", "lyej": "鄂东南片区", "hsfw": "湖北省白浒山断面对应汇水范围", "kzdy": "长江（湖北省）控制单元", "id_2": "长江_合并线", "河名": "长江", "级别": 0, "province": "湖北省", "city_2": "黄冈市", "descriptio": "由原始线段合并而成的连续线", "BUFF_DIST": 30.0, "ORIG_FID": 0, "dist_to_river_m": 3664.54, "dist_along_river_m": 180470.71, "snap_lon": 114.54806005, "snap_lat": 30.65010207 }, "geometry": { "type": "MultiPoint", "coordinates": [ [ 114.51871, 30.637276 ] ] } },
{ "type": "Feature", "properties": { "id": "6478472943897272220", "name": "武汉启瑞药业有限公司江夏分厂", "type": "其他", "city": "江夏区", "lyyj": "长江干流流域", "lyej": "鄂东南片区", "hsfw": "湖北省杨泗港断面对应汇水范围", "kzdy": "长江（湖北省）控制单元", "id_2": "长江_合并线", "河名": "长江", "级别": 0, "province": "湖北省", "city_2": "黄冈市", "descriptio": "由原始线段合并而成的连续线", "BUFF_DIST": 30.0, "ORIG_FID": 0, "dist_to_river_m": 17508.95, "dist_along_river_m": 235158.88, "snap_lon": 114.2223536, "snap_lat": 30.46859894 }, "geometry": { "type": "MultiPoint", "coordinates": [ [ 114.351283, 30.39092 ] ] } },
{ "type": "Feature", "properties": { "id": "6478472943901466559", "name": "武汉钢电股份有限公司", "type": "其他", "city": "青山区", "lyyj": "长江干流流域", "lyej": "鄂东南片区", "hsfw": "湖北省白浒山断面对应汇水范围", "kzdy": "长江（湖北省）控制单元", "id_2": "长江_合并线", "河名": "长江", "级别": 0, "province": "湖北省", "city_2": "黄冈市", "descriptio": "由原始线段合并而成的连续线", "BUFF_DIST": 30.0, "ORIG_FID": 0, "dist_to_river_m": 9683.25, "dist_along_river_m": 198396.09, "snap_lon": 114.41200295999998, "snap_lat": 30.68980318 }, "geometry": { "type": "MultiPoint", "coordinates": [ [ 114.437778, 30.618333 ] ] } },
{ "type": "Feature", "properties": { "id": "6478472943960186879", "name": "洪湖市创业水务有限公司", "type": "其他", "city": "洪湖市", "lyyj": "长江干流流域", "lyej": "四湖片区", "hsfw": "湖北省黄盖湖镇右/洪湖湖心A/杨柴湖/排水闸/洪湖湖心B断面对应汇水范围", "kzdy": "长江（湖北省）控制单元", "id_2": "长江_合并线", "河名": "长江", "级别": 0, "province": "湖北省", "city_2": "黄冈市", "descriptio": "由原始线段合并而成的连续线", "BUFF_DIST": 30.0, "ORIG_FID": 0, "dist_to_river_m": 8010.5, "dist_along_river_m": 415348.38, "snap_lon": 113.56577023788245, "snap_lat": 29.850320737936094 }, "geometry": { "type": "MultiPoint", "coordinates": [ [ 113.4975, 29.830591 ] ] } },
{ "type": "Feature", "properties": { "id": "6478472944018907104", "name": "湖北美维铝型材有限责任公司", "type": "其他", "city": "大冶市", "lyyj": "长江干流流域", "lyej": "鄂东南片区", "hsfw": "湖北省大冶湖闸断面对应汇水范围", "kzdy": "长江（湖北省）控制单元", "id_2": "长江_合并线", "河名": "长江", "级别": 0, "province": "湖北省", "city_2": "黄冈市", "descriptio": "由原始线段合并而成的连续线", "BUFF_DIST": 30.0, "ORIG_FID": 0, "dist_to_river_m": 18723.83, "dist_along_river_m": 54343.23, "snap_lon": 115.07833088, "snap_lat": 30.23477003 }, "geometry": { "type": "MultiPoint", "coordinates": [ [ 114.94811, 30.14275 ] ] } },
{ "type": "Feature", "properties": { "id": "6478472944065044433", "name": "湖北亚东水泥有限公司", "type": "水泥", "city": "长江新区", "lyyj": "长江干流流域", "lyej": "鄂东五河片区", "hsfw": "湖北省沐家泾断面对应汇水范围", "kzdy": "举水（湖北省）控制单元", "id_2": "长江_合并线", "河名": "长江", "级别": 0, "province": "湖北省", "city_2": "黄冈市", "descriptio": "由原始线段合并而成的连续线", "BUFF_DIST": 30.0, "ORIG_FID": 0, "dist_to_river_m": 27928.2, "dist_along_river_m": 138786.31, "snap_lon": 114.83330042, "snap_lat": 30.63275081 }, "geometry": { "type": "MultiPoint", "coordinates": [ [ 114.80754, 30.847244 ] ] } },
{ "type": "Feature", "properties": { "id": "6478472944153124766", "name": "上达电子（黄石）股份有限公司", "type": "其他", "city": "经济开发区", "lyyj": "长江干流流域", "lyej": "鄂东南片区", "hsfw": "湖北省大冶湖闸断面对应汇水范围", "kzdy": "长江（湖北省）控制单元", "id_2": "长江_合并线", "河名": "长江", "级别": 0, "province": "湖北省", "city_2": "黄冈市", "descriptio": "由原始线段合并而成的连续线", "BUFF_DIST": 30.0, "ORIG_FID": 0, "dist_to_river_m": 12239.67, "dist_along_river_m": 51887.37, "snap_lon": 115.09343482, "snap_lat": 30.22120303000001 }, "geometry": { "type": "MultiPoint", "coordinates": [ [ 115.03031, 30.143383 ] ] } },
{ "type": "Feature", "properties": { "id": "6478472944174096366", "name": "武汉市城市排水发展有限公司南太子湖污水处理厂", "type": "其他", "city": "经开区", "lyyj": "长江干流流域", "lyej": "鄂东南片区", "hsfw": "湖北省白浒山断面对应汇水范围", "kzdy": "长江（湖北省）控制单元", "id_2": "长江_合并线", "河名": "长江", "级别": 0, "province": "湖北省", "city_2": "黄冈市", "descriptio": "由原始线段合并而成的连续线", "BUFF_DIST": 30.0, "ORIG_FID": 0, "dist_to_river_m": 3664.54, "dist_along_river_m": 180470.71, "snap_lon": 114.54806005, "snap_lat": 30.65010207 }, "geometry": { "type": "MultiPoint", "coordinates": [ [ 114.51871, 30.637276 ] ] } },
{ "type": "Feature", "properties": { "id": "3563570257094281405", "name": "武汉亚洲心脏病医院", "type": "其他", "city": "江汉区", "lyyj": "长江干流流域", "lyej": "府澴河片区", "hsfw": "湖北省白浒山断面对应汇水范围", "kzdy": "长江（湖北省）控制单元", "id_2": "长江_合并线", "河名": "长江", "级别": 0, "province": "湖北省", "city_2": "黄冈市", "descriptio": "由原始线段合并而成的连续线", "BUFF_DIST": 30.0, "ORIG_FID": 0, "dist_to_river_m": 1814.13, "dist_along_river_m": 217878.09, "snap_lon": 114.30231743999998, "snap_lat": 30.58081847000001 }, "geometry": { "type": "MultiPoint", "coordinates": [ [ 114.288864, 30.588736 ] ] } },
{ "type": "Feature", "properties": { "id": "3591519570390683115", "name": "宏锐兴（湖北）电子有限责任公司", "type": null, "city": "经济开发区", "lyyj": "长江干流流域", "lyej": "鄂东南片区", "hsfw": "湖北省大冶湖闸断面对应汇水范围", "kzdy": "长江（湖北省）控制单元", "id_2": "长江_合并线", "河名": "长江", "级别": 0, "province": "湖北省", "city_2": "黄冈市", "descriptio": "由原始线段合并而成的连续线", "BUFF_DIST": 30.0, "ORIG_FID": 0, "dist_to_river_m": 13047.27, "dist_along_river_m": 54002.57, "snap_lon": 115.08023994000001, "snap_lat": 30.2327213 }, "geometry": { "type": "MultiPoint", "coordinates": [ [ 114.9892, 30.168924 ] ] } },
{ "type": "Feature", "properties": { "id": "3591520773325458925", "name": "黄石闻泰通讯有限公司", "type": null, "city": "经济开发区", "lyyj": "长江干流流域", "lyej": "鄂东南片区", "hsfw": "湖北省大冶湖闸断面对应汇水范围", "kzdy": "长江（湖北省）控制单元", "id_2": "长江_合并线", "河名": "长江", "级别": 0, "province": "湖北省", "city_2": "黄冈市", "descriptio": "由原始线段合并而成的连续线", "BUFF_DIST": 30.0, "ORIG_FID": 0, "dist_to_river_m": 6613.42, "dist_along_river_m": 48041.84, "snap_lon": 115.12540401999998, "snap_lat": 30.21165032 }, "geometry": { "type": "MultiPoint", "coordinates": [ [ 115.11862, 30.160633 ] ] } },
{ "type": "Feature", "properties": { "id": "3592414423406349805", "name": "湖北鸿路钢结构有限公司（一厂）", "type": null, "city": "团风县", "lyyj": "长江干流流域", "lyej": "鄂东五河片区", "hsfw": "湖北省燕矶断面对应汇水范围", "kzdy": "长江（湖北省）控制单元", "id_2": "长江_合并线", "河名": "长江", "级别": 0, "province": "湖北省", "city_2": "黄冈市", "descriptio": "由原始线段合并而成的连续线", "BUFF_DIST": 30.0, "ORIG_FID": 0, "dist_to_river_m": 3539.08, "dist_along_river_m": 135719.07, "snap_lon": 114.86015559000001, "snap_lat": 30.62980006000001 }, "geometry": { "type": "MultiPoint", "coordinates": [ [ 114.876743, 30.653135 ] ] } },
{ "type": "Feature", "properties": { "id": "6478425122422775778", "name": "万向（武汉）智造有限公司", "type": "其他", "city": "经开区", "lyyj": "汉江流域", "lyej": "汉江下游片区", "hsfw": "湖北省杨泗港断面对应汇水范围", "kzdy": "长江（湖北省）控制单元", "id_2": "长江_合并线", "河名": "长江", "级别": 0, "province": "湖北省", "city_2": "黄冈市", "descriptio": "由原始线段合并而成的连续线", "BUFF_DIST": 30.0, "ORIG_FID": 0, "dist_to_river_m": 10498.01, "dist_along_river_m": 243650.88, "snap_lon": 114.17507080999998, "snap_lat": 30.41943215 }, "geometry": { "type": "MultiPoint", "coordinates": [ [ 114.08733, 30.449238 ] ] } },
{ "type": "Feature", "properties": { "id": "6478425122443747311", "name": "武汉海尔电冰柜有限公司", "type": null, "city": "经开区", "lyyj": "长江干流流域", "lyej": "鄂东南片区", "hsfw": "湖北省白浒山断面对应汇水范围", "kzdy": "长江（湖北省）控制单元", "id_2": "长江_合并线", "河名": "长江", "级别": 0, "province": "湖北省", "city_2": "黄冈市", "descriptio": "由原始线段合并而成的连续线", "BUFF_DIST": 30.0, "ORIG_FID": 0, "dist_to_river_m": 1266.15, "dist_along_river_m": 216991.53, "snap_lon": 114.30670105, "snap_lat": 30.58646976 }, "geometry": { "type": "MultiPoint", "coordinates": [ [ 114.3162, 30.581084 ] ] } },
{ "type": "Feature", "properties": { "id": "6478472513813340119", "name": "湖北维顿生物科技有限公司", "type": "其他", "city": "天门市", "lyyj": "长江干流流域", "lyej": "府澴河片区", "hsfw": "湖北省白浒山断面对应汇水范围", "kzdy": "长江（湖北省）控制单元", "id_2": "长江_合并线", "河名": "长江", "级别": 0, "province": "湖北省", "city_2": "黄冈市", "descriptio": "由原始线段合并而成的连续线", "BUFF_DIST": 30.0, "ORIG_FID": 0, "dist_to_river_m": 1845.36, "dist_along_river_m": 216510.72, "snap_lon": 114.30890107, "snap_lat": 30.58962581 }, "geometry": { "type": "MultiPoint", "coordinates": [ [ 114.294976, 30.597368 ] ] } },
{ "type": "Feature", "properties": { "id": "6478472600807399406", "name": "湖北省思乐牧业集团有限公司", "type": "其他", "city": "恩施市", "lyyj": "长江干流流域", "lyej": "鄂东南片区", "hsfw": "湖北省西梁子湖湖心（南北嘴）/牛山湖湖心/西梁子湖湖北/西梁子湖湖南断面对应汇水范围", "kzdy": "梁子湖（湖北省）控制单元", "id_2": "长江_合并线", "河名": "长江", "级别": 0, "province": "湖北省", "city_2": "黄冈市", "descriptio": "由原始线段合并而成的连续线", "BUFF_DIST": 30.0, "ORIG_FID": 0, "dist_to_river_m": 23875.37, "dist_along_river_m": 249182.81, "snap_lon": 114.15030437, "snap_lat": 30.38306445 }, "geometry": { "type": "MultiPoint", "coordinates": [ [ 114.3162, 30.265727 ] ] } },
{ "type": "Feature", "properties": { "id": "6478472600861925362", "name": "洪湖市双马新材料科技有限公司", "type": "其他", "city": "洪湖市", "lyyj": "长江干流流域", "lyej": "四湖片区", "hsfw": "湖北省黄盖湖镇右/洪湖湖心A/杨柴湖/排水闸/洪湖湖心B断面对应汇水范围", "kzdy": "长江（湖北省）控制单元", "id_2": "长江_合并线", "河名": "长江", "级别": 0, "province": "湖北省", "city_2": "黄冈市", "descriptio": "由原始线段合并而成的连续线", "BUFF_DIST": 30.0, "ORIG_FID": 0, "dist_to_river_m": 8157.53, "dist_along_river_m": 415348.38, "snap_lon": 113.56577023788245, "snap_lat": 29.850320737936094 }, "geometry": { "type": "MultiPoint", "coordinates": [ [ 113.49648, 29.829632 ] ] } },
{ "type": "Feature", "properties": { "id": "6478472601004531702", "name": "湖北省中医院光谷院区", "type": "其他", "city": "洪山区", "lyyj": "长江干流流域", "lyej": "鄂东南片区", "hsfw": "湖北省杨泗港断面对应汇水范围", "kzdy": "长江（湖北省）控制单元", "id_2": "长江_合并线", "河名": "长江", "级别": 0, "province": "湖北省", "city_2": "黄冈市", "descriptio": "由原始线段合并而成的连续线", "BUFF_DIST": 30.0, "ORIG_FID": 0, "dist_to_river_m": 15238.13, "dist_along_river_m": 218236.65, "snap_lon": 114.30068691, "snap_lat": 30.57845409 }, "geometry": { "type": "MultiPoint", "coordinates": [ [ 114.41442, 30.51285 ] ] } },
{ "type": "Feature", "properties": { "id": "6478472601012920299", "name": "武汉市江夏区中医医院(新院区)", "type": "其他", "city": "江夏区", "lyyj": "长江干流流域", "lyej": "鄂东南片区", "hsfw": "湖北省杨泗港断面对应汇水范围", "kzdy": "长江（湖北省）控制单元", "id_2": "长江_合并线", "河名": "长江", "级别": 0, "province": "湖北省", "city_2": "黄冈市", "descriptio": "由原始线段合并而成的连续线", "BUFF_DIST": 30.0, "ORIG_FID": 0, "dist_to_river_m": 16806.14, "dist_along_river_m": 236802.9, "snap_lon": 114.21338217, "snap_lat": 30.45857583 }, "geometry": { "type": "MultiPoint", "coordinates": [ [ 114.32692, 30.372763 ] ] } },
{ "type": "Feature", "properties": { "id": "6478472601012920308", "name": "武汉环境投资开发集团有限公司（武汉市千子山循环经济产业园危险废物处置厂）", "type": "其他", "city": "蔡甸区", "lyyj": "汉江流域", "lyej": "汉江下游片区", "hsfw": "湖北省杨泗港断面对应汇水范围", "kzdy": "长江（湖北省）控制单元", "id_2": "长江_合并线", "河名": "长江", "级别": 0, "province": "湖北省", "city_2": "黄冈市", "descriptio": "由原始线段合并而成的连续线", "BUFF_DIST": 30.0, "ORIG_FID": 0, "dist_to_river_m": 21484.83, "dist_along_river_m": 251103.1, "snap_lon": 114.13884913, "snap_lat": 30.37205495 }, "geometry": { "type": "MultiPoint", "coordinates": [ [ 113.992493, 30.480543 ] ] } },
{ "type": "Feature", "properties": { "id": "6478472601012920316", "name": "武汉市中环金属涂装有限公司", "type": "其他", "city": "蔡甸区", "lyyj": "汉江流域", "lyej": "汉江下游片区", "hsfw": "湖北省杨泗港断面对应汇水范围", "kzdy": "长江（湖北省）控制单元", "id_2": "长江_合并线", "河名": "长江", "级别": 0, "province": "湖北省", "city_2": "黄冈市", "descriptio": "由原始线段合并而成的连续线", "BUFF_DIST": 30.0, "ORIG_FID": 0, "dist_to_river_m": 21485.08, "dist_along_river_m": 251103.1, "snap_lon": 114.13884913, "snap_lat": 30.37205495 }, "geometry": { "type": "MultiPoint", "coordinates": [ [ 113.99249, 30.480543 ] ] } },
{ "type": "Feature", "properties": { "id": "6478472601017114603", "name": "武汉楷迩环保设备有限公司", "type": "其他", "city": "蔡甸区", "lyyj": "汉江流域", "lyej": "汉江下游片区", "hsfw": "湖北省杨泗港断面对应汇水范围", "kzdy": "长江（湖北省）控制单元", "id_2": "长江_合并线", "河名": "长江", "级别": 0, "province": "湖北省", "city_2": "黄冈市", "descriptio": "由原始线段合并而成的连续线", "BUFF_DIST": 30.0, "ORIG_FID": 0, "dist_to_river_m": 13527.49, "dist_along_river_m": 240738.74, "snap_lon": 114.18656183999998, "snap_lat": 30.43948993 }, "geometry": { "type": "MultiPoint", "coordinates": [ [ 114.10336, 30.515821 ] ] } },
{ "type": "Feature", "properties": { "id": "6478472601025503218", "name": "东风汽车集团股份有限公司乘用车公司新能源工厂", "type": "其他", "city": "经开区", "lyyj": "汉江流域", "lyej": "汉江下游片区", "hsfw": "湖北省杨泗港断面对应汇水范围", "kzdy": "长江（湖北省）控制单元", "id_2": "长江_合并线", "河名": "长江", "级别": 0, "province": "湖北省", "city_2": "黄冈市", "descriptio": "由原始线段合并而成的连续线", "BUFF_DIST": 30.0, "ORIG_FID": 0, "dist_to_river_m": 6817.63, "dist_along_river_m": 238894.61, "snap_lon": 114.1980569, "snap_lat": 30.44951435 }, "geometry": { "type": "MultiPoint", "coordinates": [ [ 114.15173, 30.484041 ] ] } },
{ "type": "Feature", "properties": { "id": "6478472601033891827", "name": "蒙牛高科乳制品武汉有限责任公司", "type": null, "city": "东西湖区", "lyyj": "长江干流流域", "lyej": "府澴河片区", "hsfw": "湖北省朱家河口断面对应汇水范围", "kzdy": "涢水（湖北省）控制单元", "id_2": "长江_合并线", "河名": "长江", "级别": 0, "province": "湖北省", "city_2": "黄冈市", "descriptio": "由原始线段合并而成的连续线", "BUFF_DIST": 30.0, "ORIG_FID": 0, "dist_to_river_m": 34360.07, "dist_along_river_m": 220740.82, "snap_lon": 114.2888511, "snap_lat": 30.56220797 }, "geometry": { "type": "MultiPoint", "coordinates": [ [ 114.017, 30.688 ] ] } },
{ "type": "Feature", "properties": { "id": "6478472942018224018", "name": "湖北雅比家用纺织品有限公司", "type": "印染", "city": "黄州区", "lyyj": "长江干流流域", "lyej": "鄂东五河片区", "hsfw": "湖北省燕矶断面对应汇水范围", "kzdy": "长江（湖北省）控制单元", "id_2": "长江_合并线", "河名": "长江", "级别": 0, "province": "湖北省", "city_2": "黄冈市", "descriptio": "由原始线段合并而成的连续线", "BUFF_DIST": 30.0, "ORIG_FID": 0, "dist_to_river_m": 2899.0, "dist_along_river_m": 95206.3, "snap_lon": 114.91969334000001, "snap_lat": 30.41189623 }, "geometry": { "type": "MultiPoint", "coordinates": [ [ 114.92321, 30.434147 ] ] } },
{ "type": "Feature", "properties": { "id": "6478472942093721528", "name": "老河口浦华清源水务有限公司（陈埠）", "type": "其他", "city": "老河口市", "lyyj": "长江干流流域", "lyej": "鄂东南片区", "hsfw": "湖北省西梁子湖湖心（南北嘴）/牛山湖湖心/西梁子湖湖北/西梁子湖湖南断面对应汇水范围", "kzdy": "梁子湖（湖北省）控制单元", "id_2": "长江_合并线", "河名": "长江", "级别": 0, "province": "湖北省", "city_2": "黄冈市", "descriptio": "由原始线段合并而成的连续线", "BUFF_DIST": 30.0, "ORIG_FID": 0, "dist_to_river_m": 17995.16, "dist_along_river_m": 227835.51, "snap_lon": 114.26270955000001, "snap_lat": 30.51292523 }, "geometry": { "type": "MultiPoint", "coordinates": [ [ 114.384254, 30.421064 ] ] } },
{ "type": "Feature", "properties": { "id": "6478472942102110168", "name": "武汉远大弘元股份有限公司", "type": "其他", "city": "葛店开发区", "lyyj": "长江干流流域", "lyej": "鄂东南片区", "hsfw": "湖北省樊口断面对应汇水范围", "kzdy": "梁子湖（湖北省）控制单元", "id_2": "长江_合并线", "河名": "长江", "级别": 0, "province": "湖北省", "city_2": "黄冈市", "descriptio": "由原始线段合并而成的连续线", "BUFF_DIST": 30.0, "ORIG_FID": 0, "dist_to_river_m": 28588.02, "dist_along_river_m": 103858.91, "snap_lon": 114.84703322000001, "snap_lat": 30.43200803 }, "geometry": { "type": "MultiPoint", "coordinates": [ [ 114.6874, 30.2584 ] ] } },
{ "type": "Feature", "properties": { "id": "6478472942236327863", "name": "湖北龙腾电子科技股份有限公司", "type": null, "city": "孝昌县", "lyyj": "长江干流流域", "lyej": "鄂东南片区", "hsfw": "湖北省白浒山断面对应汇水范围", "kzdy": "长江（湖北省）控制单元", "id_2": "长江_合并线", "河名": "长江", "级别": 0, "province": "湖北省", "city_2": "黄冈市", "descriptio": "由原始线段合并而成的连续线", "BUFF_DIST": 30.0, "ORIG_FID": 0, "dist_to_river_m": 6349.13, "dist_along_river_m": 218236.65, "snap_lon": 114.30068691, "snap_lat": 30.57845409 }, "geometry": { "type": "MultiPoint", "coordinates": [ [ 114.34844, 30.5516 ] ] } },
{ "type": "Feature", "properties": { "id": "6478472942244716396", "name": "龙佰襄阳钛业有限公司", "type": "其他", "city": "南漳县", "lyyj": "长江干流流域", "lyej": "鄂东南片区", "hsfw": "湖北省白浒山断面对应汇水范围", "kzdy": "长江（湖北省）控制单元", "id_2": "长江_合并线", "河名": "长江", "级别": 0, "province": "湖北省", "city_2": "黄冈市", "descriptio": "由原始线段合并而成的连续线", "BUFF_DIST": 30.0, "ORIG_FID": 0, "dist_to_river_m": 6349.13, "dist_along_river_m": 218236.65, "snap_lon": 114.30068691, "snap_lat": 30.57845409 }, "geometry": { "type": "MultiPoint", "coordinates": [ [ 114.34844, 30.5516 ] ] } },
{ "type": "Feature", "properties": { "id": "6478472942441848798", "name": "湖北威辰环境科技有限公司", "type": "其他", "city": "经济开发区", "lyyj": "长江干流流域", "lyej": "鄂东南片区", "hsfw": "湖北省大冶湖闸断面对应汇水范围", "kzdy": "长江（湖北省）控制单元", "id_2": "长江_合并线", "河名": "长江", "级别": 0, "province": "湖北省", "city_2": "黄冈市", "descriptio": "由原始线段合并而成的连续线", "BUFF_DIST": 30.0, "ORIG_FID": 0, "dist_to_river_m": 13877.99, "dist_along_river_m": 53604.54, "snap_lon": 115.08250097, "snap_lat": 30.23035572 }, "geometry": { "type": "MultiPoint", "coordinates": [ [ 114.99321, 30.155157 ] ] } },
{ "type": "Feature", "properties": { "id": "6478472942450237347", "name": "湖北裕大华华立染织有限公司（湖北华洋印染有限公司）", "type": "其他", "city": "团风县", "lyyj": "长江干流流域", "lyej": "鄂东五河片区", "hsfw": "湖北省燕矶断面对应汇水范围", "kzdy": "长江（湖北省）控制单元", "id_2": "长江_合并线", "河名": "长江", "级别": 0, "province": "湖北省", "city_2": "黄冈市", "descriptio": "由原始线段合并而成的连续线", "BUFF_DIST": 30.0, "ORIG_FID": 0, "dist_to_river_m": 3021.44, "dist_along_river_m": 133166.22, "snap_lon": 114.8778433766562, "snap_lat": 30.617776486445432 }, "geometry": { "type": "MultiPoint", "coordinates": [ [ 114.89785, 30.63356 ] ] } },
{ "type": "Feature", "properties": { "id": "6478472942479597502", "name": "湖北虹润高科新材料有限公司", "type": "其他", "city": "葛店开发区", "lyyj": "长江干流流域", "lyej": "鄂东南片区", "hsfw": "湖北省燕矶断面对应汇水范围", "kzdy": "长江（湖北省）控制单元", "id_2": "长江_合并线", "河名": "长江", "级别": 0, "province": "湖北省", "city_2": "黄冈市", "descriptio": "由原始线段合并而成的连续线", "BUFF_DIST": 30.0, "ORIG_FID": 0, "dist_to_river_m": 2279.39, "dist_along_river_m": 159654.96, "snap_lon": 114.6683382, "snap_lat": 30.57340086 }, "geometry": { "type": "MultiPoint", "coordinates": [ [ 114.673176, 30.556269 ] ] } },
{ "type": "Feature", "properties": { "id": "6478472942487986127", "name": "武汉典金科技有限公司", "type": "平板玻璃", "city": "经开区", "lyyj": "汉江流域", "lyej": "汉江下游片区", "hsfw": "湖北省黄陵大桥断面对应汇水范围", "kzdy": "通顺河（湖北省）控制单元", "id_2": "长江_合并线", "河名": "长江", "级别": 0, "province": "湖北省", "city_2": "黄冈市", "descriptio": "由原始线段合并而成的连续线", "BUFF_DIST": 30.0, "ORIG_FID": 0, "dist_to_river_m": 1200.41, "dist_along_river_m": 256249.13, "snap_lon": 114.10784334, "snap_lat": 30.342931249999989 }, "geometry": { "type": "MultiPoint", "coordinates": [ [ 114.09979, 30.34912 ] ] } },
{ "type": "Feature", "properties": { "id": "6478472942504763378", "name": "武汉鑫运伦能源工程有限公司", "type": "其他", "city": "黄陂区", "lyyj": "长江干流流域", "lyej": "府澴河片区", "hsfw": "湖北省白浒山断面对应汇水范围", "kzdy": "长江（湖北省）控制单元", "id_2": "长江_合并线", "河名": "长江", "级别": 0, "province": "湖北省", "city_2": "黄冈市", "descriptio": "由原始线段合并而成的连续线", "BUFF_DIST": 30.0, "ORIG_FID": 0, "dist_to_river_m": 1845.36, "dist_along_river_m": 216510.72, "snap_lon": 114.30890107, "snap_lat": 30.58962581 }, "geometry": { "type": "MultiPoint", "coordinates": [ [ 114.294976, 30.597368 ] ] } },
{ "type": "Feature", "properties": { "id": "6478472942529929189", "name": "武汉客车制造股份有限公司", "type": "其他", "city": "江夏区", "lyyj": "长江干流流域", "lyej": "鄂东南片区", "hsfw": "湖北省杨泗港断面对应汇水范围", "kzdy": "长江（湖北省）控制单元", "id_2": "长江_合并线", "河名": "长江", "级别": 0, "province": "湖北省", "city_2": "黄冈市", "descriptio": "由原始线段合并而成的连续线", "BUFF_DIST": 30.0, "ORIG_FID": 0, "dist_to_river_m": 18377.48, "dist_along_river_m": 235315.64, "snap_lon": 114.22149529000001, "snap_lat": 30.46764308 }, "geometry": { "type": "MultiPoint", "coordinates": [ [ 114.35182, 30.380259 ] ] } },
{ "type": "Feature", "properties": { "id": "6478472942584455120", "name": "武汉市琰珑牛肉加工有限公司", "type": "其他", "city": "长江新区", "lyyj": "长江干流流域", "lyej": "府澴河片区", "hsfw": "湖北省白浒山断面对应汇水范围", "kzdy": "长江（湖北省）控制单元", "id_2": "长江_合并线", "河名": "长江", "级别": 0, "province": "湖北省", "city_2": "黄冈市", "descriptio": "由原始线段合并而成的连续线", "BUFF_DIST": 30.0, "ORIG_FID": 0, "dist_to_river_m": 11657.44, "dist_along_river_m": 196459.49, "snap_lon": 114.42846762, "snap_lat": 30.69411219 }, "geometry": { "type": "MultiPoint", "coordinates": [ [ 114.40623, 30.782068 ] ] } },
{ "type": "Feature", "properties": { "id": "6478472942597037995", "name": "汉川市中医医院", "type": "其他", "city": "汉川市", "lyyj": "长江干流流域", "lyej": "鄂东南片区", "hsfw": "湖北省白浒山断面对应汇水范围", "kzdy": "长江（湖北省）控制单元", "id_2": "长江_合并线", "河名": "长江", "级别": 0, "province": "湖北省", "city_2": "黄冈市", "descriptio": "由原始线段合并而成的连续线", "BUFF_DIST": 30.0, "ORIG_FID": 0, "dist_to_river_m": 6349.13, "dist_along_river_m": 218236.65, "snap_lon": 114.30068691, "snap_lat": 30.57845409 }, "geometry": { "type": "MultiPoint", "coordinates": [ [ 114.34844, 30.5516 ] ] } },
{ "type": "Feature", "properties": { "id": "6478472942689312667", "name": "黄石加柯环保科技有限公司", "type": "其他", "city": "下陆区", "lyyj": "长江干流流域", "lyej": "鄂东南片区", "hsfw": "湖北省大冶湖闸断面对应汇水范围", "kzdy": "长江（湖北省）控制单元", "id_2": "长江_合并线", "河名": "长江", "级别": 0, "province": "湖北省", "city_2": "黄冈市", "descriptio": "由原始线段合并而成的连续线", "BUFF_DIST": 30.0, "ORIG_FID": 0, "dist_to_river_m": 16061.61, "dist_along_river_m": 54766.3, "snap_lon": 115.07607593000002, "snap_lat": 30.23736301 }, "geometry": { "type": "MultiPoint", "coordinates": [ [ 114.94863, 30.178907 ] ] } },
{ "type": "Feature", "properties": { "id": "6478472942764810105", "name": "华新水泥（黄石）有限公司", "type": "水泥", "city": "阳新县", "lyyj": "长江干流流域", "lyej": "富水片区", "hsfw": "湖北省富池闸断面对应汇水范围", "kzdy": "富水（湖北省，江西省）控制单元", "id_2": "长江_合并线", "河名": "长江", "级别": 0, "province": "湖北省", "city_2": "黄冈市", "descriptio": "由原始线段合并而成的连续线", "BUFF_DIST": 30.0, "ORIG_FID": 0, "dist_to_river_m": 3459.84, "dist_along_river_m": 0.0, "snap_lon": 115.3819062836765, "snap_lat": 29.966159302872203 }, "geometry": { "type": "MultiPoint", "coordinates": [ [ 115.37137, 29.940825 ] ] } },
{ "type": "Feature", "properties": { "id": "6478472942773198798", "name": "武汉康元环保科技有限公司", "type": "其他", "city": "长江新区", "lyyj": "长江干流流域", "lyej": "府澴河片区", "hsfw": "湖北省白浒山断面对应汇水范围", "kzdy": "长江（湖北省）控制单元", "id_2": "长江_合并线", "河名": "长江", "级别": 0, "province": "湖北省", "city_2": "黄冈市", "descriptio": "由原始线段合并而成的连续线", "BUFF_DIST": 30.0, "ORIG_FID": 0, "dist_to_river_m": 5747.29, "dist_along_river_m": 183975.79, "snap_lon": 114.53256038000001, "snap_lat": 30.67327058 }, "geometry": { "type": "MultiPoint", "coordinates": [ [ 114.570694, 30.703201 ] ] } },
{ "type": "Feature", "properties": { "id": "6478472942781587394", "name": "老河口瑞祥化工有限公司", "type": "其他", "city": "老河口市", "lyyj": "长江干流流域", "lyej": "鄂东南片区", "hsfw": "湖北省西梁子湖湖心（南北嘴）/牛山湖湖心/西梁子湖湖北/西梁子湖湖南断面对应汇水范围", "kzdy": "梁子湖（湖北省）控制单元", "id_2": "长江_合并线", "河名": "长江", "级别": 0, "province": "湖北省", "city_2": "黄冈市", "descriptio": "由原始线段合并而成的连续线", "BUFF_DIST": 30.0, "ORIG_FID": 0, "dist_to_river_m": 12699.89, "dist_along_river_m": 168113.88, "snap_lon": 114.59730487, "snap_lat": 30.56656008 }, "geometry": { "type": "MultiPoint", "coordinates": [ [ 114.542274, 30.480474 ] ] } },
{ "type": "Feature", "properties": { "id": "6478472942806753263", "name": "湖北华电创意天地新能源有限公司", "type": "其他", "city": "洪山区", "lyyj": "长江干流流域", "lyej": "鄂东南片区", "hsfw": "湖北省杨泗港断面对应汇水范围", "kzdy": "长江（湖北省）控制单元", "id_2": "长江_合并线", "河名": "长江", "级别": 0, "province": "湖北省", "city_2": "黄冈市", "descriptio": "由原始线段合并而成的连续线", "BUFF_DIST": 30.0, "ORIG_FID": 0, "dist_to_river_m": 8918.72, "dist_along_river_m": 226939.87, "snap_lon": 114.26769294, "snap_lat": 30.51832111 }, "geometry": { "type": "MultiPoint", "coordinates": [ [ 114.33037, 30.47532 ] ] } },
{ "type": "Feature", "properties": { "id": "6478472942810947576", "name": "武汉千子山能源有限公司", "type": "其他", "city": "蔡甸区", "lyyj": "汉江流域", "lyej": "汉江下游片区", "hsfw": "湖北省黄陵大桥断面对应汇水范围", "kzdy": "通顺河（湖北省）控制单元", "id_2": "长江_合并线", "河名": "长江", "级别": 0, "province": "湖北省", "city_2": "黄冈市", "descriptio": "由原始线段合并而成的连续线", "BUFF_DIST": 30.0, "ORIG_FID": 0, "dist_to_river_m": 11967.49, "dist_along_river_m": 255844.16, "snap_lon": 114.11059025999998, "snap_lat": 30.34496285000001 }, "geometry": { "type": "MultiPoint", "coordinates": [ [ 114.04141, 30.415953 ] ] } },
{ "type": "Feature", "properties": { "id": "6478472942840307613", "name": "湖北鼎龙控股股份有限公司", "type": "其他", "city": "经开区", "lyyj": "汉江流域", "lyej": "汉江下游片区", "hsfw": "湖北省杨泗港断面对应汇水范围", "kzdy": "长江（湖北省）控制单元", "id_2": "长江_合并线", "河名": "长江", "级别": 0, "province": "湖北省", "city_2": "黄冈市", "descriptio": "由原始线段合并而成的连续线", "BUFF_DIST": 30.0, "ORIG_FID": 0, "dist_to_river_m": 1610.81, "dist_along_river_m": 239155.73, "snap_lon": 114.19664258999998, "snap_lat": 30.44791552 }, "geometry": { "type": "MultiPoint", "coordinates": [ [ 114.185276, 30.455635 ] ] } },
{ "type": "Feature", "properties": { "id": "6478472942936776547", "name": "华新水泥襄阳襄城有限公司", "type": "水泥", "city": "襄城区", "lyyj": "长江干流流域", "lyej": "鄂东南片区", "hsfw": "湖北省杨泗港断面对应汇水范围", "kzdy": "长江（湖北省）控制单元", "id_2": "长江_合并线", "河名": "长江", "级别": 0, "province": "湖北省", "city_2": "黄冈市", "descriptio": "由原始线段合并而成的连续线", "BUFF_DIST": 30.0, "ORIG_FID": 0, "dist_to_river_m": 26576.92, "dist_along_river_m": 246186.89, "snap_lon": 114.16628081, "snap_lat": 30.40145924 }, "geometry": { "type": "MultiPoint", "coordinates": [ [ 114.37571, 30.302547 ] ] } },
{ "type": "Feature", "properties": { "id": "6478472942966136701", "name": "湖北中锦环境有限公司", "type": "其他", "city": "黄州区", "lyyj": "长江干流流域", "lyej": "鄂东五河片区", "hsfw": "湖北省燕矶断面对应汇水范围", "kzdy": "长江（湖北省）控制单元", "id_2": "长江_合并线", "河名": "长江", "级别": 0, "province": "湖北省", "city_2": "黄冈市", "descriptio": "由原始线段合并而成的连续线", "BUFF_DIST": 30.0, "ORIG_FID": 0, "dist_to_river_m": 5420.8, "dist_along_river_m": 95063.78, "snap_lon": 114.9209531, "snap_lat": 30.41173075 }, "geometry": { "type": "MultiPoint", "coordinates": [ [ 114.92946, 30.453072 ] ] } },
{ "type": "Feature", "properties": { "id": "6478472942982913997", "name": "武汉顶益食品有限公司", "type": "其他", "city": "经开区", "lyyj": "汉江流域", "lyej": "汉江下游片区", "hsfw": "湖北省杨泗港断面对应汇水范围", "kzdy": "长江（湖北省）控制单元", "id_2": "长江_合并线", "河名": "长江", "级别": 0, "province": "湖北省", "city_2": "黄冈市", "descriptio": "由原始线段合并而成的连续线", "BUFF_DIST": 30.0, "ORIG_FID": 0, "dist_to_river_m": 5630.87, "dist_along_river_m": 238894.61, "snap_lon": 114.1980569, "snap_lat": 30.44951435 }, "geometry": { "type": "MultiPoint", "coordinates": [ [ 114.15989, 30.478127 ] ] } },
{ "type": "Feature", "properties": { "id": "6478472943003885472", "name": "武汉市济泽污水处理有限公司", "type": null, "city": "东西湖区", "lyyj": "长江干流流域", "lyej": "府澴河片区", "hsfw": "湖北省朱家河口断面对应汇水范围", "kzdy": "涢水（湖北省）控制单元", "id_2": "长江_合并线", "河名": "长江", "级别": 0, "province": "湖北省", "city_2": "黄冈市", "descriptio": "由原始线段合并而成的连续线", "BUFF_DIST": 30.0, "ORIG_FID": 0, "dist_to_river_m": 26768.73, "dist_along_river_m": 222413.54, "snap_lon": 114.28223483, "snap_lat": 30.55065772 }, "geometry": { "type": "MultiPoint", "coordinates": [ [ 114.06785, 30.644413 ] ] } },
{ "type": "Feature", "properties": { "id": "6478472943008079853", "name": "黄石福尔泰医药科技有限公司", "type": "其他", "city": "西塞山区", "lyyj": "长江干流流域", "lyej": "鄂东南片区", "hsfw": "湖北省风波港（右岸）断面对应汇水范围", "kzdy": "长江（湖北省）控制单元", "id_2": "长江_合并线", "河名": "长江", "级别": 0, "province": "湖北省", "city_2": "黄冈市", "descriptio": "由原始线段合并而成的连续线", "BUFF_DIST": 30.0, "ORIG_FID": 0, "dist_to_river_m": 220.26, "dist_along_river_m": 49046.62, "snap_lon": 115.11651239002691, "snap_lat": 30.212404618024024 }, "geometry": { "type": "MultiPoint", "coordinates": [ [ 115.11648, 30.210695 ] ] } },
{ "type": "Feature", "properties": { "id": "6478472943020662708", "name": "大冶市华厦铝业有限公司", "type": "其他", "city": "大冶市", "lyyj": "长江干流流域", "lyej": "鄂东南片区", "hsfw": "湖北省大冶湖闸断面对应汇水范围", "kzdy": "长江（湖北省）控制单元", "id_2": "长江_合并线", "河名": "长江", "级别": 0, "province": "湖北省", "city_2": "黄冈市", "descriptio": "由原始线段合并而成的连续线", "BUFF_DIST": 30.0, "ORIG_FID": 0, "dist_to_river_m": 15369.01, "dist_along_river_m": 53612.6, "snap_lon": 115.08245085999998, "snap_lat": 30.23040085 }, "geometry": { "type": "MultiPoint", "coordinates": [ [ 114.981064, 30.1494 ] ] } },
{ "type": "Feature", "properties": { "id": "6478472943029051376", "name": "伟福科技工业（武汉）有限公司", "type": "其他", "city": "东西湖区", "lyyj": "长江干流流域", "lyej": "府澴河片区", "hsfw": "湖北省朱家河口断面对应汇水范围", "kzdy": "涢水（湖北省）控制单元", "id_2": "长江_合并线", "河名": "长江", "级别": 0, "province": "湖北省", "city_2": "黄冈市", "descriptio": "由原始线段合并而成的连续线", "BUFF_DIST": 30.0, "ORIG_FID": 0, "dist_to_river_m": 25699.66, "dist_along_river_m": 222418.9, "snap_lon": 114.28221559000001, "snap_lat": 30.55061973 }, "geometry": { "type": "MultiPoint", "coordinates": [ [ 114.068825, 30.626465 ] ] } },
{ "type": "Feature", "properties": { "id": "6478472943033245639", "name": "国药集团动物保健股份有限公司", "type": "其他", "city": "东湖高新开发区", "lyyj": "长江干流流域", "lyej": "鄂东南片区", "hsfw": "湖北省西梁子湖湖心（南北嘴）/牛山湖湖心/西梁子湖湖北/西梁子湖湖南断面对应汇水范围", "kzdy": "梁子湖（湖北省）控制单元", "id_2": "长江_合并线", "河名": "长江", "级别": 0, "province": "湖北省", "city_2": "黄冈市", "descriptio": "由原始线段合并而成的连续线", "BUFF_DIST": 30.0, "ORIG_FID": 0, "dist_to_river_m": 12048.95, "dist_along_river_m": 167168.44, "snap_lon": 114.60469168000002, "snap_lat": 30.56309199 }, "geometry": { "type": "MultiPoint", "coordinates": [ [ 114.5535, 30.48094 ] ] } },
{ "type": "Feature", "properties": { "id": "6478472943033245658", "name": "蕲春县人民医院（李时珍中医院院区）", "type": "其他", "city": "蕲春县", "lyyj": "长江干流流域", "lyej": "鄂东五河片区", "hsfw": "湖北省中官铺断面对应汇水范围", "kzdy": "长江（湖北省）控制单元", "id_2": "长江_合并线", "河名": "长江", "级别": 0, "province": "湖北省", "city_2": "黄冈市", "descriptio": "由原始线段合并而成的连续线", "BUFF_DIST": 30.0, "ORIG_FID": 0, "dist_to_river_m": 18920.33, "dist_along_river_m": 24289.08, "snap_lon": 115.28807883, "snap_lat": 30.12928378 }, "geometry": { "type": "MultiPoint", "coordinates": [ [ 115.428369, 30.212236 ] ] } },
{ "type": "Feature", "properties": { "id": "6478472943079382998", "name": "湖北省第三人民医院(湖北省中山医院)", "type": null, "city": "硚口区", "lyyj": "长江干流流域", "lyej": "府澴河片区", "hsfw": "湖北省朱家河口断面对应汇水范围", "kzdy": "涢水（湖北省）控制单元", "id_2": "长江_合并线", "河名": "长江", "级别": 0, "province": "湖北省", "city_2": "黄冈市", "descriptio": "由原始线段合并而成的连续线", "BUFF_DIST": 30.0, "ORIG_FID": 0, "dist_to_river_m": 3587.54, "dist_along_river_m": 220740.82, "snap_lon": 114.2888511, "snap_lat": 30.56220797 }, "geometry": { "type": "MultiPoint", "coordinates": [ [ 114.26051, 30.575418 ] ] } },
{ "type": "Feature", "properties": { "id": "6478472943117131714", "name": "黄冈斯坦本新材料科技有限公司", "type": "其他", "city": "黄州区", "lyyj": "长江干流流域", "lyej": "鄂东五河片区", "hsfw": "湖北省燕矶断面对应汇水范围", "kzdy": "长江（湖北省）控制单元", "id_2": "长江_合并线", "河名": "长江", "级别": 0, "province": "湖北省", "city_2": "黄冈市", "descriptio": "由原始线段合并而成的连续线", "BUFF_DIST": 30.0, "ORIG_FID": 0, "dist_to_river_m": 1836.09, "dist_along_river_m": 97793.71, "snap_lon": 114.89705807021062, "snap_lat": 30.415381384018133 }, "geometry": { "type": "MultiPoint", "coordinates": [ [ 114.90163, 30.429047 ] ] } },
{ "type": "Feature", "properties": { "id": "6478472943268126653", "name": "湖北威利邦木业有限公司", "type": "其他", "city": "南漳县", "lyyj": "长江干流流域", "lyej": "鄂东南片区", "hsfw": "湖北省白浒山断面对应汇水范围", "kzdy": "长江（湖北省）控制单元", "id_2": "长江_合并线", "河名": "长江", "级别": 0, "province": "湖北省", "city_2": "黄冈市", "descriptio": "由原始线段合并而成的连续线", "BUFF_DIST": 30.0, "ORIG_FID": 0, "dist_to_river_m": 1266.15, "dist_along_river_m": 216991.53, "snap_lon": 114.30670105, "snap_lat": 30.58646976 }, "geometry": { "type": "MultiPoint", "coordinates": [ [ 114.3162, 30.581084 ] ] } },
{ "type": "Feature", "properties": { "id": "6478472943280709610", "name": "维达力科技股份有限公司（中伙厂区）", "type": null, "city": "赤壁市", "lyyj": "长江干流流域", "lyej": "鄂东南片区", "hsfw": "湖北省黄龙镇断面对应汇水范围", "kzdy": "陆水（湖北省）控制单元", "id_2": "长江_合并线", "河名": "长江", "级别": 0, "province": "湖北省", "city_2": "黄冈市", "descriptio": "由原始线段合并而成的连续线", "BUFF_DIST": 30.0, "ORIG_FID": 0, "dist_to_river_m": 30446.03, "dist_along_river_m": 379521.76, "snap_lon": 113.8186859, "snap_lat": 29.93376222 }, "geometry": { "type": "MultiPoint", "coordinates": [ [ 113.991417, 29.749826 ] ] } },
{ "type": "Feature", "properties": { "id": "6478472943469453312", "name": "湖北嘉麟杰纺织品有限公司", "type": "其他", "city": "嘉鱼县", "lyyj": "长江干流流域", "lyej": "鄂东南片区", "hsfw": "湖北省纱帽断面对应汇水范围", "kzdy": "长江（湖北省）控制单元", "id_2": "长江_合并线", "河名": "长江", "级别": 0, "province": "湖北省", "city_2": "黄冈市", "descriptio": "由原始线段合并而成的连续线", "BUFF_DIST": 30.0, "ORIG_FID": 0, "dist_to_river_m": 8076.08, "dist_along_river_m": 361800.59, "snap_lon": 113.91968430999998, "snap_lat": 30.03504312 }, "geometry": { "type": "MultiPoint", "coordinates": [ [ 113.94557, 29.976353 ] ] } },
{ "type": "Feature", "properties": { "id": "6478472943553339318", "name": "鄂州鸿泰钢铁有限公司", "type": "其他", "city": "华容区", "lyyj": "长江干流流域", "lyej": "鄂东南片区", "hsfw": "湖北省西梁子湖湖心（南北嘴）/牛山湖湖心/西梁子湖湖北/西梁子湖湖南断面对应汇水范围", "kzdy": "梁子湖（湖北省）控制单元", "id_2": "长江_合并线", "河名": "长江", "级别": 0, "province": "湖北省", "city_2": "黄冈市", "descriptio": "由原始线段合并而成的连续线", "BUFF_DIST": 30.0, "ORIG_FID": 0, "dist_to_river_m": 27301.5, "dist_along_river_m": 267065.34, "snap_lon": 114.08278228999998, "snap_lat": 30.26325043 }, "geometry": { "type": "MultiPoint", "coordinates": [ [ 114.321456, 30.2145 ] ] } },
{ "type": "Feature", "properties": { "id": "6478472943746277316", "name": "湖北丽邦纸业有限公司", "type": "其他", "city": "孝南区", "lyyj": "长江干流流域", "lyej": "鄂东南片区", "hsfw": "湖北省白浒山断面对应汇水范围", "kzdy": "长江（湖北省）控制单元", "id_2": "长江_合并线", "河名": "长江", "级别": 0, "province": "湖北省", "city_2": "黄冈市", "descriptio": "由原始线段合并而成的连续线", "BUFF_DIST": 30.0, "ORIG_FID": 0, "dist_to_river_m": 6349.13, "dist_along_river_m": 218236.65, "snap_lon": 114.30068691, "snap_lat": 30.57845409 }, "geometry": { "type": "MultiPoint", "coordinates": [ [ 114.34844, 30.5516 ] ] } },
{ "type": "Feature", "properties": { "id": "6478472943754665914", "name": "风神襄阳汽车有限公司", "type": "其他", "city": "高新开发区", "lyyj": "长江干流流域", "lyej": "鄂东南片区", "hsfw": "湖北省白浒山断面对应汇水范围", "kzdy": "长江（湖北省）控制单元", "id_2": "长江_合并线", "河名": "长江", "级别": 0, "province": "湖北省", "city_2": "黄冈市", "descriptio": "由原始线段合并而成的连续线", "BUFF_DIST": 30.0, "ORIG_FID": 0, "dist_to_river_m": 6349.13, "dist_along_river_m": 218236.65, "snap_lon": 114.30068691, "snap_lat": 30.57845409 }, "geometry": { "type": "MultiPoint", "coordinates": [ [ 114.34844, 30.5516 ] ] } },
{ "type": "Feature", "properties": { "id": "6478472943817580524", "name": "湖北华电西塞山发电有限公司", "type": "其他", "city": "西塞山区", "lyyj": "长江干流流域", "lyej": "鄂东南片区", "hsfw": "湖北省中官铺断面对应汇水范围", "kzdy": "长江（湖北省）控制单元", "id_2": "长江_合并线", "河名": "长江", "级别": 0, "province": "湖北省", "city_2": "黄冈市", "descriptio": "由原始线段合并而成的连续线", "BUFF_DIST": 30.0, "ORIG_FID": 0, "dist_to_river_m": 669.75, "dist_along_river_m": 36522.96, "snap_lon": 115.22084622014039, "snap_lat": 30.203740514811525 }, "geometry": { "type": "MultiPoint", "coordinates": [ [ 115.216667, 30.2 ] ] } },
{ "type": "Feature", "properties": { "id": "6478472943821774800", "name": "武汉凯迪新龙污水处理有限公司", "type": "其他", "city": "黄陂区", "lyyj": "长江干流流域", "lyej": "府澴河片区", "hsfw": "湖北省朱家河口断面对应汇水范围", "kzdy": "涢水（湖北省）控制单元", "id_2": "长江_合并线", "河名": "长江", "级别": 0, "province": "湖北省", "city_2": "黄冈市", "descriptio": "由原始线段合并而成的连续线", "BUFF_DIST": 30.0, "ORIG_FID": 0, "dist_to_river_m": 7359.21, "dist_along_river_m": 206319.88, "snap_lon": 114.35738621, "snap_lat": 30.65551736 }, "geometry": { "type": "MultiPoint", "coordinates": [ [ 114.301587, 30.68601 ] ] } },
{ "type": "Feature", "properties": { "id": "6478472943897272258", "name": "武汉博奇科技股份有限公司", "type": null, "city": "蔡甸区", "lyyj": "汉江流域", "lyej": "汉江下游片区", "hsfw": "湖北省宗关断面对应汇水范围", "kzdy": "汉江（丹江口下）（湖北省）控制单元", "id_2": "长江_合并线", "河名": "长江", "级别": 0, "province": "湖北省", "city_2": "黄冈市", "descriptio": "由原始线段合并而成的连续线", "BUFF_DIST": 30.0, "ORIG_FID": 0, "dist_to_river_m": 23155.52, "dist_along_river_m": 238808.74, "snap_lon": 114.19859468, "snap_lat": 30.449991 }, "geometry": { "type": "MultiPoint", "coordinates": [ [ 114.051391, 30.576604 ] ] } },
{ "type": "Feature", "properties": { "id": "6478472944157319167", "name": "黄石沪士电子有限公司", "type": "其他", "city": "经济开发区", "lyyj": "长江干流流域", "lyej": "鄂东南片区", "hsfw": "湖北省大冶湖闸断面对应汇水范围", "kzdy": "长江（湖北省）控制单元", "id_2": "长江_合并线", "河名": "长江", "级别": 0, "province": "湖北省", "city_2": "黄冈市", "descriptio": "由原始线段合并而成的连续线", "BUFF_DIST": 30.0, "ORIG_FID": 0, "dist_to_river_m": 12385.88, "dist_along_river_m": 53275.43, "snap_lon": 115.08458944999998, "snap_lat": 30.22859762 }, "geometry": { "type": "MultiPoint", "coordinates": [ [ 115.007824, 30.158984 ] ] } },
{ "type": "Feature", "properties": { "id": "3554005049782864057", "name": "武汉市第五医院", "type": "其他", "city": "汉阳区", "lyyj": "汉江流域", "lyej": "汉江下游片区", "hsfw": "湖北省白浒山断面对应汇水范围", "kzdy": "长江（湖北省）控制单元", "id_2": "长江_合并线", "河名": "长江", "级别": 0, "province": "湖北省", "city_2": "黄冈市", "descriptio": "由原始线段合并而成的连续线", "BUFF_DIST": 30.0, "ORIG_FID": 0, "dist_to_river_m": 630.18, "dist_along_river_m": 222400.61, "snap_lon": 114.28229012, "snap_lat": 30.55074567 }, "geometry": { "type": "MultiPoint", "coordinates": [ [ 114.27749, 30.55333 ] ] } },
{ "type": "Feature", "properties": { "id": "3554149037900859577", "name": "徐工湖北环保科技股份有限公司", "type": "其他", "city": "天门市", "lyyj": "长江干流流域", "lyej": "府澴河片区", "hsfw": "湖北省白浒山断面对应汇水范围", "kzdy": "长江（湖北省）控制单元", "id_2": "长江_合并线", "河名": "长江", "级别": 0, "province": "湖北省", "city_2": "黄冈市", "descriptio": "由原始线段合并而成的连续线", "BUFF_DIST": 30.0, "ORIG_FID": 0, "dist_to_river_m": 1839.7, "dist_along_river_m": 216510.72, "snap_lon": 114.30890107, "snap_lat": 30.58962581 }, "geometry": { "type": "MultiPoint", "coordinates": [ [ 114.294976, 30.597287 ] ] } },
{ "type": "Feature", "properties": { "id": "3563562905760729276", "name": "武汉楚兴技术有限公司", "type": "其他", "city": "东西湖区", "lyyj": "长江干流流域", "lyej": "府澴河片区", "hsfw": "湖北省朱家河口断面对应汇水范围", "kzdy": "涢水（湖北省）控制单元", "id_2": "长江_合并线", "河名": "长江", "级别": 0, "province": "湖北省", "city_2": "黄冈市", "descriptio": "由原始线段合并而成的连续线", "BUFF_DIST": 30.0, "ORIG_FID": 0, "dist_to_river_m": 21599.28, "dist_along_river_m": 217304.64, "snap_lon": 114.30511426, "snap_lat": 30.58449712 }, "geometry": { "type": "MultiPoint", "coordinates": [ [ 114.14195, 30.674847 ] ] } },
{ "type": "Feature", "properties": { "id": "6478425122447941596", "name": "武汉光明乳品有限公司（东吴大道669号生产基地）", "type": "其他", "city": "东西湖区", "lyyj": "长江干流流域", "lyej": "府澴河片区", "hsfw": "湖北省朱家河口断面对应汇水范围", "kzdy": "涢水（湖北省）控制单元", "id_2": "长江_合并线", "河名": "长江", "级别": 0, "province": "湖北省", "city_2": "黄冈市", "descriptio": "由原始线段合并而成的连续线", "BUFF_DIST": 30.0, "ORIG_FID": 0, "dist_to_river_m": 16736.06, "dist_along_river_m": 220159.28, "snap_lon": 114.2913051, "snap_lat": 30.56610793 }, "geometry": { "type": "MultiPoint", "coordinates": [ [ 114.166214, 30.63789 ] ] } },
{ "type": "Feature", "properties": { "id": "6478472600899674107", "name": "湖北富邦科技股份有限公司", "type": "其他", "city": "应城市", "lyyj": "长江干流流域", "lyej": "鄂东南片区", "hsfw": "湖北省白浒山断面对应汇水范围", "kzdy": "长江（湖北省）控制单元", "id_2": "长江_合并线", "河名": "长江", "级别": 0, "province": "湖北省", "city_2": "黄冈市", "descriptio": "由原始线段合并而成的连续线", "BUFF_DIST": 30.0, "ORIG_FID": 0, "dist_to_river_m": 6349.13, "dist_along_river_m": 218236.65, "snap_lon": 114.30068691, "snap_lat": 30.57845409 }, "geometry": { "type": "MultiPoint", "coordinates": [ [ 114.34844, 30.5516 ] ] } },
{ "type": "Feature", "properties": { "id": "6478472600903868398", "name": "应城市力发化工有限责任公司", "type": "其他", "city": "应城市", "lyyj": "长江干流流域", "lyej": "鄂东南片区", "hsfw": "湖北省杨泗港断面对应汇水范围", "kzdy": "长江（湖北省）控制单元", "id_2": "长江_合并线", "河名": "长江", "级别": 0, "province": "湖北省", "city_2": "黄冈市", "descriptio": "由原始线段合并而成的连续线", "BUFF_DIST": 30.0, "ORIG_FID": 0, "dist_to_river_m": 1457.46, "dist_along_river_m": 228912.98, "snap_lon": 114.256254878932, "snap_lat": 30.506784819828329 }, "geometry": { "type": "MultiPoint", "coordinates": [ [ 114.26618, 30.499428 ] ] } },
{ "type": "Feature", "properties": { "id": "6478472600903868415", "name": "湖北新合发印刷包装有限公司", "type": "印刷", "city": "孝南区", "lyyj": "长江干流流域", "lyej": "鄂东南片区", "hsfw": "湖北省白浒山断面对应汇水范围", "kzdy": "长江（湖北省）控制单元", "id_2": "长江_合并线", "河名": "长江", "级别": 0, "province": "湖北省", "city_2": "黄冈市", "descriptio": "由原始线段合并而成的连续线", "BUFF_DIST": 30.0, "ORIG_FID": 0, "dist_to_river_m": 6349.13, "dist_along_river_m": 218236.65, "snap_lon": 114.30068691, "snap_lat": 30.57845409 }, "geometry": { "type": "MultiPoint", "coordinates": [ [ 114.34844, 30.5516 ] ] } },
{ "type": "Feature", "properties": { "id": "6478472600929034223", "name": "湖北三安光电有限公司", "type": "其他", "city": "葛店开发区", "lyyj": "长江干流流域", "lyej": "鄂东南片区", "hsfw": "湖北省燕矶断面对应汇水范围", "kzdy": "长江（湖北省）控制单元", "id_2": "长江_合并线", "河名": "长江", "级别": 0, "province": "湖北省", "city_2": "黄冈市", "descriptio": "由原始线段合并而成的连续线", "BUFF_DIST": 30.0, "ORIG_FID": 0, "dist_to_river_m": 7099.92, "dist_along_river_m": 164379.14, "snap_lon": 114.62910726999998, "snap_lat": 30.56053189 }, "geometry": { "type": "MultiPoint", "coordinates": [ [ 114.65008, 30.508652 ] ] } },
{ "type": "Feature", "properties": { "id": "6478472600987754493", "name": "湖北安达精密工业有限公司", "type": "其他", "city": "阳新县", "lyyj": "长江干流流域", "lyej": "富水片区", "hsfw": "湖北省富池闸断面对应汇水范围", "kzdy": "富水（湖北省，江西省）控制单元", "id_2": "长江_合并线", "河名": "长江", "级别": 0, "province": "湖北省", "city_2": "黄冈市", "descriptio": "由原始线段合并而成的连续线", "BUFF_DIST": 30.0, "ORIG_FID": 0, "dist_to_river_m": 26585.48, "dist_along_river_m": 8382.94, "snap_lon": 115.3375536, "snap_lat": 30.017038 }, "geometry": { "type": "MultiPoint", "coordinates": [ [ 115.161354, 29.87735 ] ] } },
{ "type": "Feature", "properties": { "id": "6478472600996143086", "name": "大冶市国冠制盖有限公司", "type": "其他", "city": "大冶市", "lyyj": "长江干流流域", "lyej": "鄂东南片区", "hsfw": "湖北省大冶湖闸断面对应汇水范围", "kzdy": "长江（湖北省）控制单元", "id_2": "长江_合并线", "河名": "长江", "级别": 0, "province": "湖北省", "city_2": "黄冈市", "descriptio": "由原始线段合并而成的连续线", "BUFF_DIST": 30.0, "ORIG_FID": 0, "dist_to_river_m": 18723.83, "dist_along_river_m": 54343.23, "snap_lon": 115.07833088, "snap_lat": 30.23477003 }, "geometry": { "type": "MultiPoint", "coordinates": [ [ 114.94811, 30.14275 ] ] } },
{ "type": "Feature", "properties": { "id": "6478472600996143092", "name": "大冶斯瑞尔换热器有限公司", "type": "其他", "city": "大冶市", "lyyj": "长江干流流域", "lyej": "鄂东南片区", "hsfw": "湖北省白浒山断面对应汇水范围", "kzdy": "长江（湖北省）控制单元", "id_2": "长江_合并线", "河名": "长江", "级别": 0, "province": "湖北省", "city_2": "黄冈市", "descriptio": "由原始线段合并而成的连续线", "BUFF_DIST": 30.0, "ORIG_FID": 0, "dist_to_river_m": 6349.13, "dist_along_river_m": 218236.65, "snap_lon": 114.30068691, "snap_lat": 30.57845409 }, "geometry": { "type": "MultiPoint", "coordinates": [ [ 114.34844, 30.5516 ] ] } },
{ "type": "Feature", "properties": { "id": "6478472601012920317", "name": "中建钢构武汉有限公司", "type": "其他", "city": "蔡甸区", "lyyj": "汉江流域", "lyej": "汉江下游片区", "hsfw": "湖北省宗关断面对应汇水范围", "kzdy": "汉江（丹江口下）（湖北省）控制单元", "id_2": "长江_合并线", "河名": "长江", "级别": 0, "province": "湖北省", "city_2": "黄冈市", "descriptio": "由原始线段合并而成的连续线", "BUFF_DIST": 30.0, "ORIG_FID": 0, "dist_to_river_m": 21233.87, "dist_along_river_m": 238627.95, "snap_lon": 114.1997708, "snap_lat": 30.45095512 }, "geometry": { "type": "MultiPoint", "coordinates": [ [ 114.069136, 30.570702 ] ] } },
{ "type": "Feature", "properties": { "id": "6478472601021308907", "name": "武汉武耀安全玻璃股份有限公司", "type": "其他", "city": "经开区", "lyyj": "长江干流流域", "lyej": "鄂东南片区", "hsfw": "湖北省纱帽断面对应汇水范围", "kzdy": "长江（湖北省）控制单元", "id_2": "长江_合并线", "河名": "长江", "级别": 0, "province": "湖北省", "city_2": "黄冈市", "descriptio": "由原始线段合并而成的连续线", "BUFF_DIST": 30.0, "ORIG_FID": 0, "dist_to_river_m": 7634.64, "dist_along_river_m": 272828.85, "snap_lon": 114.0558062, "snap_lat": 30.22558295 }, "geometry": { "type": "MultiPoint", "coordinates": [ [ 114.1059, 30.1851 ] ] } },
{ "type": "Feature", "properties": { "id": "6478472601021308926", "name": "武汉恩碧涂料有限公司", "type": "其他", "city": "经开区", "lyyj": "汉江流域", "lyej": "汉江下游片区", "hsfw": "湖北省杨泗港断面对应汇水范围", "kzdy": "长江（湖北省）控制单元", "id_2": "长江_合并线", "河名": "长江", "级别": 0, "province": "湖北省", "city_2": "黄冈市", "descriptio": "由原始线段合并而成的连续线", "BUFF_DIST": 30.0, "ORIG_FID": 0, "dist_to_river_m": 7493.3, "dist_along_river_m": 241498.32, "snap_lon": 114.18284751999998, "snap_lat": 30.43461219 }, "geometry": { "type": "MultiPoint", "coordinates": [ [ 114.12332, 30.461704 ] ] } },
{ "type": "Feature", "properties": { "id": "6478472601033891813", "name": "远大医药（中国）有限公司制剂分公司", "type": "其他", "city": "东西湖区", "lyyj": "长江干流流域", "lyej": "鄂东南片区", "hsfw": "湖北省白浒山断面对应汇水范围", "kzdy": "长江（湖北省）控制单元", "id_2": "长江_合并线", "河名": "长江", "级别": 0, "province": "湖北省", "city_2": "黄冈市", "descriptio": "由原始线段合并而成的连续线", "BUFF_DIST": 30.0, "ORIG_FID": 0, "dist_to_river_m": 6349.13, "dist_along_river_m": 218236.65, "snap_lon": 114.30068691, "snap_lat": 30.57845409 }, "geometry": { "type": "MultiPoint", "coordinates": [ [ 114.34844, 30.5516 ] ] } },
{ "type": "Feature", "properties": { "id": "6478472942022418329", "name": "武汉爱民制药股份有限公司", "type": "其他", "city": "葛店开发区", "lyyj": "长江干流流域", "lyej": "鄂东南片区", "hsfw": "湖北省燕矶断面对应汇水范围", "kzdy": "长江（湖北省）控制单元", "id_2": "长江_合并线", "河名": "长江", "级别": 0, "province": "湖北省", "city_2": "黄冈市", "descriptio": "由原始线段合并而成的连续线", "BUFF_DIST": 30.0, "ORIG_FID": 0, "dist_to_river_m": 5724.33, "dist_along_river_m": 160433.55, "snap_lon": 114.66168362000001, "snap_lat": 30.57175543 }, "geometry": { "type": "MultiPoint", "coordinates": [ [ 114.6768, 30.529428 ] ] } },
{ "type": "Feature", "properties": { "id": "6478472942022418360", "name": "黄石市环投污水处理有限责任公司（花湖污水处理厂）", "type": "其他", "city": "黄石港区", "lyyj": "长江干流流域", "lyej": "鄂东南片区", "hsfw": "湖北省风波港（右岸）断面对应汇水范围", "kzdy": "长江（湖北省）控制单元", "id_2": "长江_合并线", "河名": "长江", "级别": 0, "province": "湖北省", "city_2": "黄冈市", "descriptio": "由原始线段合并而成的连续线", "BUFF_DIST": 30.0, "ORIG_FID": 0, "dist_to_river_m": 1607.51, "dist_along_river_m": 55653.16, "snap_lon": 115.0743743, "snap_lat": 30.24401353 }, "geometry": { "type": "MultiPoint", "coordinates": [ [ 115.06026, 30.241377 ] ] } },
{ "type": "Feature", "properties": { "id": "6478472942144053234", "name": "湖北海宜生物科技有限公司", "type": "其他", "city": "宜城市", "lyyj": "长江干流流域", "lyej": "鄂东南片区", "hsfw": "湖北省白浒山断面对应汇水范围", "kzdy": "长江（湖北省）控制单元", "id_2": "长江_合并线", "河名": "长江", "级别": 0, "province": "湖北省", "city_2": "黄冈市", "descriptio": "由原始线段合并而成的连续线", "BUFF_DIST": 30.0, "ORIG_FID": 0, "dist_to_river_m": 1266.15, "dist_along_river_m": 216991.53, "snap_lon": 114.30670105, "snap_lat": 30.58646976 }, "geometry": { "type": "MultiPoint", "coordinates": [ [ 114.3162, 30.581084 ] ] } },
{ "type": "Feature", "properties": { "id": "6478472942206967743", "name": "湖北葛店人福药业有限责任公司", "type": "其他", "city": "葛店开发区", "lyyj": "长江干流流域", "lyej": "鄂东南片区", "hsfw": "湖北省燕矶断面对应汇水范围", "kzdy": "长江（湖北省）控制单元", "id_2": "长江_合并线", "河名": "长江", "级别": 0, "province": "湖北省", "city_2": "黄冈市", "descriptio": "由原始线段合并而成的连续线", "BUFF_DIST": 30.0, "ORIG_FID": 0, "dist_to_river_m": 4320.75, "dist_along_river_m": 157348.36, "snap_lon": 114.68837281999998, "snap_lat": 30.57671804 }, "geometry": { "type": "MultiPoint", "coordinates": [ [ 114.69641, 30.54402 ] ] } },
{ "type": "Feature", "properties": { "id": "6478472942253105133", "name": "湖北德安府糖业股份有限公司", "type": "其他", "city": "安陆市", "lyyj": "长江干流流域", "lyej": "府澴河片区", "hsfw": "湖北省白浒山断面对应汇水范围", "kzdy": "长江（湖北省）控制单元", "id_2": "长江_合并线", "河名": "长江", "级别": 0, "province": "湖北省", "city_2": "黄冈市", "descriptio": "由原始线段合并而成的连续线", "BUFF_DIST": 30.0, "ORIG_FID": 0, "dist_to_river_m": 1845.36, "dist_along_river_m": 216510.72, "snap_lon": 114.30890107, "snap_lat": 30.58962581 }, "geometry": { "type": "MultiPoint", "coordinates": [ [ 114.294976, 30.597368 ] ] } },
{ "type": "Feature", "properties": { "id": "6478472942370545605", "name": "武汉市城市排水发展有限公司二郎庙污水处理厂", "type": "其他", "city": "洪山区", "lyyj": "长江干流流域", "lyej": "鄂东南片区", "hsfw": "湖北省白浒山断面对应汇水范围", "kzdy": "长江（湖北省）控制单元", "id_2": "长江_合并线", "河名": "长江", "级别": 0, "province": "湖北省", "city_2": "黄冈市", "descriptio": "由原始线段合并而成的连续线", "BUFF_DIST": 30.0, "ORIG_FID": 0, "dist_to_river_m": 3664.54, "dist_along_river_m": 180470.71, "snap_lon": 114.54806005, "snap_lat": 30.65010207 }, "geometry": { "type": "MultiPoint", "coordinates": [ [ 114.51871, 30.637276 ] ] } },
{ "type": "Feature", "properties": { "id": "6478472942420877308", "name": "咸宁市中德环保电力有限公司", "type": "其他", "city": "咸安区", "lyyj": "长江干流流域", "lyej": "鄂东南片区", "hsfw": "湖北省咸宁湖心断面对应汇水范围", "kzdy": "斧头湖（湖北省）控制单元", "id_2": "长江_合并线", "河名": "长江", "级别": 0, "province": "湖北省", "city_2": "黄冈市", "descriptio": "由原始线段合并而成的连续线", "BUFF_DIST": 30.0, "ORIG_FID": 0, "dist_to_river_m": 31450.12, "dist_along_river_m": 343338.42, "snap_lon": 114.071324, "snap_lat": 30.08836224 }, "geometry": { "type": "MultiPoint", "coordinates": [ [ 114.22224, 29.881493 ] ] } },
{ "type": "Feature", "properties": { "id": "6478472942437654528", "name": "湖北鸡笼山黄金矿业有限公司", "type": "其他", "city": "阳新县", "lyyj": "长江干流流域", "lyej": "富水片区", "hsfw": "湖北省富池闸断面对应汇水范围", "kzdy": "富水（湖北省，江西省）控制单元", "id_2": "长江_合并线", "河名": "长江", "级别": 0, "province": "湖北省", "city_2": "黄冈市", "descriptio": "由原始线段合并而成的连续线", "BUFF_DIST": 30.0, "ORIG_FID": 0, "dist_to_river_m": 20134.73, "dist_along_river_m": 0.0, "snap_lon": 115.3819062836765, "snap_lat": 29.966159302872203 }, "geometry": { "type": "MultiPoint", "coordinates": [ [ 115.42756, 29.814423 ] ] } },
{ "type": "Feature", "properties": { "id": "6478472942467014602", "name": "湖北永浩泰德幕墙装饰有限公司", "type": "其他", "city": "老河口市", "lyyj": "长江干流流域", "lyej": "鄂东南片区", "hsfw": "湖北省白浒山断面对应汇水范围", "kzdy": "长江（湖北省）控制单元", "id_2": "长江_合并线", "河名": "长江", "级别": 0, "province": "湖北省", "city_2": "黄冈市", "descriptio": "由原始线段合并而成的连续线", "BUFF_DIST": 30.0, "ORIG_FID": 0, "dist_to_river_m": 6349.13, "dist_along_river_m": 218236.65, "snap_lon": 114.30068691, "snap_lat": 30.57845409 }, "geometry": { "type": "MultiPoint", "coordinates": [ [ 114.34844, 30.5516 ] ] } },
{ "type": "Feature", "properties": { "id": "6478472942500569074", "name": "武汉市明翔肉类食品有限公司", "type": "其他", "city": "黄陂区", "lyyj": "长江干流流域", "lyej": "府澴河片区", "hsfw": "湖北省滠口断面对应汇水范围", "kzdy": "滠水（湖北省）控制单元", "id_2": "长江_合并线", "河名": "长江", "级别": 0, "province": "湖北省", "city_2": "黄冈市", "descriptio": "由原始线段合并而成的连续线", "BUFF_DIST": 30.0, "ORIG_FID": 0, "dist_to_river_m": 25582.61, "dist_along_river_m": 196459.49, "snap_lon": 114.42846762, "snap_lat": 30.69411219 }, "geometry": { "type": "MultiPoint", "coordinates": [ [ 114.382454, 30.887533 ] ] } },
{ "type": "Feature", "properties": { "id": "6478472942513151978", "name": "中国石油天然气股份有限公司西北销售武汉分公司", "type": "其他", "city": "新洲区", "lyyj": "长江干流流域", "lyej": "鄂东五河片区", "hsfw": "湖北省燕矶断面对应汇水范围", "kzdy": "长江（湖北省）控制单元", "id_2": "长江_合并线", "河名": "长江", "级别": 0, "province": "湖北省", "city_2": "黄冈市", "descriptio": "由原始线段合并而成的连续线", "BUFF_DIST": 30.0, "ORIG_FID": 0, "dist_to_river_m": 4410.27, "dist_along_river_m": 174635.03, "snap_lon": 114.57019350999998, "snap_lat": 30.60957865 }, "geometry": { "type": "MultiPoint", "coordinates": [ [ 114.60743, 30.621222 ] ] } },
{ "type": "Feature", "properties": { "id": "6478472942517346271", "name": "黄冈美丰化工科技有限公司(东区)", "type": "其他", "city": "黄州区", "lyyj": "长江干流流域", "lyej": "鄂东南片区", "hsfw": "湖北省白浒山断面对应汇水范围", "kzdy": "长江（湖北省）控制单元", "id_2": "长江_合并线", "河名": "长江", "级别": 0, "province": "湖北省", "city_2": "黄冈市", "descriptio": "由原始线段合并而成的连续线", "BUFF_DIST": 30.0, "ORIG_FID": 0, "dist_to_river_m": 5083.43, "dist_along_river_m": 223000.47, "snap_lon": 114.28071294, "snap_lat": 30.546328629999987 }, "geometry": { "type": "MultiPoint", "coordinates": [ [ 114.32418, 30.534273 ] ] } },
{ "type": "Feature", "properties": { "id": "6478472942576066475", "name": "武汉普乐环境技术有限公司鄂州分公司", "type": "其他", "city": "临空经济区", "lyyj": "长江干流流域", "lyej": "鄂东南片区", "hsfw": "湖北省燕矶断面对应汇水范围", "kzdy": "长江（湖北省）控制单元", "id_2": "长江_合并线", "河名": "长江", "级别": 0, "province": "湖北省", "city_2": "黄冈市", "descriptio": "由原始线段合并而成的连续线", "BUFF_DIST": 30.0, "ORIG_FID": 0, "dist_to_river_m": 2035.72, "dist_along_river_m": 92378.88, "snap_lon": 114.94460033, "snap_lat": 30.40898163 }, "geometry": { "type": "MultiPoint", "coordinates": [ [ 114.94347, 30.393239 ] ] } },
{ "type": "Feature", "properties": { "id": "6478472942605426667", "name": "武汉科前生物股份有限公司", "type": "其他", "city": "东湖高新开发区", "lyyj": "长江干流流域", "lyej": "鄂东南片区", "hsfw": "湖北省白浒山断面对应汇水范围", "kzdy": "长江（湖北省）控制单元", "id_2": "长江_合并线", "河名": "长江", "级别": 0, "province": "湖北省", "city_2": "黄冈市", "descriptio": "由原始线段合并而成的连续线", "BUFF_DIST": 30.0, "ORIG_FID": 0, "dist_to_river_m": 17261.31, "dist_along_river_m": 169227.41, "snap_lon": 114.5898388, "snap_lat": 30.57199479000001 }, "geometry": { "type": "MultiPoint", "coordinates": [ [ 114.47496, 30.482283 ] ] } },
{ "type": "Feature", "properties": { "id": "6478472942609620919", "name": "上海纳铁福传动系统有限公司武汉工厂", "type": "其他", "city": "经开区", "lyyj": "汉江流域", "lyej": "汉江下游片区", "hsfw": "湖北省杨泗港断面对应汇水范围", "kzdy": "长江（湖北省）控制单元", "id_2": "长江_合并线", "河名": "长江", "级别": 0, "province": "湖北省", "city_2": "黄冈市", "descriptio": "由原始线段合并而成的连续线", "BUFF_DIST": 30.0, "ORIG_FID": 0, "dist_to_river_m": 9934.75, "dist_along_river_m": 243891.77, "snap_lon": 114.17428413, "snap_lat": 30.41770318 }, "geometry": { "type": "MultiPoint", "coordinates": [ [ 114.091152, 30.445693 ] ] } },
{ "type": "Feature", "properties": { "id": "6478472942647369643", "name": "武汉市第四医院（古田院区）", "type": "其他", "city": "硚口区", "lyyj": "长江干流流域", "lyej": "府澴河片区", "hsfw": "湖北省朱家河口断面对应汇水范围", "kzdy": "涢水（湖北省）控制单元", "id_2": "长江_合并线", "河名": "长江", "级别": 0, "province": "湖北省", "city_2": "黄冈市", "descriptio": "由原始线段合并而成的连续线", "BUFF_DIST": 30.0, "ORIG_FID": 0, "dist_to_river_m": 9863.05, "dist_along_river_m": 220733.11, "snap_lon": 114.28888432, "snap_lat": 30.56226029 }, "geometry": { "type": "MultiPoint", "coordinates": [ [ 114.21126, 30.599035 ] ] } },
{ "type": "Feature", "properties": { "id": "6478472942735450026", "name": "凯王制衣有限责任公司", "type": "其他", "city": "仙桃市", "lyyj": "汉江流域", "lyej": "汉江下游片区", "hsfw": "湖北省港洲村断面对应汇水范围", "kzdy": "通顺河（湖北省）控制单元", "id_2": "长江_合并线", "河名": "长江", "级别": 0, "province": "湖北省", "city_2": "黄冈市", "descriptio": "由原始线段合并而成的连续线", "BUFF_DIST": 30.0, "ORIG_FID": 0, "dist_to_river_m": 24187.43, "dist_along_river_m": 303712.6, "snap_lon": 113.87255807000001, "snap_lat": 30.22685442 }, "geometry": { "type": "MultiPoint", "coordinates": [ [ 113.68418, 30.320366 ] ] } },
{ "type": "Feature", "properties": { "id": "6478472942785781728", "name": "国能长源武汉青山热电有限公司", "type": "其他", "city": "青山区", "lyyj": "长江干流流域", "lyej": "鄂东南片区", "hsfw": "湖北省白浒山断面对应汇水范围", "kzdy": "长江（湖北省）控制单元", "id_2": "长江_合并线", "河名": "长江", "级别": 0, "province": "湖北省", "city_2": "黄冈市", "descriptio": "由原始线段合并而成的连续线", "BUFF_DIST": 30.0, "ORIG_FID": 0, "dist_to_river_m": 7628.75, "dist_along_river_m": 195227.18, "snap_lon": 114.43922364, "snap_lat": 30.6954437 }, "geometry": { "type": "MultiPoint", "coordinates": [ [ 114.44697, 30.636875 ] ] } },
{ "type": "Feature", "properties": { "id": "6478472942794170281", "name": "华中科技大学同济医学院附属同济医院", "type": "其他", "city": "硚口区", "lyyj": "长江干流流域", "lyej": "鄂东南片区", "hsfw": "湖北省白浒山断面对应汇水范围", "kzdy": "长江（湖北省）控制单元", "id_2": "长江_合并线", "河名": "长江", "级别": 0, "province": "湖北省", "city_2": "黄冈市", "descriptio": "由原始线段合并而成的连续线", "BUFF_DIST": 30.0, "ORIG_FID": 0, "dist_to_river_m": 16725.49, "dist_along_river_m": 169832.98, "snap_lon": 114.58632557, "snap_lat": 30.57541662 }, "geometry": { "type": "MultiPoint", "coordinates": [ [ 114.47033, 30.493164 ] ] } },
{ "type": "Feature", "properties": { "id": "6478472942852890563", "name": "武汉华龙生物制药有限公司", "type": "其他", "city": "东西湖区", "lyyj": "长江干流流域", "lyej": "鄂东南片区", "hsfw": "湖北省白浒山断面对应汇水范围", "kzdy": "长江（湖北省）控制单元", "id_2": "长江_合并线", "河名": "长江", "级别": 0, "province": "湖北省", "city_2": "黄冈市", "descriptio": "由原始线段合并而成的连续线", "BUFF_DIST": 30.0, "ORIG_FID": 0, "dist_to_river_m": 6349.13, "dist_along_river_m": 218236.65, "snap_lon": 114.30068691, "snap_lat": 30.57845409 }, "geometry": { "type": "MultiPoint", "coordinates": [ [ 114.34844, 30.5516 ] ] } },
{ "type": "Feature", "properties": { "id": "6478472942878056390", "name": "黄冈市维科曼医用材料股份有限公司", "type": null, "city": "黄州区", "lyyj": "长江干流流域", "lyej": "鄂东五河片区", "hsfw": "湖北省巴河镇河口断面对应汇水范围", "kzdy": "巴河（湖北省）控制单元", "id_2": "长江_合并线", "河名": "长江", "级别": 0, "province": "湖北省", "city_2": "黄冈市", "descriptio": "由原始线段合并而成的连续线", "BUFF_DIST": 30.0, "ORIG_FID": 0, "dist_to_river_m": 14235.04, "dist_along_river_m": 130105.56, "snap_lon": 114.88874844000001, "snap_lat": 30.59677443 }, "geometry": { "type": "MultiPoint", "coordinates": [ [ 115.01598, 30.585741 ] ] } },
{ "type": "Feature", "properties": { "id": "6478472942899027900", "name": "中冶水务（武汉）有限公司豹澥污水处理厂", "type": "其他", "city": "东湖高新开发区", "lyyj": "长江干流流域", "lyej": "鄂东南片区", "hsfw": "湖北省西梁子湖湖心（南北嘴）/牛山湖湖心/西梁子湖湖北/西梁子湖湖南断面对应汇水范围", "kzdy": "梁子湖（湖北省）控制单元", "id_2": "长江_合并线", "河名": "长江", "级别": 0, "province": "湖北省", "city_2": "黄冈市", "descriptio": "由原始线段合并而成的连续线", "BUFF_DIST": 30.0, "ORIG_FID": 0, "dist_to_river_m": 13460.3, "dist_along_river_m": 168113.88, "snap_lon": 114.59730487, "snap_lat": 30.56656008 }, "geometry": { "type": "MultiPoint", "coordinates": [ [ 114.54056, 30.47458 ] ] } },
{ "type": "Feature", "properties": { "id": "6478472942978719666", "name": "武汉统一企业食品有限公司", "type": "其他", "city": "东西湖区", "lyyj": "长江干流流域", "lyej": "鄂东南片区", "hsfw": "湖北省白浒山断面对应汇水范围", "kzdy": "长江（湖北省）控制单元", "id_2": "长江_合并线", "河名": "长江", "级别": 0, "province": "湖北省", "city_2": "黄冈市", "descriptio": "由原始线段合并而成的连续线", "BUFF_DIST": 30.0, "ORIG_FID": 0, "dist_to_river_m": 1266.15, "dist_along_river_m": 216991.53, "snap_lon": 114.30670105, "snap_lat": 30.58646976 }, "geometry": { "type": "MultiPoint", "coordinates": [ [ 114.3162, 30.581084 ] ] } },
{ "type": "Feature", "properties": { "id": "6478472942987108237", "name": "中船重工黄冈贵金属有限公司", "type": "其他", "city": "黄州区", "lyyj": "长江干流流域", "lyej": "鄂东五河片区", "hsfw": "湖北省巴河镇河口断面对应汇水范围", "kzdy": "巴河（湖北省）控制单元", "id_2": "长江_合并线", "河名": "长江", "级别": 0, "province": "湖北省", "city_2": "黄冈市", "descriptio": "由原始线段合并而成的连续线", "BUFF_DIST": 30.0, "ORIG_FID": 0, "dist_to_river_m": 14529.91, "dist_along_river_m": 130097.33, "snap_lon": 114.88873752000001, "snap_lat": 30.59671149 }, "geometry": { "type": "MultiPoint", "coordinates": [ [ 115.01722, 30.576914 ] ] } },
{ "type": "Feature", "properties": { "id": "6478472942999691222", "name": "武汉苏泊尔炊具有限公司", "type": "其他", "city": "汉阳区", "lyyj": "汉江流域", "lyej": "汉江下游片区", "hsfw": "湖北省宗关断面对应汇水范围", "kzdy": "汉江（丹江口下）（湖北省）控制单元", "id_2": "长江_合并线", "河名": "长江", "级别": 0, "province": "湖北省", "city_2": "黄冈市", "descriptio": "由原始线段合并而成的连续线", "BUFF_DIST": 30.0, "ORIG_FID": 0, "dist_to_river_m": 12064.67, "dist_along_river_m": 223350.23, "snap_lon": 114.2796918, "snap_lat": 30.54378919 }, "geometry": { "type": "MultiPoint", "coordinates": [ [ 114.17652, 30.572369 ] ] } },
{ "type": "Feature", "properties": { "id": "6478472942999691243", "name": "武汉众志实业有限公司", "type": "印染", "city": "东西湖区", "lyyj": "长江干流流域", "lyej": "府澴河片区", "hsfw": "湖北省朱家河口断面对应汇水范围", "kzdy": "涢水（湖北省）控制单元", "id_2": "长江_合并线", "河名": "长江", "级别": 0, "province": "湖北省", "city_2": "黄冈市", "descriptio": "由原始线段合并而成的连续线", "BUFF_DIST": 30.0, "ORIG_FID": 0, "dist_to_river_m": 15640.98, "dist_along_river_m": 220159.28, "snap_lon": 114.2913051, "snap_lat": 30.56610793 }, "geometry": { "type": "MultiPoint", "coordinates": [ [ 114.17599, 30.635204 ] ] } },
{ "type": "Feature", "properties": { "id": "6478472943003885432", "name": "武汉宏胜恒枫饮料有限公司", "type": "其他", "city": "东西湖区", "lyyj": "长江干流流域", "lyej": "府澴河片区", "hsfw": "湖北省朱家河口断面对应汇水范围", "kzdy": "涢水（湖北省）控制单元", "id_2": "长江_合并线", "河名": "长江", "级别": 0, "province": "湖北省", "city_2": "黄冈市", "descriptio": "由原始线段合并而成的连续线", "BUFF_DIST": 30.0, "ORIG_FID": 0, "dist_to_river_m": 17976.63, "dist_along_river_m": 222418.9, "snap_lon": 114.28221559000001, "snap_lat": 30.55061973 }, "geometry": { "type": "MultiPoint", "coordinates": [ [ 114.13256, 30.602856 ] ] } },
{ "type": "Feature", "properties": { "id": "6478472943054217204", "name": "武汉黄鹤楼香精香料有限公司黄鹤楼香精香料产业园（一期）", "type": "其他", "city": "东西湖区", "lyyj": "长江干流流域", "lyej": "府澴河片区", "hsfw": "湖北省朱家河口断面对应汇水范围", "kzdy": "涢水（湖北省）控制单元", "id_2": "长江_合并线", "河名": "长江", "级别": 0, "province": "湖北省", "city_2": "黄冈市", "descriptio": "由原始线段合并而成的连续线", "BUFF_DIST": 30.0, "ORIG_FID": 0, "dist_to_river_m": 20237.56, "dist_along_river_m": 214786.25, "snap_lon": 114.31684971999998, "snap_lat": 30.60091809 }, "geometry": { "type": "MultiPoint", "coordinates": [ [ 114.16, 30.68 ] ] } },
{ "type": "Feature", "properties": { "id": "6478472943171657696", "name": "襄阳美利信科技有限责任公司", "type": "其他", "city": "高新开发区", "lyyj": "长江干流流域", "lyej": "鄂东南片区", "hsfw": "湖北省白浒山断面对应汇水范围", "kzdy": "长江（湖北省）控制单元", "id_2": "长江_合并线", "河名": "长江", "级别": 0, "province": "湖北省", "city_2": "黄冈市", "descriptio": "由原始线段合并而成的连续线", "BUFF_DIST": 30.0, "ORIG_FID": 0, "dist_to_river_m": 6349.13, "dist_along_river_m": 218236.65, "snap_lon": 114.30068691, "snap_lat": 30.57845409 }, "geometry": { "type": "MultiPoint", "coordinates": [ [ 114.34844, 30.5516 ] ] } },
{ "type": "Feature", "properties": { "id": "6478472943175851994", "name": "湖北宇星水钻饰品有限公司", "type": "其他", "city": "黄梅县", "lyyj": "长江干流流域", "lyej": "鄂东南片区", "hsfw": "湖北省杨泗港断面对应汇水范围", "kzdy": "长江（湖北省）控制单元", "id_2": "长江_合并线", "河名": "长江", "级别": 0, "province": "湖北省", "city_2": "黄冈市", "descriptio": "由原始线段合并而成的连续线", "BUFF_DIST": 30.0, "ORIG_FID": 0, "dist_to_river_m": 16435.63, "dist_along_river_m": 224596.8, "snap_lon": 114.27637323999998, "snap_lat": 30.53465677000001 }, "geometry": { "type": "MultiPoint", "coordinates": [ [ 114.4158, 30.492815 ] ] } },
{ "type": "Feature", "properties": { "id": "6478472943180046242", "name": "建始县中医医院", "type": "其他", "city": "建始县", "lyyj": "长江干流流域", "lyej": "鄂东南片区", "hsfw": "湖北省白浒山断面对应汇水范围", "kzdy": "长江（湖北省）控制单元", "id_2": "长江_合并线", "河名": "长江", "级别": 0, "province": "湖北省", "city_2": "黄冈市", "descriptio": "由原始线段合并而成的连续线", "BUFF_DIST": 30.0, "ORIG_FID": 0, "dist_to_river_m": 1266.15, "dist_along_river_m": 216991.53, "snap_lon": 114.30670105, "snap_lat": 30.58646976 }, "geometry": { "type": "MultiPoint", "coordinates": [ [ 114.3162, 30.581084 ] ] } },
{ "type": "Feature", "properties": { "id": "6478472943188434888", "name": "蕲春君集水处理有限公司", "type": null, "city": "蕲春县", "lyyj": "长江干流流域", "lyej": "鄂东五河片区", "hsfw": "湖北省蕲春县八里湖断面对应汇水范围", "kzdy": "蕲水（湖北省）控制单元", "id_2": "长江_合并线", "河名": "长江", "级别": 0, "province": "湖北省", "city_2": "黄冈市", "descriptio": "由原始线段合并而成的连续线", "BUFF_DIST": 30.0, "ORIG_FID": 0, "dist_to_river_m": 11339.75, "dist_along_river_m": 27372.9, "snap_lon": 115.27142891, "snap_lat": 30.14823989 }, "geometry": { "type": "MultiPoint", "coordinates": [ [ 115.34999, 30.204298 ] ] } },
{ "type": "Feature", "properties": { "id": "6478472943289098187", "name": "湖北绿宇环保有限公司", "type": "其他", "city": "黄州区", "lyyj": "长江干流流域", "lyej": "鄂东五河片区", "hsfw": "湖北省燕矶断面对应汇水范围", "kzdy": "长江（湖北省）控制单元", "id_2": "长江_合并线", "河名": "长江", "级别": 0, "province": "湖北省", "city_2": "黄冈市", "descriptio": "由原始线段合并而成的连续线", "BUFF_DIST": 30.0, "ORIG_FID": 0, "dist_to_river_m": 5473.19, "dist_along_river_m": 113950.92, "snap_lon": 114.83056075000002, "snap_lat": 30.50594417 }, "geometry": { "type": "MultiPoint", "coordinates": [ [ 114.87964, 30.503422 ] ] } },
{ "type": "Feature", "properties": { "id": "6478472943322652653", "name": "武汉市东升纺织有限责任公司", "type": "印染", "city": "蔡甸区", "lyyj": "汉江流域", "lyej": "汉江下游片区", "hsfw": "湖北省宗关断面对应汇水范围", "kzdy": "汉江（丹江口下）（湖北省）控制单元", "id_2": "长江_合并线", "河名": "长江", "级别": 0, "province": "湖北省", "city_2": "黄冈市", "descriptio": "由原始线段合并而成的连续线", "BUFF_DIST": 30.0, "ORIG_FID": 0, "dist_to_river_m": 16460.78, "dist_along_river_m": 233319.93, "snap_lon": 114.23182098, "snap_lat": 30.48019288 }, "geometry": { "type": "MultiPoint", "coordinates": [ [ 114.114329, 30.557538 ] ] } },
{ "type": "Feature", "properties": { "id": "6478472943326846976", "name": "武汉鲁华泓锦新材料有限公司", "type": "其他", "city": "青山区", "lyyj": "长江干流流域", "lyej": "鄂东南片区", "hsfw": "湖北省白浒山断面对应汇水范围", "kzdy": "长江（湖北省）控制单元", "id_2": "长江_合并线", "河名": "长江", "级别": 0, "province": "湖北省", "city_2": "黄冈市", "descriptio": "由原始线段合并而成的连续线", "BUFF_DIST": 30.0, "ORIG_FID": 0, "dist_to_river_m": 2518.63, "dist_along_river_m": 187261.07, "snap_lon": 114.5065269456679, "snap_lat": 30.683736829046605 }, "geometry": { "type": "MultiPoint", "coordinates": [ [ 114.50046, 30.66499 ] ] } },
{ "type": "Feature", "properties": { "id": "6478472943356207013", "name": "湖北嘉辐达节能科技股份有限公司", "type": "其他", "city": "高新开发区", "lyyj": "长江干流流域", "lyej": "鄂东南片区", "hsfw": "湖北省白浒山断面对应汇水范围", "kzdy": "长江（湖北省）控制单元", "id_2": "长江_合并线", "河名": "长江", "级别": 0, "province": "湖北省", "city_2": "黄冈市", "descriptio": "由原始线段合并而成的连续线", "BUFF_DIST": 30.0, "ORIG_FID": 0, "dist_to_river_m": 6349.13, "dist_along_river_m": 218236.65, "snap_lon": 114.30068691, "snap_lat": 30.57845409 }, "geometry": { "type": "MultiPoint", "coordinates": [ [ 114.34844, 30.5516 ] ] } },
{ "type": "Feature", "properties": { "id": "6478472943372984227", "name": "孝昌县第一人民医院", "type": "其他", "city": "孝昌县", "lyyj": "长江干流流域", "lyej": "鄂东南片区", "hsfw": "湖北省白浒山断面对应汇水范围", "kzdy": "长江（湖北省）控制单元", "id_2": "长江_合并线", "河名": "长江", "级别": 0, "province": "湖北省", "city_2": "黄冈市", "descriptio": "由原始线段合并而成的连续线", "BUFF_DIST": 30.0, "ORIG_FID": 0, "dist_to_river_m": 6349.13, "dist_along_river_m": 218236.65, "snap_lon": 114.30068691, "snap_lat": 30.57845409 }, "geometry": { "type": "MultiPoint", "coordinates": [ [ 114.34844, 30.5516 ] ] } },
{ "type": "Feature", "properties": { "id": "6478472943372984302", "name": "安陆市涢洁环保科技有限公司", "type": "其他", "city": "安陆市", "lyyj": "长江干流流域", "lyej": "鄂东南片区", "hsfw": "湖北省白浒山断面对应汇水范围", "kzdy": "长江（湖北省）控制单元", "id_2": "长江_合并线", "河名": "长江", "级别": 0, "province": "湖北省", "city_2": "黄冈市", "descriptio": "由原始线段合并而成的连续线", "BUFF_DIST": 30.0, "ORIG_FID": 0, "dist_to_river_m": 1266.15, "dist_along_river_m": 216991.53, "snap_lon": 114.30670105, "snap_lat": 30.58646976 }, "geometry": { "type": "MultiPoint", "coordinates": [ [ 114.3162, 30.581084 ] ] } },
{ "type": "Feature", "properties": { "id": "6478472943473647591", "name": "湖北新万兴瓷业有限公司", "type": "其他", "city": "蕲春县", "lyyj": "长江干流流域", "lyej": "鄂东五河片区", "hsfw": "湖北省中官铺断面对应汇水范围", "kzdy": "长江（湖北省）控制单元", "id_2": "长江_合并线", "河名": "长江", "级别": 0, "province": "湖北省", "city_2": "黄冈市", "descriptio": "由原始线段合并而成的连续线", "BUFF_DIST": 30.0, "ORIG_FID": 0, "dist_to_river_m": 21701.27, "dist_along_river_m": 25042.93, "snap_lon": 115.28420729, "snap_lat": 30.13405664 }, "geometry": { "type": "MultiPoint", "coordinates": [ [ 115.4424, 30.232536 ] ] } },
{ "type": "Feature", "properties": { "id": "6478472943477841811", "name": "黄冈市保青污水处理厂", "type": "其他", "city": "黄州区", "lyyj": "长江干流流域", "lyej": "鄂东五河片区", "hsfw": "湖北省巴河镇河口断面对应汇水范围", "kzdy": "巴河（湖北省）控制单元", "id_2": "长江_合并线", "河名": "长江", "级别": 0, "province": "湖北省", "city_2": "黄冈市", "descriptio": "由原始线段合并而成的连续线", "BUFF_DIST": 30.0, "ORIG_FID": 0, "dist_to_river_m": 14529.91, "dist_along_river_m": 130097.33, "snap_lon": 114.88873752000001, "snap_lat": 30.59671149 }, "geometry": { "type": "MultiPoint", "coordinates": [ [ 115.01722, 30.576914 ] ] } },
{ "type": "Feature", "properties": { "id": "6478472943507202012", "name": "黄石市山南污水处理厂", "type": null, "city": "经济开发区", "lyyj": "长江干流流域", "lyej": "鄂东南片区", "hsfw": "湖北省大冶湖闸断面对应汇水范围", "kzdy": "长江（湖北省）控制单元", "id_2": "长江_合并线", "河名": "长江", "级别": 0, "province": "湖北省", "city_2": "黄冈市", "descriptio": "由原始线段合并而成的连续线", "BUFF_DIST": 30.0, "ORIG_FID": 0, "dist_to_river_m": 14149.01, "dist_along_river_m": 51766.62, "snap_lon": 115.09434573, "snap_lat": 30.22069887 }, "geometry": { "type": "MultiPoint", "coordinates": [ [ 115.035965, 30.123093 ] ] } },
{ "type": "Feature", "properties": { "id": "6478472943532367809", "name": "中粮家佳康（湖北）有限公司", "type": "其他", "city": "黄州区", "lyyj": "长江干流流域", "lyej": "鄂东五河片区", "hsfw": "湖北省燕矶断面对应汇水范围", "kzdy": "长江（湖北省）控制单元", "id_2": "长江_合并线", "河名": "长江", "级别": 0, "province": "湖北省", "city_2": "黄冈市", "descriptio": "由原始线段合并而成的连续线", "BUFF_DIST": 30.0, "ORIG_FID": 0, "dist_to_river_m": 4569.71, "dist_along_river_m": 90763.45, "snap_lon": 114.9589246394381, "snap_lat": 30.408002585975385 }, "geometry": { "type": "MultiPoint", "coordinates": [ [ 114.9622, 30.443287 ] ] } },
{ "type": "Feature", "properties": { "id": "6478472943574310900", "name": "武汉市格力浦电子有限公司", "type": "其他", "city": "葛店开发区", "lyyj": "长江干流流域", "lyej": "鄂东南片区", "hsfw": "湖北省燕矶断面对应汇水范围", "kzdy": "长江（湖北省）控制单元", "id_2": "长江_合并线", "河名": "长江", "级别": 0, "province": "湖北省", "city_2": "黄冈市", "descriptio": "由原始线段合并而成的连续线", "BUFF_DIST": 30.0, "ORIG_FID": 0, "dist_to_river_m": 4263.75, "dist_along_river_m": 158578.1, "snap_lon": 114.67760135999998, "snap_lat": 30.57535449 }, "geometry": { "type": "MultiPoint", "coordinates": [ [ 114.68434, 30.542887 ] ] } },
{ "type": "Feature", "properties": { "id": "6478472943612059537", "name": "湖北润康肉食品工贸有限公司", "type": "其他", "city": "鄂城区", "lyyj": "长江干流流域", "lyej": "鄂东南片区", "hsfw": "湖北省燕矶断面对应汇水范围", "kzdy": "长江（湖北省）控制单元", "id_2": "长江_合并线", "河名": "长江", "级别": 0, "province": "湖北省", "city_2": "黄冈市", "descriptio": "由原始线段合并而成的连续线", "BUFF_DIST": 30.0, "ORIG_FID": 0, "dist_to_river_m": 2318.15, "dist_along_river_m": 103873.86, "snap_lon": 114.84693665000002, "snap_lat": 30.43208826 }, "geometry": { "type": "MultiPoint", "coordinates": [ [ 114.831, 30.42053 ] ] } },
{ "type": "Feature", "properties": { "id": "6478472943935020922", "name": "黄石市富池水务有限公司", "type": "其他", "city": "阳新县", "lyyj": "长江干流流域", "lyej": "富水片区", "hsfw": "湖北省富池闸断面对应汇水范围", "kzdy": "富水（湖北省，江西省）控制单元", "id_2": "长江_合并线", "河名": "长江", "级别": 0, "province": "湖北省", "city_2": "黄冈市", "descriptio": "由原始线段合并而成的连续线", "BUFF_DIST": 30.0, "ORIG_FID": 0, "dist_to_river_m": 16122.37, "dist_along_river_m": 0.0, "snap_lon": 115.3819062836765, "snap_lat": 29.966159302872203 }, "geometry": { "type": "MultiPoint", "coordinates": [ [ 115.45172, 29.856169 ] ] } },
{ "type": "Feature", "properties": { "id": "6478472943951798169", "name": "华能应城热电有限责任公司", "type": "其他", "city": "应城市", "lyyj": "长江干流流域", "lyej": "鄂东南片区", "hsfw": "湖北省燕矶断面对应汇水范围", "kzdy": "长江（湖北省）控制单元", "id_2": "长江_合并线", "河名": "长江", "级别": 0, "province": "湖北省", "city_2": "黄冈市", "descriptio": "由原始线段合并而成的连续线", "BUFF_DIST": 30.0, "ORIG_FID": 0, "dist_to_river_m": 3001.74, "dist_along_river_m": 100122.31, "snap_lon": 114.87696846000001, "snap_lat": 30.41988578 }, "geometry": { "type": "MultiPoint", "coordinates": [ [ 114.864722, 30.399167 ] ] } },
{ "type": "Feature", "properties": { "id": "6478472944023101431", "name": "黄石新兴管业有限公司", "type": "其他", "city": "下陆区", "lyyj": "长江干流流域", "lyej": "鄂东南片区", "hsfw": "湖北省大冶湖闸断面对应汇水范围", "kzdy": "长江（湖北省）控制单元", "id_2": "长江_合并线", "河名": "长江", "级别": 0, "province": "湖北省", "city_2": "黄冈市", "descriptio": "由原始线段合并而成的连续线", "BUFF_DIST": 30.0, "ORIG_FID": 0, "dist_to_river_m": 16385.59, "dist_along_river_m": 54815.96, "snap_lon": 115.07589025, "snap_lat": 30.23771329 }, "geometry": { "type": "MultiPoint", "coordinates": [ [ 114.939444, 30.19 ] ] } },
{ "type": "Feature", "properties": { "id": "6478472944035684312", "name": "湖北中陶实业有限公司", "type": "其他", "city": "蕲春县", "lyyj": "长江干流流域", "lyej": "鄂东南片区", "hsfw": "湖北省白浒山断面对应汇水范围", "kzdy": "长江（湖北省）控制单元", "id_2": "长江_合并线", "河名": "长江", "级别": 0, "province": "湖北省", "city_2": "黄冈市", "descriptio": "由原始线段合并而成的连续线", "BUFF_DIST": 30.0, "ORIG_FID": 0, "dist_to_river_m": 1266.15, "dist_along_river_m": 216991.53, "snap_lon": 114.30670105, "snap_lat": 30.58646976 }, "geometry": { "type": "MultiPoint", "coordinates": [ [ 114.3162, 30.581084 ] ] } },
{ "type": "Feature", "properties": { "id": "6478472944086015939", "name": "劲牌持正堂药业有限公司", "type": "其他", "city": "经济开发区", "lyyj": "长江干流流域", "lyej": "鄂东南片区", "hsfw": "湖北省大冶湖闸断面对应汇水范围", "kzdy": "长江（湖北省）控制单元", "id_2": "长江_合并线", "河名": "长江", "级别": 0, "province": "湖北省", "city_2": "黄冈市", "descriptio": "由原始线段合并而成的连续线", "BUFF_DIST": 30.0, "ORIG_FID": 0, "dist_to_river_m": 5339.06, "dist_along_river_m": 50388.13, "snap_lon": 115.10535333999998, "snap_lat": 30.21591117000001 }, "geometry": { "type": "MultiPoint", "coordinates": [ [ 115.085243, 30.178278 ] ] } },
{ "type": "Feature", "properties": { "id": "6478472944165707736", "name": "武汉科凌联诚环保有限公司", "type": "其他", "city": "新洲区", "lyyj": "长江干流流域", "lyej": "鄂东南片区", "hsfw": "湖北省白浒山断面对应汇水范围", "kzdy": "长江（湖北省）控制单元", "id_2": "长江_合并线", "河名": "长江", "级别": 0, "province": "湖北省", "city_2": "黄冈市", "descriptio": "由原始线段合并而成的连续线", "BUFF_DIST": 30.0, "ORIG_FID": 0, "dist_to_river_m": 6349.13, "dist_along_river_m": 218236.65, "snap_lon": 114.30068691, "snap_lat": 30.57845409 }, "geometry": { "type": "MultiPoint", "coordinates": [ [ 114.34844, 30.5516 ] ] } },
{ "type": "Feature", "properties": { "id": "6478472944174096315", "name": "武汉新城污水处理有限公司", "type": "其他", "city": "经开区", "lyyj": "汉江流域", "lyej": "汉江下游片区", "hsfw": "湖北省杨泗港断面对应汇水范围", "kzdy": "长江（湖北省）控制单元", "id_2": "长江_合并线", "河名": "长江", "级别": 0, "province": "湖北省", "city_2": "黄冈市", "descriptio": "由原始线段合并而成的连续线", "BUFF_DIST": 30.0, "ORIG_FID": 0, "dist_to_river_m": 2806.26, "dist_along_river_m": 235687.27, "snap_lon": 114.21937441, "snap_lat": 30.46544128 }, "geometry": { "type": "MultiPoint", "coordinates": [ [ 114.200157, 30.479503 ] ] } },
{ "type": "Feature", "properties": { "id": "6478472944186679288", "name": "稳健医疗（黄冈）有限公司", "type": "其他", "city": "黄州区", "lyyj": "长江干流流域", "lyej": "鄂东五河片区", "hsfw": "湖北省燕矶断面对应汇水范围", "kzdy": "长江（湖北省）控制单元", "id_2": "长江_合并线", "河名": "长江", "级别": 0, "province": "湖北省", "city_2": "黄冈市", "descriptio": "由原始线段合并而成的连续线", "BUFF_DIST": 30.0, "ORIG_FID": 0, "dist_to_river_m": 7024.72, "dist_along_river_m": 96083.17, "snap_lon": 114.9119951, "snap_lat": 30.41295369 }, "geometry": { "type": "MultiPoint", "coordinates": [ [ 114.920338, 30.466882 ] ] } },
{ "type": "Feature", "properties": { "id": "3554008715050911932", "name": "武汉奥克化学有限公司", "type": "其他", "city": "青山区", "lyyj": "长江干流流域", "lyej": "鄂东南片区", "hsfw": "湖北省白浒山断面对应汇水范围", "kzdy": "长江（湖北省）控制单元", "id_2": "长江_合并线", "河名": "长江", "级别": 0, "province": "湖北省", "city_2": "黄冈市", "descriptio": "由原始线段合并而成的连续线", "BUFF_DIST": 30.0, "ORIG_FID": 0, "dist_to_river_m": 5365.99, "dist_along_river_m": 188567.92, "snap_lon": 114.49521108, "snap_lat": 30.685785229999986 }, "geometry": { "type": "MultiPoint", "coordinates": [ [ 114.46779, 30.651686 ] ] } },
{ "type": "Feature", "properties": { "id": "3566868272139765951", "name": "黄冈林立新能源科技有限公司（三厂）", "type": "其他", "city": "黄州区", "lyyj": "长江干流流域", "lyej": "鄂东五河片区", "hsfw": "湖北省巴河镇河口断面对应汇水范围", "kzdy": "巴河（湖北省）控制单元", "id_2": "长江_合并线", "河名": "长江", "级别": 0, "province": "湖北省", "city_2": "黄冈市", "descriptio": "由原始线段合并而成的连续线", "BUFF_DIST": 30.0, "ORIG_FID": 0, "dist_to_river_m": 12855.5, "dist_along_river_m": 130097.33, "snap_lon": 114.88873752000001, "snap_lat": 30.59671149 }, "geometry": { "type": "MultiPoint", "coordinates": [ [ 115.001884, 30.576815 ] ] } },
{ "type": "Feature", "properties": { "id": "3592420291814362553", "name": "武汉楷拓生物科技有限公司", "type": null, "city": "东湖高新开发区", "lyyj": "长江干流流域", "lyej": "鄂东南片区", "hsfw": "湖北省白浒山断面对应汇水范围", "kzdy": "长江（湖北省）控制单元", "id_2": "长江_合并线", "河名": "长江", "级别": 0, "province": "湖北省", "city_2": "黄冈市", "descriptio": "由原始线段合并而成的连续线", "BUFF_DIST": 30.0, "ORIG_FID": 0, "dist_to_river_m": 17460.66, "dist_along_river_m": 169234.48, "snap_lon": 114.58979632000002, "snap_lat": 30.57203543 }, "geometry": { "type": "MultiPoint", "coordinates": [ [ 114.4732, 30.48166 ] ] } },
{ "type": "Feature", "properties": { "id": "3593509302580547071", "name": "阳新县城发水务有限公司阳新县城南化工园污水处理厂", "type": null, "city": "阳新县", "lyyj": "长江干流流域", "lyej": "富水片区", "hsfw": "湖北省富池闸断面对应汇水范围", "kzdy": "富水（湖北省，江西省）控制单元", "id_2": "长江_合并线", "河名": "长江", "级别": 0, "province": "湖北省", "city_2": "黄冈市", "descriptio": "由原始线段合并而成的连续线", "BUFF_DIST": 30.0, "ORIG_FID": 0, "dist_to_river_m": 25741.82, "dist_along_river_m": 0.0, "snap_lon": 115.3819062836765, "snap_lat": 29.966159302872203 }, "geometry": { "type": "MultiPoint", "coordinates": [ [ 115.23004, 29.814972 ] ] } },
{ "type": "Feature", "properties": { "id": "6478425122389221339", "name": "长江航运总医院（武汉脑科医院）", "type": null, "city": "江岸区", "lyyj": "长江干流流域", "lyej": "府澴河片区", "hsfw": "湖北省白浒山断面对应汇水范围", "kzdy": "长江（湖北省）控制单元", "id_2": "长江_合并线", "河名": "长江", "级别": 0, "province": "湖北省", "city_2": "黄冈市", "descriptio": "由原始线段合并而成的连续线", "BUFF_DIST": 30.0, "ORIG_FID": 0, "dist_to_river_m": 3170.39, "dist_along_river_m": 215756.57, "snap_lon": 114.31237965, "snap_lat": 30.59455297 }, "geometry": { "type": "MultiPoint", "coordinates": [ [ 114.287463, 30.606426 ] ] } },
{ "type": "Feature", "properties": { "id": "6478425122422775789", "name": "武汉市中医医院(汉阳院区)", "type": null, "city": "汉阳区", "lyyj": "汉江流域", "lyej": "汉江下游片区", "hsfw": "湖北省杨泗港断面对应汇水范围", "kzdy": "长江（湖北省）控制单元", "id_2": "长江_合并线", "河名": "长江", "级别": 0, "province": "湖北省", "city_2": "黄冈市", "descriptio": "由原始线段合并而成的连续线", "BUFF_DIST": 30.0, "ORIG_FID": 0, "dist_to_river_m": 4439.25, "dist_along_river_m": 229290.83, "snap_lon": 114.25395595000001, "snap_lat": 30.50465533 }, "geometry": { "type": "MultiPoint", "coordinates": [ [ 114.22212, 30.525345 ] ] } },
{ "type": "Feature", "properties": { "id": "6478425122422775804", "name": "武汉市金银潭医院（武汉市传染病医院）", "type": null, "city": "东西湖区", "lyyj": "长江干流流域", "lyej": "府澴河片区", "hsfw": "湖北省朱家河口断面对应汇水范围", "kzdy": "涢水（湖北省）控制单元", "id_2": "长江_合并线", "河名": "长江", "级别": 0, "province": "湖北省", "city_2": "黄冈市", "descriptio": "由原始线段合并而成的连续线", "BUFF_DIST": 30.0, "ORIG_FID": 0, "dist_to_river_m": 10634.79, "dist_along_river_m": 213127.8, "snap_lon": 114.32477174999998, "snap_lat": 30.61163874 }, "geometry": { "type": "MultiPoint", "coordinates": [ [ 114.244606, 30.65635 ] ] } },
{ "type": "Feature", "properties": { "id": "6478425122439553000", "name": "武汉南瑞祥环保有限公司", "type": "其他", "city": "长江新区", "lyyj": "长江干流流域", "lyej": "府澴河片区", "hsfw": "湖北省白浒山断面对应汇水范围", "kzdy": "长江（湖北省）控制单元", "id_2": "长江_合并线", "河名": "长江", "级别": 0, "province": "湖北省", "city_2": "黄冈市", "descriptio": "由原始线段合并而成的连续线", "BUFF_DIST": 30.0, "ORIG_FID": 0, "dist_to_river_m": 6617.21, "dist_along_river_m": 184617.83, "snap_lon": 114.52811546, "snap_lat": 30.67637 }, "geometry": { "type": "MultiPoint", "coordinates": [ [ 114.5592, 30.719938 ] ] } },
{ "type": "Feature", "properties": { "id": "6478425122544410624", "name": "东风本田汽车有限公司第一工厂", "type": null, "city": "经开区", "lyyj": "长江干流流域", "lyej": "鄂东南片区", "hsfw": "湖北省白浒山断面对应汇水范围", "kzdy": "长江（湖北省）控制单元", "id_2": "长江_合并线", "河名": "长江", "级别": 0, "province": "湖北省", "city_2": "黄冈市", "descriptio": "由原始线段合并而成的连续线", "BUFF_DIST": 30.0, "ORIG_FID": 0, "dist_to_river_m": 6349.13, "dist_along_river_m": 218236.65, "snap_lon": 114.30068691, "snap_lat": 30.57845409 }, "geometry": { "type": "MultiPoint", "coordinates": [ [ 114.34844, 30.5516 ] ] } },
{ "type": "Feature", "properties": { "id": "6478472600845148159", "name": "湖北晟源食品有限公司", "type": "其他", "city": "蕲春县", "lyyj": "长江干流流域", "lyej": "鄂东五河片区", "hsfw": "湖北省蕲春县八里湖断面对应汇水范围", "kzdy": "蕲水（湖北省）控制单元", "id_2": "长江_合并线", "河名": "长江", "级别": 0, "province": "湖北省", "city_2": "黄冈市", "descriptio": "由原始线段合并而成的连续线", "BUFF_DIST": 30.0, "ORIG_FID": 0, "dist_to_river_m": 19596.35, "dist_along_river_m": 30707.55, "snap_lon": 115.2532624, "snap_lat": 30.16862222 }, "geometry": { "type": "MultiPoint", "coordinates": [ [ 115.391889, 30.262379 ] ] } },
{ "type": "Feature", "properties": { "id": "6478472600853536754", "name": "昆仑能源湖北黄冈液化天然气有限公司", "type": "其他", "city": "黄州区", "lyyj": "长江干流流域", "lyej": "鄂东五河片区", "hsfw": "湖北省兰溪大桥断面对应汇水范围", "kzdy": "浠水（湖北省）控制单元", "id_2": "长江_合并线", "河名": "长江", "级别": 0, "province": "湖北省", "city_2": "黄冈市", "descriptio": "由原始线段合并而成的连续线", "BUFF_DIST": 30.0, "ORIG_FID": 0, "dist_to_river_m": 25201.58, "dist_along_river_m": 72631.4, "snap_lon": 115.10294797, "snap_lat": 30.3638782 }, "geometry": { "type": "MultiPoint", "coordinates": [ [ 115.3, 30.46 ] ] } },
{ "type": "Feature", "properties": { "id": "6478472600853536760", "name": "洪湖市中医医院", "type": "其他", "city": "洪湖市", "lyyj": "长江干流流域", "lyej": "鄂东南片区", "hsfw": "湖北省白浒山断面对应汇水范围", "kzdy": "长江（湖北省）控制单元", "id_2": "长江_合并线", "河名": "长江", "级别": 0, "province": "湖北省", "city_2": "黄冈市", "descriptio": "由原始线段合并而成的连续线", "BUFF_DIST": 30.0, "ORIG_FID": 0, "dist_to_river_m": 1266.15, "dist_along_river_m": 216991.53, "snap_lon": 114.30670105, "snap_lat": 30.58646976 }, "geometry": { "type": "MultiPoint", "coordinates": [ [ 114.3162, 30.581084 ] ] } },
{ "type": "Feature", "properties": { "id": "6478472600861925364", "name": "武汉新锐惠恒实业有限公司", "type": "其他", "city": "洪湖市", "lyyj": "长江干流流域", "lyej": "四湖片区", "hsfw": "湖北省新滩断面对应汇水范围", "kzdy": "四湖总干渠（湖北省）控制单元", "id_2": "长江_合并线", "河名": "长江", "级别": 0, "province": "湖北省", "city_2": "黄冈市", "descriptio": "由原始线段合并而成的连续线", "BUFF_DIST": 30.0, "ORIG_FID": 0, "dist_to_river_m": 1951.53, "dist_along_river_m": 310696.33, "snap_lon": 113.87630901474226, "snap_lat": 30.185183328781886 }, "geometry": { "type": "MultiPoint", "coordinates": [ [ 113.874405, 30.170118 ] ] } },
{ "type": "Feature", "properties": { "id": "6478472600903868412", "name": "湖北金德包装有限公司", "type": "印刷", "city": "孝南区", "lyyj": "长江干流流域", "lyej": "鄂东南片区", "hsfw": "湖北省白浒山断面对应汇水范围", "kzdy": "长江（湖北省）控制单元", "id_2": "长江_合并线", "河名": "长江", "级别": 0, "province": "湖北省", "city_2": "黄冈市", "descriptio": "由原始线段合并而成的连续线", "BUFF_DIST": 30.0, "ORIG_FID": 0, "dist_to_river_m": 1266.15, "dist_along_river_m": 216991.53, "snap_lon": 114.30670105, "snap_lat": 30.58646976 }, "geometry": { "type": "MultiPoint", "coordinates": [ [ 114.3162, 30.581084 ] ] } },
{ "type": "Feature", "properties": { "id": "6478472600954200062", "name": "湖北兴福电子材料股份有限公司", "type": "其他", "city": "猇亭区", "lyyj": "长江干流流域", "lyej": "鄂东南片区", "hsfw": "湖北省白浒山断面对应汇水范围", "kzdy": "长江（湖北省）控制单元", "id_2": "长江_合并线", "河名": "长江", "级别": 0, "province": "湖北省", "city_2": "黄冈市", "descriptio": "由原始线段合并而成的连续线", "BUFF_DIST": 30.0, "ORIG_FID": 0, "dist_to_river_m": 1266.15, "dist_along_river_m": 216991.53, "snap_lon": 114.30670105, "snap_lat": 30.58646976 }, "geometry": { "type": "MultiPoint", "coordinates": [ [ 114.3162, 30.581084 ] ] } },
{ "type": "Feature", "properties": { "id": "6478472601017114594", "name": "武汉环境投资开发集团有限公司（武汉市千子山循环经济产业园污水集中处理厂）", "type": "其他", "city": "蔡甸区", "lyyj": "汉江流域", "lyej": "汉江下游片区", "hsfw": "湖北省杨泗港断面对应汇水范围", "kzdy": "长江（湖北省）控制单元", "id_2": "长江_合并线", "河名": "长江", "级别": 0, "province": "湖北省", "city_2": "黄冈市", "descriptio": "由原始线段合并而成的连续线", "BUFF_DIST": 30.0, "ORIG_FID": 0, "dist_to_river_m": 21484.83, "dist_along_river_m": 251103.1, "snap_lon": 114.13884913, "snap_lat": 30.37205495 }, "geometry": { "type": "MultiPoint", "coordinates": [ [ 113.992493, 30.480543 ] ] } },
{ "type": "Feature", "properties": { "id": "6478472601017114610", "name": "隆达铝业（武汉）有限公司", "type": "其他", "city": "蔡甸区", "lyyj": "汉江流域", "lyej": "汉江下游片区", "hsfw": "湖北省杨泗港断面对应汇水范围", "kzdy": "长江（湖北省）控制单元", "id_2": "长江_合并线", "河名": "长江", "级别": 0, "province": "湖北省", "city_2": "黄冈市", "descriptio": "由原始线段合并而成的连续线", "BUFF_DIST": 30.0, "ORIG_FID": 0, "dist_to_river_m": 17028.62, "dist_along_river_m": 250567.6, "snap_lon": 114.14202293, "snap_lat": 30.37513941 }, "geometry": { "type": "MultiPoint", "coordinates": [ [ 114.02955, 30.464548 ] ] } },
{ "type": "Feature", "properties": { "id": "6478472601021308915", "name": "浙江吉利汽车有限公司武汉分公司", "type": "其他", "city": "经开区", "lyyj": "汉江流域", "lyej": "汉江下游片区", "hsfw": "湖北省黄陵大桥断面对应汇水范围", "kzdy": "通顺河（湖北省）控制单元", "id_2": "长江_合并线", "河名": "长江", "级别": 0, "province": "湖北省", "city_2": "黄冈市", "descriptio": "由原始线段合并而成的连续线", "BUFF_DIST": 30.0, "ORIG_FID": 0, "dist_to_river_m": 234.56, "dist_along_river_m": 260633.49, "snap_lon": 114.09265459, "snap_lat": 30.3118805 }, "geometry": { "type": "MultiPoint", "coordinates": [ [ 114.090614, 30.312334 ] ] } },
{ "type": "Feature", "properties": { "id": "6478472601025503221", "name": "铭祥汽车工业（武汉）有限公司一工厂", "type": "其他", "city": "经开区", "lyyj": "汉江流域", "lyej": "汉江下游片区", "hsfw": "湖北省杨泗港断面对应汇水范围", "kzdy": "长江（湖北省）控制单元", "id_2": "长江_合并线", "河名": "长江", "级别": 0, "province": "湖北省", "city_2": "黄冈市", "descriptio": "由原始线段合并而成的连续线", "BUFF_DIST": 30.0, "ORIG_FID": 0, "dist_to_river_m": 6153.94, "dist_along_river_m": 238504.48, "snap_lon": 114.2005841, "snap_lat": 30.45160462 }, "geometry": { "type": "MultiPoint", "coordinates": [ [ 114.16412, 30.487417 ] ] } },
{ "type": "Feature", "properties": { "id": "6478472601335881728", "name": "武汉儿童医院（武汉市妇女儿童医疗保健中心、武汉市妇幼保健院）", "type": null, "city": "江岸区", "lyyj": "长江干流流域", "lyej": "府澴河片区", "hsfw": "湖北省白浒山断面对应汇水范围", "kzdy": "长江（湖北省）控制单元", "id_2": "长江_合并线", "河名": "长江", "级别": 0, "province": "湖北省", "city_2": "黄冈市", "descriptio": "由原始线段合并而成的连续线", "BUFF_DIST": 30.0, "ORIG_FID": 0, "dist_to_river_m": 2937.36, "dist_along_river_m": 216224.52, "snap_lon": 114.31020755, "snap_lat": 30.59149832 }, "geometry": { "type": "MultiPoint", "coordinates": [ [ 114.288015, 30.603785 ] ] } },
{ "type": "Feature", "properties": { "id": "6478472942018224042", "name": "湖北香园食品有限公司", "type": "其他", "city": "老河口市", "lyyj": "长江干流流域", "lyej": "府澴河片区", "hsfw": "湖北省白浒山断面对应汇水范围", "kzdy": "长江（湖北省）控制单元", "id_2": "长江_合并线", "河名": "长江", "级别": 0, "province": "湖北省", "city_2": "黄冈市", "descriptio": "由原始线段合并而成的连续线", "BUFF_DIST": 30.0, "ORIG_FID": 0, "dist_to_river_m": 1845.36, "dist_along_river_m": 216510.72, "snap_lon": 114.30890107, "snap_lat": 30.58962581 }, "geometry": { "type": "MultiPoint", "coordinates": [ [ 114.294976, 30.597368 ] ] } },
{ "type": "Feature", "properties": { "id": "6478472942068555655", "name": "武汉绿色动力再生能源有限公司", "type": "其他", "city": "青山区", "lyyj": "长江干流流域", "lyej": "鄂东南片区", "hsfw": "湖北省白浒山断面对应汇水范围", "kzdy": "长江（湖北省）控制单元", "id_2": "长江_合并线", "河名": "长江", "级别": 0, "province": "湖北省", "city_2": "黄冈市", "descriptio": "由原始线段合并而成的连续线", "BUFF_DIST": 30.0, "ORIG_FID": 0, "dist_to_river_m": 4665.36, "dist_along_river_m": 180515.1, "snap_lon": 114.54788853, "snap_lat": 30.65041174 }, "geometry": { "type": "MultiPoint", "coordinates": [ [ 114.51, 30.635 ] ] } },
{ "type": "Feature", "properties": { "id": "6478472942118887365", "name": "武钢资源集团程潮矿业有限公司", "type": "其他", "city": "鄂城区", "lyyj": "长江干流流域", "lyej": "鄂东南片区", "hsfw": "湖北省樊口断面对应汇水范围", "kzdy": "梁子湖（湖北省）控制单元", "id_2": "长江_合并线", "河名": "长江", "级别": 0, "province": "湖北省", "city_2": "黄冈市", "descriptio": "由原始线段合并而成的连续线", "BUFF_DIST": 30.0, "ORIG_FID": 0, "dist_to_river_m": 13572.35, "dist_along_river_m": 101881.45, "snap_lon": 114.86234979, "snap_lat": 30.42457607 }, "geometry": { "type": "MultiPoint", "coordinates": [ [ 114.826744, 30.323974 ] ] } },
{ "type": "Feature", "properties": { "id": "6478472942123081677", "name": "鄂州市深硕污水处理有限公司樊口污水处理厂", "type": "其他", "city": "鄂城区", "lyyj": "长江干流流域", "lyej": "鄂东南片区", "hsfw": "湖北省杨泗港断面对应汇水范围", "kzdy": "长江（湖北省）控制单元", "id_2": "长江_合并线", "河名": "长江", "级别": 0, "province": "湖北省", "city_2": "黄冈市", "descriptio": "由原始线段合并而成的连续线", "BUFF_DIST": 30.0, "ORIG_FID": 0, "dist_to_river_m": 10630.21, "dist_along_river_m": 235606.63, "snap_lon": 114.21988367, "snap_lat": 30.46588403 }, "geometry": { "type": "MultiPoint", "coordinates": [ [ 114.294976, 30.415024 ] ] } },
{ "type": "Feature", "properties": { "id": "6478472942286659562", "name": "湖北孝感同兴五金电子配件有限公司", "type": "其他", "city": "孝南区", "lyyj": "长江干流流域", "lyej": "鄂东南片区", "hsfw": "湖北省白浒山断面对应汇水范围", "kzdy": "长江（湖北省）控制单元", "id_2": "长江_合并线", "河名": "长江", "级别": 0, "province": "湖北省", "city_2": "黄冈市", "descriptio": "由原始线段合并而成的连续线", "BUFF_DIST": 30.0, "ORIG_FID": 0, "dist_to_river_m": 6349.13, "dist_along_river_m": 218236.65, "snap_lon": 114.30068691, "snap_lat": 30.57845409 }, "geometry": { "type": "MultiPoint", "coordinates": [ [ 114.34844, 30.5516 ] ] } },
{ "type": "Feature", "properties": { "id": "6478472942345379788", "name": "长利玻璃洪湖有限公司", "type": "平板玻璃", "city": "洪湖市", "lyyj": "长江干流流域", "lyej": "鄂东南片区", "hsfw": "湖北省白浒山断面对应汇水范围", "kzdy": "长江（湖北省）控制单元", "id_2": "长江_合并线", "河名": "长江", "级别": 0, "province": "湖北省", "city_2": "黄冈市", "descriptio": "由原始线段合并而成的连续线", "BUFF_DIST": 30.0, "ORIG_FID": 0, "dist_to_river_m": 1266.15, "dist_along_river_m": 216991.53, "snap_lon": 114.30670105, "snap_lat": 30.58646976 }, "geometry": { "type": "MultiPoint", "coordinates": [ [ 114.3162, 30.581084 ] ] } },
{ "type": "Feature", "properties": { "id": "6478472942399905730", "name": "大冶有色金属有限责任公司丰山铜矿", "type": "其他", "city": "阳新县", "lyyj": "长江干流流域", "lyej": "富水片区", "hsfw": "湖北省富池闸断面对应汇水范围", "kzdy": "富水（湖北省，江西省）控制单元", "id_2": "长江_合并线", "河名": "长江", "级别": 0, "province": "湖北省", "city_2": "黄冈市", "descriptio": "由原始线段合并而成的连续线", "BUFF_DIST": 30.0, "ORIG_FID": 0, "dist_to_river_m": 19765.86, "dist_along_river_m": 0.0, "snap_lon": 115.3819062836765, "snap_lat": 29.966159302872203 }, "geometry": { "type": "MultiPoint", "coordinates": [ [ 115.44685, 29.822891 ] ] } },
{ "type": "Feature", "properties": { "id": "6478472942483791872", "name": "中粮包装（武汉）有限公司", "type": "其他", "city": "经开区", "lyyj": "汉江流域", "lyej": "汉江下游片区", "hsfw": "湖北省杨泗港断面对应汇水范围", "kzdy": "长江（湖北省）控制单元", "id_2": "长江_合并线", "河名": "长江", "级别": 0, "province": "湖北省", "city_2": "黄冈市", "descriptio": "由原始线段合并而成的连续线", "BUFF_DIST": 30.0, "ORIG_FID": 0, "dist_to_river_m": 6435.71, "dist_along_river_m": 241946.54, "snap_lon": 114.1809542, "snap_lat": 30.431553180000012 }, "geometry": { "type": "MultiPoint", "coordinates": [ [ 114.12977, 30.454727 ] ] } },
{ "type": "Feature", "properties": { "id": "6478472942504763357", "name": "武汉法斯克能源科技有限公司", "type": "其他", "city": "东湖高新开发区", "lyyj": "长江干流流域", "lyej": "鄂东南片区", "hsfw": "湖北省金水闸断面对应汇水范围", "kzdy": "长江（湖北省）控制单元", "id_2": "长江_合并线", "河名": "长江", "级别": 0, "province": "湖北省", "city_2": "黄冈市", "descriptio": "由原始线段合并而成的连续线", "BUFF_DIST": 30.0, "ORIG_FID": 0, "dist_to_river_m": 19664.25, "dist_along_river_m": 249190.43, "snap_lon": 114.15026077, "snap_lat": 30.3830189 }, "geometry": { "type": "MultiPoint", "coordinates": [ [ 114.28646, 30.28593 ] ] } },
{ "type": "Feature", "properties": { "id": "6478472942584455095", "name": "武汉益业肉类食品有限公司", "type": "其他", "city": "黄陂区", "lyyj": "长江干流流域", "lyej": "府澴河片区", "hsfw": "湖北省朱家河口断面对应汇水范围", "kzdy": "涢水（湖北省）控制单元", "id_2": "长江_合并线", "河名": "长江", "级别": 0, "province": "湖北省", "city_2": "黄冈市", "descriptio": "由原始线段合并而成的连续线", "BUFF_DIST": 30.0, "ORIG_FID": 0, "dist_to_river_m": 6101.26, "dist_along_river_m": 205172.05, "snap_lon": 114.36285219, "snap_lat": 30.6629509 }, "geometry": { "type": "MultiPoint", "coordinates": [ [ 114.316168, 30.687648 ] ] } },
{ "type": "Feature", "properties": { "id": "6478472942592843717", "name": "咸宁城发环保渗滤液处理有限公司", "type": "其他", "city": "咸安区", "lyyj": "长江干流流域", "lyej": "鄂东南片区", "hsfw": "湖北省咸宁湖心断面对应汇水范围", "kzdy": "斧头湖（湖北省）控制单元", "id_2": "长江_合并线", "河名": "长江", "级别": 0, "province": "湖北省", "city_2": "黄冈市", "descriptio": "由原始线段合并而成的连续线", "BUFF_DIST": 30.0, "ORIG_FID": 0, "dist_to_river_m": 32737.48, "dist_along_river_m": 343345.24, "snap_lon": 114.07127193, "snap_lat": 30.08833422 }, "geometry": { "type": "MultiPoint", "coordinates": [ [ 114.22568, 29.871534 ] ] } },
{ "type": "Feature", "properties": { "id": "6478472942605426681", "name": "武汉凯骏服装集团有限责任公司", "type": "其他", "city": "经开区", "lyyj": "汉江流域", "lyej": "汉江下游片区", "hsfw": "湖北省杨泗港断面对应汇水范围", "kzdy": "长江（湖北省）控制单元", "id_2": "长江_合并线", "河名": "长江", "级别": 0, "province": "湖北省", "city_2": "黄冈市", "descriptio": "由原始线段合并而成的连续线", "BUFF_DIST": 30.0, "ORIG_FID": 0, "dist_to_river_m": 4567.49, "dist_along_river_m": 240885.62, "snap_lon": 114.18562933000001, "snap_lat": 30.43868572 }, "geometry": { "type": "MultiPoint", "coordinates": [ [ 114.152542, 30.459603 ] ] } },
{ "type": "Feature", "properties": { "id": "6478472942676729792", "name": "武船重型工程股份有限公司", "type": "其他", "city": "长江新区", "lyyj": null, "lyej": null, "hsfw": "", "kzdy": "", "id_2": "长江_合并线", "河名": "长江", "级别": 0, "province": "湖北省", "city_2": "黄冈市", "descriptio": "由原始线段合并而成的连续线", "BUFF_DIST": 30.0, "ORIG_FID": 0, "dist_to_river_m": 34586.34, "dist_along_river_m": 415348.38, "snap_lon": 113.56577023788245, "snap_lat": 29.850320737936094 }, "geometry": { "type": "MultiPoint", "coordinates": [ [ 113.5329, 29.582 ] ] } },
{ "type": "Feature", "properties": { "id": "6478472942693507072", "name": "武汉中海粮油工业有限公司", "type": "其他", "city": "经开区", "lyyj": "汉江流域", "lyej": "汉江下游片区", "hsfw": "湖北省杨泗港断面对应汇水范围", "kzdy": "长江（湖北省）控制单元", "id_2": "长江_合并线", "河名": "长江", "级别": 0, "province": "湖北省", "city_2": "黄冈市", "descriptio": "由原始线段合并而成的连续线", "BUFF_DIST": 30.0, "ORIG_FID": 0, "dist_to_river_m": 5169.2, "dist_along_river_m": 238894.61, "snap_lon": 114.1980569, "snap_lat": 30.44951435 }, "geometry": { "type": "MultiPoint", "coordinates": [ [ 114.163335, 30.476091 ] ] } },
{ "type": "Feature", "properties": { "id": "6478472942706089922", "name": "黄石市固体废弃物管理处（市城市生活垃圾处理管理中心）", "type": null, "city": "西塞山区", "lyyj": "长江干流流域", "lyej": "鄂东南片区", "hsfw": "湖北省大冶湖闸断面对应汇水范围", "kzdy": "长江（湖北省）控制单元", "id_2": "长江_合并线", "河名": "长江", "级别": 0, "province": "湖北省", "city_2": "黄冈市", "descriptio": "由原始线段合并而成的连续线", "BUFF_DIST": 30.0, "ORIG_FID": 0, "dist_to_river_m": 12865.0, "dist_along_river_m": 49072.23, "snap_lon": 115.1162829, "snap_lat": 30.21241742 }, "geometry": { "type": "MultiPoint", "coordinates": [ [ 115.1047, 30.113 ] ] } },
{ "type": "Feature", "properties": { "id": "6478472942760615809", "name": "浠水县人民医院", "type": "其他", "city": "浠水县", "lyyj": "长江干流流域", "lyej": "鄂东五河片区", "hsfw": "湖北省兰溪大桥断面对应汇水范围", "kzdy": "浠水（湖北省）控制单元", "id_2": "长江_合并线", "河名": "长江", "级别": 0, "province": "湖北省", "city_2": "黄冈市", "descriptio": "由原始线段合并而成的连续线", "BUFF_DIST": 30.0, "ORIG_FID": 0, "dist_to_river_m": 21884.19, "dist_along_river_m": 74177.26, "snap_lon": 115.09539962, "snap_lat": 30.37378935 }, "geometry": { "type": "MultiPoint", "coordinates": [ [ 115.251755, 30.476544 ] ] } },
{ "type": "Feature", "properties": { "id": "6478472942831919081", "name": "武汉广佳汽车饰件有限公司", "type": "其他", "city": "经开区", "lyyj": "汉江流域", "lyej": "汉江下游片区", "hsfw": "湖北省黄陵大桥断面对应汇水范围", "kzdy": "通顺河（湖北省）控制单元", "id_2": "长江_合并线", "河名": "长江", "级别": 0, "province": "湖北省", "city_2": "黄冈市", "descriptio": "由原始线段合并而成的连续线", "BUFF_DIST": 30.0, "ORIG_FID": 0, "dist_to_river_m": 3022.68, "dist_along_river_m": 260781.26, "snap_lon": 114.09237462, "snap_lat": 30.3107723 }, "geometry": { "type": "MultiPoint", "coordinates": [ [ 114.06595, 30.316166 ] ] } },
{ "type": "Feature", "properties": { "id": "6478472942882250707", "name": "格林美（武汉）城市矿山产业集团有限公司", "type": "其他", "city": "长江新区", "lyyj": "长江干流流域", "lyej": "府澴河片区", "hsfw": "湖北省龙口断面对应汇水范围", "kzdy": "倒水（河南省-湖北省）控制单元", "id_2": "长江_合并线", "河名": "长江", "级别": 0, "province": "湖北省", "city_2": "黄冈市", "descriptio": "由原始线段合并而成的连续线", "BUFF_DIST": 30.0, "ORIG_FID": 0, "dist_to_river_m": 12985.82, "dist_along_river_m": 184262.02, "snap_lon": 114.53065679166328, "snap_lat": 30.674751444717117 }, "geometry": { "type": "MultiPoint", "coordinates": [ [ 114.60598, 30.751333 ] ] } },
{ "type": "Feature", "properties": { "id": "6478472942970331126", "name": "咸宁经开绿水市政环境项目投资有限公司", "type": null, "city": "咸安区", "lyyj": "长江干流流域", "lyej": "鄂东南片区", "hsfw": "湖北省咸宁湖心断面对应汇水范围", "kzdy": "斧头湖（湖北省）控制单元", "id_2": "长江_合并线", "河名": "长江", "级别": 0, "province": "湖北省", "city_2": "黄冈市", "descriptio": "由原始线段合并而成的连续线", "BUFF_DIST": 30.0, "ORIG_FID": 0, "dist_to_river_m": 29946.9, "dist_along_river_m": 343338.42, "snap_lon": 114.071324, "snap_lat": 30.08836224 }, "geometry": { "type": "MultiPoint", "coordinates": [ [ 114.23328, 29.902328 ] ] } },
{ "type": "Feature", "properties": { "id": "6478472942987108284", "name": "华电湖北发电有限公司武昌热电分公司", "type": "其他", "city": "武昌区", "lyyj": "长江干流流域", "lyej": "鄂东南片区", "hsfw": "湖北省白浒山断面对应汇水范围", "kzdy": "长江（湖北省）控制单元", "id_2": "长江_合并线", "河名": "长江", "级别": 0, "province": "湖北省", "city_2": "黄冈市", "descriptio": "由原始线段合并而成的连续线", "BUFF_DIST": 30.0, "ORIG_FID": 0, "dist_to_river_m": 1811.25, "dist_along_river_m": 216567.86, "snap_lon": 114.30870672000002, "snap_lat": 30.58921834 }, "geometry": { "type": "MultiPoint", "coordinates": [ [ 114.32246, 30.581734 ] ] } },
{ "type": "Feature", "properties": { "id": "6478472942995496858", "name": "武昌船舶重工集团有限公司", "type": "其他", "city": "新洲区", "lyyj": "长江干流流域", "lyej": "鄂东五河片区", "hsfw": "湖北省燕矶断面对应汇水范围", "kzdy": "长江（湖北省）控制单元", "id_2": "长江_合并线", "河名": "长江", "级别": 0, "province": "湖北省", "city_2": "黄冈市", "descriptio": "由原始线段合并而成的连续线", "BUFF_DIST": 30.0, "ORIG_FID": 0, "dist_to_river_m": 2583.74, "dist_along_river_m": 157794.09, "snap_lon": 114.68443793, "snap_lat": 30.57634179 }, "geometry": { "type": "MultiPoint", "coordinates": [ [ 114.681779, 30.596191 ] ] } },
{ "type": "Feature", "properties": { "id": "6478472942995496887", "name": "武汉上实新武污水处理有限公司", "type": "其他", "city": "长江新区", "lyyj": "长江干流流域", "lyej": "府澴河片区", "hsfw": "湖北省白浒山断面对应汇水范围", "kzdy": "长江（湖北省）控制单元", "id_2": "长江_合并线", "河名": "长江", "级别": 0, "province": "湖北省", "city_2": "黄冈市", "descriptio": "由原始线段合并而成的连续线", "BUFF_DIST": 30.0, "ORIG_FID": 0, "dist_to_river_m": 4992.07, "dist_along_river_m": 194559.24, "snap_lon": 114.44504988, "snap_lat": 30.69626263 }, "geometry": { "type": "MultiPoint", "coordinates": [ [ 114.43978, 30.734549 ] ] } },
{ "type": "Feature", "properties": { "id": "6478472943050022912", "name": "华中科技大学同济医学院附属同济医院（光谷院区）", "type": "其他", "city": "东湖高新开发区", "lyyj": "长江干流流域", "lyej": "鄂东南片区", "hsfw": "湖北省白浒山断面对应汇水范围", "kzdy": "长江（湖北省）控制单元", "id_2": "长江_合并线", "河名": "长江", "级别": 0, "province": "湖北省", "city_2": "黄冈市", "descriptio": "由原始线段合并而成的连续线", "BUFF_DIST": 30.0, "ORIG_FID": 0, "dist_to_river_m": 16725.49, "dist_along_river_m": 169832.98, "snap_lon": 114.58632557, "snap_lat": 30.57541662 }, "geometry": { "type": "MultiPoint", "coordinates": [ [ 114.47033, 30.493164 ] ] } },
{ "type": "Feature", "properties": { "id": "6478472943209406448", "name": "湖北珍正峰新材料有限公司", "type": "其他", "city": "武穴市", "lyyj": "长江干流流域", "lyej": "鄂东五河片区", "hsfw": "湖北省中官铺断面对应汇水范围", "kzdy": "长江（湖北省）控制单元", "id_2": "长江_合并线", "河名": "长江", "级别": 0, "province": "湖北省", "city_2": "黄冈市", "descriptio": "由原始线段合并而成的连续线", "BUFF_DIST": 30.0, "ORIG_FID": 0, "dist_to_river_m": 4568.53, "dist_along_river_m": 0.0, "snap_lon": 115.3819062836765, "snap_lat": 29.966159302872203 }, "geometry": { "type": "MultiPoint", "coordinates": [ [ 115.422605, 29.961585 ] ] } },
{ "type": "Feature", "properties": { "id": "6478472943293292544", "name": "湖北雄丰肥业有限公司", "type": "其他", "city": "东宝区", "lyyj": "长江干流流域", "lyej": "鄂东南片区", "hsfw": "湖北省白浒山断面对应汇水范围", "kzdy": "长江（湖北省）控制单元", "id_2": "长江_合并线", "河名": "长江", "级别": 0, "province": "湖北省", "city_2": "黄冈市", "descriptio": "由原始线段合并而成的连续线", "BUFF_DIST": 30.0, "ORIG_FID": 0, "dist_to_river_m": 1266.15, "dist_along_river_m": 216991.53, "snap_lon": 114.30670105, "snap_lat": 30.58646976 }, "geometry": { "type": "MultiPoint", "coordinates": [ [ 114.3162, 30.581084 ] ] } },
{ "type": "Feature", "properties": { "id": "6478472943310069739", "name": "湖北联海食品集团有限公司", "type": "其他", "city": "黄石港区", "lyyj": "长江干流流域", "lyej": "鄂东南片区", "hsfw": "湖北省白浒山断面对应汇水范围", "kzdy": "长江（湖北省）控制单元", "id_2": "长江_合并线", "河名": "长江", "级别": 0, "province": "湖北省", "city_2": "黄冈市", "descriptio": "由原始线段合并而成的连续线", "BUFF_DIST": 30.0, "ORIG_FID": 0, "dist_to_river_m": 1266.15, "dist_along_river_m": 216991.53, "snap_lon": 114.30670105, "snap_lat": 30.58646976 }, "geometry": { "type": "MultiPoint", "coordinates": [ [ 114.3162, 30.581084 ] ] } },
{ "type": "Feature", "properties": { "id": "6478472943427510272", "name": "仙桃市中星电子材料有限公司", "type": "其他", "city": "仙桃市", "lyyj": "汉江流域", "lyej": "汉江下游片区", "hsfw": "湖北省汉洪大桥断面对应汇水范围", "kzdy": "东荆河（湖北省）控制单元", "id_2": "长江_合并线", "河名": "长江", "级别": 0, "province": "湖北省", "city_2": "黄冈市", "descriptio": "由原始线段合并而成的连续线", "BUFF_DIST": 30.0, "ORIG_FID": 0, "dist_to_river_m": 21535.58, "dist_along_river_m": 307965.51, "snap_lon": 113.85869744, "snap_lat": 30.19704126 }, "geometry": { "type": "MultiPoint", "coordinates": [ [ 113.66882, 30.165018 ] ] } },
{ "type": "Feature", "properties": { "id": "6478472943448481677", "name": "稳健医疗（嘉鱼）有限公司", "type": "其他", "city": "嘉鱼县", "lyyj": "长江干流流域", "lyej": "鄂东南片区", "hsfw": "湖北省纱帽断面对应汇水范围", "kzdy": "长江（湖北省）控制单元", "id_2": "长江_合并线", "河名": "长江", "级别": 0, "province": "湖北省", "city_2": "黄冈市", "descriptio": "由原始线段合并而成的连续线", "BUFF_DIST": 30.0, "ORIG_FID": 0, "dist_to_river_m": 3923.78, "dist_along_river_m": 371724.89, "snap_lon": 113.85944041, "snap_lat": 29.98188072 }, "geometry": { "type": "MultiPoint", "coordinates": [ [ 113.88634, 29.962149 ] ] } },
{ "type": "Feature", "properties": { "id": "6478472943599476677", "name": "青岛啤酒（随州）有限公司", "type": "其他", "city": "高新区", "lyyj": "长江干流流域", "lyej": "鄂东南片区", "hsfw": "湖北省白浒山断面对应汇水范围", "kzdy": "长江（湖北省）控制单元", "id_2": "长江_合并线", "河名": "长江", "级别": 0, "province": "湖北省", "city_2": "黄冈市", "descriptio": "由原始线段合并而成的连续线", "BUFF_DIST": 30.0, "ORIG_FID": 0, "dist_to_river_m": 6349.13, "dist_along_river_m": 218236.65, "snap_lon": 114.30068691, "snap_lat": 30.57845409 }, "geometry": { "type": "MultiPoint", "coordinates": [ [ 114.34844, 30.5516 ] ] } },
{ "type": "Feature", "properties": { "id": "6478472943624642523", "name": "全洋（黄石）材料科技有限公司", "type": "其他", "city": "经济开发区", "lyyj": "长江干流流域", "lyej": "鄂东南片区", "hsfw": "湖北省大冶湖闸断面对应汇水范围", "kzdy": "长江（湖北省）控制单元", "id_2": "长江_合并线", "河名": "长江", "级别": 0, "province": "湖北省", "city_2": "黄冈市", "descriptio": "由原始线段合并而成的连续线", "BUFF_DIST": 30.0, "ORIG_FID": 0, "dist_to_river_m": 12444.77, "dist_along_river_m": 53604.54, "snap_lon": 115.08250097, "snap_lat": 30.23035572 }, "geometry": { "type": "MultiPoint", "coordinates": [ [ 115.002014, 30.163298 ] ] } },
{ "type": "Feature", "properties": { "id": "6478472943842746277", "name": "巴东县全欣水务有限公司污水处理分公司（营沱污水处理厂）", "type": null, "city": "巴东县", "lyyj": "长江干流流域", "lyej": "鄂东南片区", "hsfw": "湖北省白浒山断面对应汇水范围", "kzdy": "长江（湖北省）控制单元", "id_2": "长江_合并线", "河名": "长江", "级别": 0, "province": "湖北省", "city_2": "黄冈市", "descriptio": "由原始线段合并而成的连续线", "BUFF_DIST": 30.0, "ORIG_FID": 0, "dist_to_river_m": 1266.15, "dist_along_river_m": 216991.53, "snap_lon": 114.30670105, "snap_lat": 30.58646976 }, "geometry": { "type": "MultiPoint", "coordinates": [ [ 114.3162, 30.581084 ] ] } },
{ "type": "Feature", "properties": { "id": "6478472943851134872", "name": "鸿富锦精密工业(武汉)有限公司", "type": "其他", "city": "东湖高新开发区", "lyyj": "长江干流流域", "lyej": "府澴河片区", "hsfw": "湖北省白浒山断面对应汇水范围", "kzdy": "长江（湖北省）控制单元", "id_2": "长江_合并线", "河名": "长江", "级别": 0, "province": "湖北省", "city_2": "黄冈市", "descriptio": "由原始线段合并而成的连续线", "BUFF_DIST": 30.0, "ORIG_FID": 0, "dist_to_river_m": 18992.37, "dist_along_river_m": 193449.08, "snap_lon": 114.45501913, "snap_lat": 30.69646814 }, "geometry": { "type": "MultiPoint", "coordinates": [ [ 114.46, 30.843 ] ] } },
{ "type": "Feature", "properties": { "id": "6478472943888883698", "name": "大冶华鑫实业有限公司", "type": "其他", "city": "大冶市", "lyyj": "长江干流流域", "lyej": "鄂东南片区", "hsfw": "湖北省大冶湖闸断面对应汇水范围", "kzdy": "长江（湖北省）控制单元", "id_2": "长江_合并线", "河名": "长江", "级别": 0, "province": "湖北省", "city_2": "黄冈市", "descriptio": "由原始线段合并而成的连续线", "BUFF_DIST": 30.0, "ORIG_FID": 0, "dist_to_river_m": 26840.54, "dist_along_river_m": 51929.19, "snap_lon": 115.09314839, "snap_lat": 30.22141276 }, "geometry": { "type": "MultiPoint", "coordinates": [ [ 114.929444, 30.068333 ] ] } },
{ "type": "Feature", "properties": { "id": "6478472943993741284", "name": "湖北仙隆化工股份有限公司", "type": "其他", "city": "仙桃市", "lyyj": "汉江流域", "lyej": "汉江下游片区", "hsfw": "湖北省港洲村断面对应汇水范围", "kzdy": "通顺河（湖北省）控制单元", "id_2": "长江_合并线", "河名": "长江", "级别": 0, "province": "湖北省", "city_2": "黄冈市", "descriptio": "由原始线段合并而成的连续线", "BUFF_DIST": 30.0, "ORIG_FID": 0, "dist_to_river_m": 22740.62, "dist_along_river_m": 307107.4, "snap_lon": 113.85874649, "snap_lat": 30.20357571 }, "geometry": { "type": "MultiPoint", "coordinates": [ [ 113.681175, 30.29082 ] ] } },
{ "type": "Feature", "properties": { "id": "6478472944010518505", "name": "嘉鱼嘉清水务有限公司", "type": "其他", "city": "嘉鱼县", "lyyj": "长江干流流域", "lyej": "鄂东南片区", "hsfw": "湖北省纱帽断面对应汇水范围", "kzdy": "长江（湖北省）控制单元", "id_2": "长江_合并线", "河名": "长江", "级别": 0, "province": "湖北省", "city_2": "黄冈市", "descriptio": "由原始线段合并而成的连续线", "BUFF_DIST": 30.0, "ORIG_FID": 0, "dist_to_river_m": 5611.9, "dist_along_river_m": 374043.38, "snap_lon": 113.84816095, "snap_lat": 29.96702984 }, "geometry": { "type": "MultiPoint", "coordinates": [ [ 113.892196, 29.945766 ] ] } },
{ "type": "Feature", "properties": { "id": "6478472944023101370", "name": "湖北大江环保科技股份有限公司", "type": "其他", "city": "下陆区", "lyyj": "长江干流流域", "lyej": "鄂东南片区", "hsfw": "湖北省白浒山断面对应汇水范围", "kzdy": "长江（湖北省）控制单元", "id_2": "长江_合并线", "河名": "长江", "级别": 0, "province": "湖北省", "city_2": "黄冈市", "descriptio": "由原始线段合并而成的连续线", "BUFF_DIST": 30.0, "ORIG_FID": 0, "dist_to_river_m": 6349.13, "dist_along_river_m": 218236.65, "snap_lon": 114.30068691, "snap_lat": 30.57845409 }, "geometry": { "type": "MultiPoint", "coordinates": [ [ 114.34844, 30.5516 ] ] } },
{ "type": "Feature", "properties": { "id": "6478472944065044349", "name": "华能武汉发电有限责任公司", "type": "其他", "city": "长江新区", "lyyj": "长江干流流域", "lyej": "府澴河片区", "hsfw": "湖北省白浒山断面对应汇水范围", "kzdy": "长江（湖北省）控制单元", "id_2": "长江_合并线", "河名": "长江", "级别": 0, "province": "湖北省", "city_2": "黄冈市", "descriptio": "由原始线段合并而成的连续线", "BUFF_DIST": 30.0, "ORIG_FID": 0, "dist_to_river_m": 2728.47, "dist_along_river_m": 183981.69, "snap_lon": 114.53252462, "snap_lat": 30.67330417000001 }, "geometry": { "type": "MultiPoint", "coordinates": [ [ 114.54948, 30.688526 ] ] } },
{ "type": "Feature", "properties": { "id": "6478472944157319114", "name": "湖北朗昕生化药业有限公司", "type": "其他", "city": "经济开发区", "lyyj": "长江干流流域", "lyej": "鄂东南片区", "hsfw": "湖北省大冶湖闸断面对应汇水范围", "kzdy": "长江（湖北省）控制单元", "id_2": "长江_合并线", "河名": "长江", "级别": 0, "province": "湖北省", "city_2": "黄冈市", "descriptio": "由原始线段合并而成的连续线", "BUFF_DIST": 30.0, "ORIG_FID": 0, "dist_to_river_m": 8350.2, "dist_along_river_m": 50388.13, "snap_lon": 115.10535333999998, "snap_lat": 30.21591117000001 }, "geometry": { "type": "MultiPoint", "coordinates": [ [ 115.074257, 30.156906 ] ] } },
{ "type": "Feature", "properties": { "id": "6478472944169902056", "name": "黄石首创水务有限公司", "type": "其他", "city": "阳新县", "lyyj": "长江干流流域", "lyej": "富水片区", "hsfw": "湖北省富池闸断面对应汇水范围", "kzdy": "富水（湖北省，江西省）控制单元", "id_2": "长江_合并线", "河名": "长江", "级别": 0, "province": "湖北省", "city_2": "黄冈市", "descriptio": "由原始线段合并而成的连续线", "BUFF_DIST": 30.0, "ORIG_FID": 0, "dist_to_river_m": 24086.09, "dist_along_river_m": 780.89, "snap_lon": 115.37688485, "snap_lat": 29.97040252 }, "geometry": { "type": "MultiPoint", "coordinates": [ [ 115.225833, 29.836111 ] ] } },
{ "type": "Feature", "properties": { "id": "3554007825025894588", "name": "武汉紫荆医院", "type": "其他", "city": "武昌区", "lyyj": "长江干流流域", "lyej": "鄂东南片区", "hsfw": "湖北省白浒山断面对应汇水范围", "kzdy": "长江（湖北省）控制单元", "id_2": "长江_合并线", "河名": "长江", "级别": 0, "province": "湖北省", "city_2": "黄冈市", "descriptio": "由原始线段合并而成的连续线", "BUFF_DIST": 30.0, "ORIG_FID": 0, "dist_to_river_m": 2379.22, "dist_along_river_m": 215480.29, "snap_lon": 114.31374721, "snap_lat": 30.59631213 }, "geometry": { "type": "MultiPoint", "coordinates": [ [ 114.3322, 30.587029 ] ] } },
{ "type": "Feature", "properties": { "id": "3554010974446979259", "name": "武汉双虎涂料股份有限公司", "type": "其他", "city": "青山区", "lyyj": "长江干流流域", "lyej": "鄂东南片区", "hsfw": "湖北省白浒山断面对应汇水范围", "kzdy": "长江（湖北省）控制单元", "id_2": "长江_合并线", "河名": "长江", "级别": 0, "province": "湖北省", "city_2": "黄冈市", "descriptio": "由原始线段合并而成的连续线", "BUFF_DIST": 30.0, "ORIG_FID": 0, "dist_to_river_m": 3755.41, "dist_along_river_m": 190463.35, "snap_lon": 114.48124344900158, "snap_lat": 30.693148575522049 }, "geometry": { "type": "MultiPoint", "coordinates": [ [ 114.47093, 30.665524 ] ] } },
{ "type": "Feature", "properties": { "id": "3566122691077376190", "name": "武汉市第四医院(常青院区)", "type": null, "city": "东西湖区", "lyyj": "长江干流流域", "lyej": "府澴河片区", "hsfw": "湖北省朱家河口断面对应汇水范围", "kzdy": "涢水（湖北省）控制单元", "id_2": "长江_合并线", "河名": "长江", "级别": 0, "province": "湖北省", "city_2": "黄冈市", "descriptio": "由原始线段合并而成的连续线", "BUFF_DIST": 30.0, "ORIG_FID": 0, "dist_to_river_m": 9863.05, "dist_along_river_m": 220733.11, "snap_lon": 114.28888432, "snap_lat": 30.56226029 }, "geometry": { "type": "MultiPoint", "coordinates": [ [ 114.21126, 30.599035 ] ] } },
{ "type": "Feature", "properties": { "id": "3567181843365136574", "name": "武汉宏钢电子科技有限公司", "type": "其他", "city": "洪湖市", "lyyj": "长江干流流域", "lyej": "四湖片区", "hsfw": "湖北省新滩断面对应汇水范围", "kzdy": "四湖总干渠（湖北省）控制单元", "id_2": "长江_合并线", "河名": "长江", "级别": 0, "province": "湖北省", "city_2": "黄冈市", "descriptio": "由原始线段合并而成的连续线", "BUFF_DIST": 30.0, "ORIG_FID": 0, "dist_to_river_m": 1878.14, "dist_along_river_m": 309938.93, "snap_lon": 113.86968823, "snap_lat": 30.18598976000001 }, "geometry": { "type": "MultiPoint", "coordinates": [ [ 113.86166, 30.173162 ] ] } },
{ "type": "Feature", "properties": { "id": "3567959699913476283", "name": "湖北唯特康药业有限公司", "type": "其他", "city": "黄州区", "lyyj": "长江干流流域", "lyej": "鄂东五河片区", "hsfw": "湖北省巴河镇河口断面对应汇水范围", "kzdy": "巴河（湖北省）控制单元", "id_2": "长江_合并线", "河名": "长江", "级别": 0, "province": "湖北省", "city_2": "黄冈市", "descriptio": "由原始线段合并而成的连续线", "BUFF_DIST": 30.0, "ORIG_FID": 0, "dist_to_river_m": 14951.71, "dist_along_river_m": 130105.56, "snap_lon": 114.88874844000001, "snap_lat": 30.59677443 }, "geometry": { "type": "MultiPoint", "coordinates": [ [ 115.022156, 30.583368 ] ] } },
{ "type": "Feature", "properties": { "id": "3592109848017243577", "name": "湖北国顺新型材料科技股份有限公司", "type": null, "city": "江陵县", "lyyj": "长江干流流域", "lyej": "鄂东南片区", "hsfw": "湖北省白浒山断面对应汇水范围", "kzdy": "长江（湖北省）控制单元", "id_2": "长江_合并线", "河名": "长江", "级别": 0, "province": "湖北省", "city_2": "黄冈市", "descriptio": "由原始线段合并而成的连续线", "BUFF_DIST": 30.0, "ORIG_FID": 0, "dist_to_river_m": 1266.15, "dist_along_river_m": 216991.53, "snap_lon": 114.30670105, "snap_lat": 30.58646976 }, "geometry": { "type": "MultiPoint", "coordinates": [ [ 114.3162, 30.581084 ] ] } },
{ "type": "Feature", "properties": { "id": "6478425122435358707", "name": "武汉上实谌家墩污水处理有限公司", "type": "其他", "city": "黄陂区", "lyyj": "长江干流流域", "lyej": "府澴河片区", "hsfw": "湖北省滠口断面对应汇水范围", "kzdy": "滠水（湖北省）控制单元", "id_2": "长江_合并线", "河名": "长江", "级别": 0, "province": "湖北省", "city_2": "黄冈市", "descriptio": "由原始线段合并而成的连续线", "BUFF_DIST": 30.0, "ORIG_FID": 0, "dist_to_river_m": 16701.62, "dist_along_river_m": 197429.63, "snap_lon": 114.42015937998903, "snap_lat": 30.692146003784739 }, "geometry": { "type": "MultiPoint", "coordinates": [ [ 114.375496, 30.815235 ] ] } },
{ "type": "Feature", "properties": { "id": "6478472600790622194", "name": "潜江市中心医院", "type": null, "city": "潜江市", "lyyj": "长江干流流域", "lyej": "鄂东南片区", "hsfw": "湖北省白浒山断面对应汇水范围", "kzdy": "长江（湖北省）控制单元", "id_2": "长江_合并线", "河名": "长江", "级别": 0, "province": "湖北省", "city_2": "黄冈市", "descriptio": "由原始线段合并而成的连续线", "BUFF_DIST": 30.0, "ORIG_FID": 0, "dist_to_river_m": 1266.15, "dist_along_river_m": 216991.53, "snap_lon": 114.30670105, "snap_lat": 30.58646976 }, "geometry": { "type": "MultiPoint", "coordinates": [ [ 114.3162, 30.581084 ] ] } },
{ "type": "Feature", "properties": { "id": "6478472600832565235", "name": "田镇污水处理厂", "type": "其他", "city": "武穴市", "lyyj": "长江干流流域", "lyej": "鄂东五河片区", "hsfw": "湖北省中官铺断面对应汇水范围", "kzdy": "长江（湖北省）控制单元", "id_2": "长江_合并线", "河名": "长江", "级别": 0, "province": "湖北省", "city_2": "黄冈市", "descriptio": "由原始线段合并而成的连续线", "BUFF_DIST": 30.0, "ORIG_FID": 0, "dist_to_river_m": 3727.06, "dist_along_river_m": 0.0, "snap_lon": 115.3819062836765, "snap_lat": 29.966159302872203 }, "geometry": { "type": "MultiPoint", "coordinates": [ [ 115.41498, 29.96165 ] ] } },
{ "type": "Feature", "properties": { "id": "6478472600832565236", "name": "湖北龙翔药业科技股份有限公司（马口工业园厂）", "type": "其他", "city": "武穴市", "lyyj": "长江干流流域", "lyej": "鄂东五河片区", "hsfw": "湖北省中官铺断面对应汇水范围", "kzdy": "长江（湖北省）控制单元", "id_2": "长江_合并线", "河名": "长江", "级别": 0, "province": "湖北省", "city_2": "黄冈市", "descriptio": "由原始线段合并而成的连续线", "BUFF_DIST": 30.0, "ORIG_FID": 0, "dist_to_river_m": 7573.04, "dist_along_river_m": 0.0, "snap_lon": 115.3819062836765, "snap_lat": 29.966159302872203 }, "geometry": { "type": "MultiPoint", "coordinates": [ [ 115.4289, 29.923536 ] ] } },
{ "type": "Feature", "properties": { "id": "6478472600845148151", "name": "蕲春成隆食品有限责任公司", "type": "其他", "city": "蕲春县", "lyyj": "长江干流流域", "lyej": "鄂东五河片区", "hsfw": "湖北省中官铺断面对应汇水范围", "kzdy": "长江（湖北省）控制单元", "id_2": "长江_合并线", "河名": "长江", "级别": 0, "province": "湖北省", "city_2": "黄冈市", "descriptio": "由原始线段合并而成的连续线", "BUFF_DIST": 30.0, "ORIG_FID": 0, "dist_to_river_m": 28998.24, "dist_along_river_m": 25629.0, "snap_lon": 115.28119609000001, "snap_lat": 30.13776002 }, "geometry": { "type": "MultiPoint", "coordinates": [ [ 115.488846, 30.273692 ] ] } },
{ "type": "Feature", "properties": { "id": "6478472600849342433", "name": "中农华威生物制药（湖北）有限公司", "type": "其他", "city": "蕲春县", "lyyj": "长江干流流域", "lyej": "鄂东五河片区", "hsfw": "湖北省蕲春县八里湖断面对应汇水范围", "kzdy": "蕲水（湖北省）控制单元", "id_2": "长江_合并线", "河名": "长江", "级别": 0, "province": "湖北省", "city_2": "黄冈市", "descriptio": "由原始线段合并而成的连续线", "BUFF_DIST": 30.0, "ORIG_FID": 0, "dist_to_river_m": 15951.98, "dist_along_river_m": 28814.53, "snap_lon": 115.26327205, "snap_lat": 30.1568476 }, "geometry": { "type": "MultiPoint", "coordinates": [ [ 115.373984, 30.235483 ] ] } },
{ "type": "Feature", "properties": { "id": "6478472600991948791", "name": "湖北金邦效果颜料有限公司", "type": "其他", "city": "阳新县", "lyyj": "长江干流流域", "lyej": "富水片区", "hsfw": "湖北省富池闸断面对应汇水范围", "kzdy": "富水（湖北省，江西省）控制单元", "id_2": "长江_合并线", "河名": "长江", "级别": 0, "province": "湖北省", "city_2": "黄冈市", "descriptio": "由原始线段合并而成的连续线", "BUFF_DIST": 30.0, "ORIG_FID": 0, "dist_to_river_m": 28854.9, "dist_along_river_m": 8391.33, "snap_lon": 115.33750321, "snap_lat": 30.01708654 }, "geometry": { "type": "MultiPoint", "coordinates": [ [ 115.14202, 29.869587 ] ] } },
{ "type": "Feature", "properties": { "id": "6478472600996143104", "name": "阳新弘盛铜业有限公司", "type": "其他", "city": "新港园区", "lyyj": "长江干流流域", "lyej": "鄂东南片区", "hsfw": "湖北省中官铺断面对应汇水范围", "kzdy": "长江（湖北省）控制单元", "id_2": "长江_合并线", "河名": "长江", "级别": 0, "province": "湖北省", "city_2": "黄冈市", "descriptio": "由原始线段合并而成的连续线", "BUFF_DIST": 30.0, "ORIG_FID": 0, "dist_to_river_m": 5265.58, "dist_along_river_m": 24680.03, "snap_lon": 115.28600755999997, "snap_lat": 30.13172149 }, "geometry": { "type": "MultiPoint", "coordinates": [ [ 115.24791, 30.107471 ] ] } },
{ "type": "Feature", "properties": { "id": "6478472601008726008", "name": "武汉宝钢包装有限公司", "type": "其他", "city": "黄陂区", "lyyj": "长江干流流域", "lyej": "府澴河片区", "hsfw": "湖北省滠口断面对应汇水范围", "kzdy": "滠水（湖北省）控制单元", "id_2": "长江_合并线", "河名": "长江", "级别": 0, "province": "湖北省", "city_2": "黄冈市", "descriptio": "由原始线段合并而成的连续线", "BUFF_DIST": 30.0, "ORIG_FID": 0, "dist_to_river_m": 35053.64, "dist_along_river_m": 196459.49, "snap_lon": 114.42846762, "snap_lat": 30.69411219 }, "geometry": { "type": "MultiPoint", "coordinates": [ [ 114.354952, 30.957047 ] ] } },
{ "type": "Feature", "properties": { "id": "6478472601012920313", "name": "武汉锦瑞技术有限公司", "type": "其他", "city": "蔡甸区", "lyyj": "汉江流域", "lyej": "汉江下游片区", "hsfw": "湖北省杨泗港断面对应汇水范围", "kzdy": "长江（湖北省）控制单元", "id_2": "长江_合并线", "河名": "长江", "级别": 0, "province": "湖北省", "city_2": "黄冈市", "descriptio": "由原始线段合并而成的连续线", "BUFF_DIST": 30.0, "ORIG_FID": 0, "dist_to_river_m": 12590.32, "dist_along_river_m": 248951.15, "snap_lon": 114.15139795, "snap_lat": 30.38456198 }, "geometry": { "type": "MultiPoint", "coordinates": [ [ 114.06287, 30.445264 ] ] } },
{ "type": "Feature", "properties": { "id": "6478472601021308909", "name": "湖北联合天诚防伪技术股份有限公司", "type": "印刷", "city": "经开区", "lyyj": "长江干流流域", "lyej": "鄂东南片区", "hsfw": "湖北省白浒山断面对应汇水范围", "kzdy": "长江（湖北省）控制单元", "id_2": "长江_合并线", "河名": "长江", "级别": 0, "province": "湖北省", "city_2": "黄冈市", "descriptio": "由原始线段合并而成的连续线", "BUFF_DIST": 30.0, "ORIG_FID": 0, "dist_to_river_m": 1266.15, "dist_along_river_m": 216991.53, "snap_lon": 114.30670105, "snap_lat": 30.58646976 }, "geometry": { "type": "MultiPoint", "coordinates": [ [ 114.3162, 30.581084 ] ] } },
{ "type": "Feature", "properties": { "id": "6478472601021308917", "name": "武汉翔星汽车零部件有限公司", "type": "其他", "city": "经开区", "lyyj": "汉江流域", "lyej": "汉江下游片区", "hsfw": "湖北省杨泗港断面对应汇水范围", "kzdy": "长江（湖北省）控制单元", "id_2": "长江_合并线", "河名": "长江", "级别": 0, "province": "湖北省", "city_2": "黄冈市", "descriptio": "由原始线段合并而成的连续线", "BUFF_DIST": 30.0, "ORIG_FID": 0, "dist_to_river_m": 9794.49, "dist_along_river_m": 243650.88, "snap_lon": 114.17507080999998, "snap_lat": 30.41943215 }, "geometry": { "type": "MultiPoint", "coordinates": [ [ 114.093856, 30.448615 ] ] } },
{ "type": "Feature", "properties": { "id": "6478472601033891820", "name": "武汉市东西湖区人民医院", "type": "其他", "city": "东西湖区", "lyyj": "长江干流流域", "lyej": "府澴河片区", "hsfw": "湖北省白浒山断面对应汇水范围", "kzdy": "长江（湖北省）控制单元", "id_2": "长江_合并线", "河名": "长江", "级别": 0, "province": "湖北省", "city_2": "黄冈市", "descriptio": "由原始线段合并而成的连续线", "BUFF_DIST": 30.0, "ORIG_FID": 0, "dist_to_river_m": 1845.36, "dist_along_river_m": 216510.72, "snap_lon": 114.30890107, "snap_lat": 30.58962581 }, "geometry": { "type": "MultiPoint", "coordinates": [ [ 114.294976, 30.597368 ] ] } },
{ "type": "Feature", "properties": { "id": "6478472942022418385", "name": "荆门市永诚环保科技有限公司", "type": "其他", "city": "东宝区", "lyyj": "长江干流流域", "lyej": "鄂东南片区", "hsfw": "湖北省白浒山断面对应汇水范围", "kzdy": "长江（湖北省）控制单元", "id_2": "长江_合并线", "河名": "长江", "级别": 0, "province": "湖北省", "city_2": "黄冈市", "descriptio": "由原始线段合并而成的连续线", "BUFF_DIST": 30.0, "ORIG_FID": 0, "dist_to_river_m": 1266.15, "dist_along_river_m": 216991.53, "snap_lon": 114.30670105, "snap_lat": 30.58646976 }, "geometry": { "type": "MultiPoint", "coordinates": [ [ 114.3162, 30.581084 ] ] } },
{ "type": "Feature", "properties": { "id": "6478472942072750013", "name": "湖北新明珠绿色建材科技有限公司", "type": "其他", "city": "浠水县", "lyyj": "长江干流流域", "lyej": "鄂东五河片区", "hsfw": "湖北省兰溪大桥断面对应汇水范围", "kzdy": "浠水（湖北省）控制单元", "id_2": "长江_合并线", "河名": "长江", "级别": 0, "province": "湖北省", "city_2": "黄冈市", "descriptio": "由原始线段合并而成的连续线", "BUFF_DIST": 30.0, "ORIG_FID": 0, "dist_to_river_m": 1313.94, "dist_along_river_m": 70056.12, "snap_lon": 115.11060526, "snap_lat": 30.34536764 }, "geometry": { "type": "MultiPoint", "coordinates": [ [ 115.12215, 30.347488 ] ] } },
{ "type": "Feature", "properties": { "id": "6478472942076944335", "name": "武汉亚心总医院有限公司", "type": "其他", "city": "经开区", "lyyj": "汉江流域", "lyej": "汉江下游片区", "hsfw": "湖北省杨泗港断面对应汇水范围", "kzdy": "长江（湖北省）控制单元", "id_2": "长江_合并线", "河名": "长江", "级别": 0, "province": "湖北省", "city_2": "黄冈市", "descriptio": "由原始线段合并而成的连续线", "BUFF_DIST": 30.0, "ORIG_FID": 0, "dist_to_river_m": 4032.3, "dist_along_river_m": 232123.34, "snap_lon": 114.23833098, "snap_lat": 30.48750284 }, "geometry": { "type": "MultiPoint", "coordinates": [ [ 114.210075, 30.507032 ] ] } },
{ "type": "Feature", "properties": { "id": "6478472942102110179", "name": "华烁科技股份有限公司葛店分公司", "type": "其他", "city": "葛店开发区", "lyyj": "长江干流流域", "lyej": "鄂东南片区", "hsfw": "湖北省燕矶断面对应汇水范围", "kzdy": "长江（湖北省）控制单元", "id_2": "长江_合并线", "河名": "长江", "级别": 0, "province": "湖北省", "city_2": "黄冈市", "descriptio": "由原始线段合并而成的连续线", "BUFF_DIST": 30.0, "ORIG_FID": 0, "dist_to_river_m": 3964.36, "dist_along_river_m": 160959.84, "snap_lon": 114.65724115999997, "snap_lat": 30.57050469 }, "geometry": { "type": "MultiPoint", "coordinates": [ [ 114.668526, 30.541418 ] ] } },
{ "type": "Feature", "properties": { "id": "6478472942336991163", "name": "武汉景川天源污水处理有限公司", "type": "其他", "city": "经开区", "lyyj": "汉江流域", "lyej": "汉江下游片区", "hsfw": "湖北省黄陵大桥断面对应汇水范围", "kzdy": "通顺河（湖北省）控制单元", "id_2": "长江_合并线", "河名": "长江", "级别": 0, "province": "湖北省", "city_2": "黄冈市", "descriptio": "由原始线段合并而成的连续线", "BUFF_DIST": 30.0, "ORIG_FID": 0, "dist_to_river_m": 1846.27, "dist_along_river_m": 256213.57, "snap_lon": 114.10807229349986, "snap_lat": 30.343123058817174 }, "geometry": { "type": "MultiPoint", "coordinates": [ [ 114.09745, 30.354115 ] ] } },
{ "type": "Feature", "properties": { "id": "6478472942366351296", "name": "大冶浦华清波水务有限公司", "type": "其他", "city": "大冶市", "lyyj": "长江干流流域", "lyej": "鄂东南片区", "hsfw": "湖北省大冶湖闸断面对应汇水范围", "kzdy": "长江（湖北省）控制单元", "id_2": "长江_合并线", "河名": "长江", "级别": 0, "province": "湖北省", "city_2": "黄冈市", "descriptio": "由原始线段合并而成的连续线", "BUFF_DIST": 30.0, "ORIG_FID": 0, "dist_to_river_m": 21025.09, "dist_along_river_m": 51879.22, "snap_lon": 115.09349511000001, "snap_lat": 30.22116715000001 }, "geometry": { "type": "MultiPoint", "coordinates": [ [ 114.987778, 30.085833 ] ] } },
{ "type": "Feature", "properties": { "id": "6478472942429265876", "name": "湖北进创博生物科技有限公司", "type": "其他", "city": "武穴市", "lyyj": "长江干流流域", "lyej": "鄂东五河片区", "hsfw": "湖北省中官铺断面对应汇水范围", "kzdy": "长江（湖北省）控制单元", "id_2": "长江_合并线", "河名": "长江", "级别": 0, "province": "湖北省", "city_2": "黄冈市", "descriptio": "由原始线段合并而成的连续线", "BUFF_DIST": 30.0, "ORIG_FID": 0, "dist_to_river_m": 3843.45, "dist_along_river_m": 0.0, "snap_lon": 115.3819062836765, "snap_lat": 29.966159302872203 }, "geometry": { "type": "MultiPoint", "coordinates": [ [ 115.41627, 29.96326 ] ] } },
{ "type": "Feature", "properties": { "id": "6478472942487986143", "name": "湖北团风天逾服装湿洗有限责任公司", "type": "其他", "city": "团风县", "lyyj": "长江干流流域", "lyej": "鄂东五河片区", "hsfw": "湖北省燕矶断面对应汇水范围", "kzdy": "长江（湖北省）控制单元", "id_2": "长江_合并线", "河名": "长江", "级别": 0, "province": "湖北省", "city_2": "黄冈市", "descriptio": "由原始线段合并而成的连续线", "BUFF_DIST": 30.0, "ORIG_FID": 0, "dist_to_river_m": 2172.23, "dist_along_river_m": 133156.37, "snap_lon": 114.87790181, "snap_lat": 30.617719319999988 }, "geometry": { "type": "MultiPoint", "coordinates": [ [ 114.89269, 30.628675 ] ] } },
{ "type": "Feature", "properties": { "id": "6478472942601232368", "name": "仙桃市鑫磊洗涤有限公司", "type": "其他", "city": "仙桃市", "lyyj": "汉江流域", "lyej": "汉江下游片区", "hsfw": "湖北省港洲村断面对应汇水范围", "kzdy": "通顺河（湖北省）控制单元", "id_2": "长江_合并线", "河名": "长江", "级别": 0, "province": "湖北省", "city_2": "黄冈市", "descriptio": "由原始线段合并而成的连续线", "BUFF_DIST": 30.0, "ORIG_FID": 0, "dist_to_river_m": 23761.15, "dist_along_river_m": 303712.6, "snap_lon": 113.87255807000001, "snap_lat": 30.22685442 }, "geometry": { "type": "MultiPoint", "coordinates": [ [ 113.68901, 30.32095 ] ] } },
{ "type": "Feature", "properties": { "id": "6478472942609620949", "name": "武汉市城市排水发展有限公司北湖污水处理厂", "type": "其他", "city": "青山区", "lyyj": "长江干流流域", "lyej": "鄂东南片区", "hsfw": "湖北省白浒山断面对应汇水范围", "kzdy": "长江（湖北省）控制单元", "id_2": "长江_合并线", "河名": "长江", "级别": 0, "province": "湖北省", "city_2": "黄冈市", "descriptio": "由原始线段合并而成的连续线", "BUFF_DIST": 30.0, "ORIG_FID": 0, "dist_to_river_m": 3664.54, "dist_along_river_m": 180470.71, "snap_lon": 114.54806005, "snap_lat": 30.65010207 }, "geometry": { "type": "MultiPoint", "coordinates": [ [ 114.51871, 30.637276 ] ] } },
{ "type": "Feature", "properties": { "id": "6478472942622203840", "name": "东实（武汉）实业有限公司", "type": "其他", "city": "东西湖区", "lyyj": "长江干流流域", "lyej": "鄂东南片区", "hsfw": "湖北省白浒山断面对应汇水范围", "kzdy": "长江（湖北省）控制单元", "id_2": "长江_合并线", "河名": "长江", "级别": 0, "province": "湖北省", "city_2": "黄冈市", "descriptio": "由原始线段合并而成的连续线", "BUFF_DIST": 30.0, "ORIG_FID": 0, "dist_to_river_m": 6349.13, "dist_along_river_m": 218236.65, "snap_lon": 114.30068691, "snap_lat": 30.57845409 }, "geometry": { "type": "MultiPoint", "coordinates": [ [ 114.34844, 30.5516 ] ] } },
{ "type": "Feature", "properties": { "id": "6478472942622203888", "name": "黄冈市蕲春县新天地瓷业有限公司", "type": "其他", "city": "蕲春县", "lyyj": "长江干流流域", "lyej": "鄂东五河片区", "hsfw": "湖北省中官铺断面对应汇水范围", "kzdy": "长江（湖北省）控制单元", "id_2": "长江_合并线", "河名": "长江", "级别": 0, "province": "湖北省", "city_2": "黄冈市", "descriptio": "由原始线段合并而成的连续线", "BUFF_DIST": 30.0, "ORIG_FID": 0, "dist_to_river_m": 17283.03, "dist_along_river_m": 23646.01, "snap_lon": 115.29113585, "snap_lat": 30.1250744 }, "geometry": { "type": "MultiPoint", "coordinates": [ [ 115.425644, 30.192116 ] ] } },
{ "type": "Feature", "properties": { "id": "6478472942643175362", "name": "辉门摩擦产品有限公司", "type": "其他", "city": "经开区", "lyyj": "长江干流流域", "lyej": "鄂东南片区", "hsfw": "湖北省杨泗港断面对应汇水范围", "kzdy": "长江（湖北省）控制单元", "id_2": "长江_合并线", "河名": "长江", "级别": 0, "province": "湖北省", "city_2": "黄冈市", "descriptio": "由原始线段合并而成的连续线", "BUFF_DIST": 30.0, "ORIG_FID": 0, "dist_to_river_m": 1413.79, "dist_along_river_m": 262089.18, "snap_lon": 114.08996564849434, "snap_lat": 30.300942850646749 }, "geometry": { "type": "MultiPoint", "coordinates": [ [ 114.1022, 30.298 ] ] } },
{ "type": "Feature", "properties": { "id": "6478472942668341243", "name": "湖北灵泽医药科技有限公司", "type": "其他", "city": "武穴市", "lyyj": "长江干流流域", "lyej": "府澴河片区", "hsfw": "湖北省朱家河口断面对应汇水范围", "kzdy": "涢水（湖北省）控制单元", "id_2": "长江_合并线", "河名": "长江", "级别": 0, "province": "湖北省", "city_2": "黄冈市", "descriptio": "由原始线段合并而成的连续线", "BUFF_DIST": 30.0, "ORIG_FID": 0, "dist_to_river_m": 9312.69, "dist_along_river_m": 220159.28, "snap_lon": 114.2913051, "snap_lat": 30.56610793 }, "geometry": { "type": "MultiPoint", "coordinates": [ [ 114.21934, 30.60283 ] ] } },
{ "type": "Feature", "properties": { "id": "6478472942697701211", "name": "武汉海尔电器股份有限公司", "type": "其他", "city": "经开区", "lyyj": "长江干流流域", "lyej": "鄂东南片区", "hsfw": "湖北省白浒山断面对应汇水范围", "kzdy": "长江（湖北省）控制单元", "id_2": "长江_合并线", "河名": "长江", "级别": 0, "province": "湖北省", "city_2": "黄冈市", "descriptio": "由原始线段合并而成的连续线", "BUFF_DIST": 30.0, "ORIG_FID": 0, "dist_to_river_m": 6349.13, "dist_along_river_m": 218236.65, "snap_lon": 114.30068691, "snap_lat": 30.57845409 }, "geometry": { "type": "MultiPoint", "coordinates": [ [ 114.34844, 30.5516 ] ] } },
{ "type": "Feature", "properties": { "id": "6478472942752227244", "name": "武穴市中医医院", "type": "其他", "city": "武穴市", "lyyj": "长江干流流域", "lyej": "鄂东五河片区", "hsfw": "湖北省姚港断面对应汇水范围", "kzdy": "长江（湖北省）控制单元", "id_2": "长江_合并线", "河名": "长江", "级别": 0, "province": "湖北省", "city_2": "黄冈市", "descriptio": "由原始线段合并而成的连续线", "BUFF_DIST": 30.0, "ORIG_FID": 0, "dist_to_river_m": 25381.63, "dist_along_river_m": 0.0, "snap_lon": 115.3819062836765, "snap_lat": 29.966159302872203 }, "geometry": { "type": "MultiPoint", "coordinates": [ [ 115.57026, 29.854782 ] ] } },
{ "type": "Feature", "properties": { "id": "6478472942760615877", "name": "铭祥汽车工业（武汉）有限公司二工厂", "type": "其他", "city": "经开区", "lyyj": "汉江流域", "lyej": "汉江下游片区", "hsfw": "湖北省杨泗港断面对应汇水范围", "kzdy": "长江（湖北省）控制单元", "id_2": "长江_合并线", "河名": "长江", "级别": 0, "province": "湖北省", "city_2": "黄冈市", "descriptio": "由原始线段合并而成的连续线", "BUFF_DIST": 30.0, "ORIG_FID": 0, "dist_to_river_m": 6153.94, "dist_along_river_m": 238504.48, "snap_lon": 114.2005841, "snap_lat": 30.45160462 }, "geometry": { "type": "MultiPoint", "coordinates": [ [ 114.16412, 30.487417 ] ] } },
{ "type": "Feature", "properties": { "id": "6478472942852890545", "name": "武汉顶津食品有限公司", "type": "其他", "city": "经开区", "lyyj": "汉江流域", "lyej": "汉江下游片区", "hsfw": "湖北省杨泗港断面对应汇水范围", "kzdy": "长江（湖北省）控制单元", "id_2": "长江_合并线", "河名": "长江", "级别": 0, "province": "湖北省", "city_2": "黄冈市", "descriptio": "由原始线段合并而成的连续线", "BUFF_DIST": 30.0, "ORIG_FID": 0, "dist_to_river_m": 5637.01, "dist_along_river_m": 238902.34, "snap_lon": 114.1980131, "snap_lat": 30.44946796 }, "geometry": { "type": "MultiPoint", "coordinates": [ [ 114.157993, 30.476211 ] ] } },
{ "type": "Feature", "properties": { "id": "6478472942907416512", "name": "武汉市城市排水发展有限公司龙王嘴污水处理厂", "type": "其他", "city": "东湖高新开发区", "lyyj": "长江干流流域", "lyej": "鄂东南片区", "hsfw": "湖北省白浒山断面对应汇水范围", "kzdy": "长江（湖北省）控制单元", "id_2": "长江_合并线", "河名": "长江", "级别": 0, "province": "湖北省", "city_2": "黄冈市", "descriptio": "由原始线段合并而成的连续线", "BUFF_DIST": 30.0, "ORIG_FID": 0, "dist_to_river_m": 3664.54, "dist_along_river_m": 180470.71, "snap_lon": 114.54806005, "snap_lat": 30.65010207 }, "geometry": { "type": "MultiPoint", "coordinates": [ [ 114.51871, 30.637276 ] ] } },
{ "type": "Feature", "properties": { "id": "6478472942924193771", "name": "中韩（武汉）石油化工有限公司(炼油厂区）", "type": null, "city": "青山区", "lyyj": "长江干流流域", "lyej": "鄂东南片区", "hsfw": "湖北省白浒山断面对应汇水范围", "kzdy": "长江（湖北省）控制单元", "id_2": "长江_合并线", "河名": "长江", "级别": 0, "province": "湖北省", "city_2": "黄冈市", "descriptio": "由原始线段合并而成的连续线", "BUFF_DIST": 30.0, "ORIG_FID": 0, "dist_to_river_m": 4317.82, "dist_along_river_m": 195752.28, "snap_lon": 114.43468375, "snap_lat": 30.69491002 }, "geometry": { "type": "MultiPoint", "coordinates": [ [ 114.439735, 30.661835 ] ] } },
{ "type": "Feature", "properties": { "id": "6478472942978719683", "name": "日立安斯泰莫底盘系统（广州）有限公司武汉分公司", "type": "其他", "city": "经开区", "lyyj": "长江干流流域", "lyej": "府澴河片区", "hsfw": "湖北省白浒山断面对应汇水范围", "kzdy": "长江（湖北省）控制单元", "id_2": "长江_合并线", "河名": "长江", "级别": 0, "province": "湖北省", "city_2": "黄冈市", "descriptio": "由原始线段合并而成的连续线", "BUFF_DIST": 30.0, "ORIG_FID": 0, "dist_to_river_m": 344.24, "dist_along_river_m": 215342.84, "snap_lon": 114.31432978649774, "snap_lat": 30.597242645323906 }, "geometry": { "type": "MultiPoint", "coordinates": [ [ 114.311584, 30.598467 ] ] } },
{ "type": "Feature", "properties": { "id": "6478472942995496914", "name": "国营武汉长虹机械厂", "type": "其他", "city": "江夏区", "lyyj": "长江干流流域", "lyej": "鄂东南片区", "hsfw": "湖北省白浒山断面对应汇水范围", "kzdy": "长江（湖北省）控制单元", "id_2": "长江_合并线", "河名": "长江", "级别": 0, "province": "湖北省", "city_2": "黄冈市", "descriptio": "由原始线段合并而成的连续线", "BUFF_DIST": 30.0, "ORIG_FID": 0, "dist_to_river_m": 6349.13, "dist_along_river_m": 218236.65, "snap_lon": 114.30068691, "snap_lat": 30.57845409 }, "geometry": { "type": "MultiPoint", "coordinates": [ [ 114.34844, 30.5516 ] ] } },
{ "type": "Feature", "properties": { "id": "6478472942999691224", "name": "藤仓烽火光电材料科技有限公司", "type": "其他", "city": "东湖高新开发区", "lyyj": "长江干流流域", "lyej": "鄂东南片区", "hsfw": "湖北省杨泗港断面对应汇水范围", "kzdy": "长江（湖北省）控制单元", "id_2": "长江_合并线", "河名": "长江", "级别": 0, "province": "湖北省", "city_2": "黄冈市", "descriptio": "由原始线段合并而成的连续线", "BUFF_DIST": 30.0, "ORIG_FID": 0, "dist_to_river_m": 17533.18, "dist_along_river_m": 219507.99, "snap_lon": 114.29466216, "snap_lat": 30.57021094 }, "geometry": { "type": "MultiPoint", "coordinates": [ [ 114.429504, 30.500105 ] ] } },
{ "type": "Feature", "properties": { "id": "6478472943003885524", "name": "武汉科诺生物科技股份有限公司", "type": "其他", "city": "东湖高新开发区", "lyyj": "长江干流流域", "lyej": "府澴河片区", "hsfw": "湖北省白浒山断面对应汇水范围", "kzdy": "长江（湖北省）控制单元", "id_2": "长江_合并线", "河名": "长江", "级别": 0, "province": "湖北省", "city_2": "黄冈市", "descriptio": "由原始线段合并而成的连续线", "BUFF_DIST": 30.0, "ORIG_FID": 0, "dist_to_river_m": 1845.36, "dist_along_river_m": 216510.72, "snap_lon": 114.30890107, "snap_lat": 30.58962581 }, "geometry": { "type": "MultiPoint", "coordinates": [ [ 114.294976, 30.597368 ] ] } },
{ "type": "Feature", "properties": { "id": "6478472943033245681", "name": "武汉山羽新材料科技有限公司", "type": "其他", "city": "黄州区", "lyyj": "长江干流流域", "lyej": "鄂东五河片区", "hsfw": "湖北省中官铺断面对应汇水范围", "kzdy": "长江（湖北省）控制单元", "id_2": "长江_合并线", "河名": "长江", "级别": 0, "province": "湖北省", "city_2": "黄冈市", "descriptio": "由原始线段合并而成的连续线", "BUFF_DIST": 30.0, "ORIG_FID": 0, "dist_to_river_m": 23494.72, "dist_along_river_m": 25636.25, "snap_lon": 115.28115648999996, "snap_lat": 30.13780473 }, "geometry": { "type": "MultiPoint", "coordinates": [ [ 115.44737, 30.250227 ] ] } },
{ "type": "Feature", "properties": { "id": "6478472943066800091", "name": "中国石化销售股份有限公司华中分公司湖北输油管理处大庄油库", "type": "其他", "city": "青山区", "lyyj": "长江干流流域", "lyej": "府澴河片区", "hsfw": "湖北省朱家河口断面对应汇水范围", "kzdy": "涢水（湖北省）控制单元", "id_2": "长江_合并线", "河名": "长江", "级别": 0, "province": "湖北省", "city_2": "黄冈市", "descriptio": "由原始线段合并而成的连续线", "BUFF_DIST": 30.0, "ORIG_FID": 0, "dist_to_river_m": 925.21, "dist_along_river_m": 206587.76, "snap_lon": 114.35613450516, "snap_lat": 30.653768457312971 }, "geometry": { "type": "MultiPoint", "coordinates": [ [ 114.349009, 30.657449 ] ] } },
{ "type": "Feature", "properties": { "id": "6478472943112937437", "name": "光大绿色环保固废处置（黄石）有限公司", "type": "其他", "city": "下陆区", "lyyj": "长江干流流域", "lyej": "鄂东南片区", "hsfw": "湖北省风波港（右岸）断面对应汇水范围", "kzdy": "长江（湖北省）控制单元", "id_2": "长江_合并线", "河名": "长江", "级别": 0, "province": "湖北省", "city_2": "黄冈市", "descriptio": "由原始线段合并而成的连续线", "BUFF_DIST": 30.0, "ORIG_FID": 0, "dist_to_river_m": 14171.31, "dist_along_river_m": 54766.3, "snap_lon": 115.07607593000002, "snap_lat": 30.23736301 }, "geometry": { "type": "MultiPoint", "coordinates": [ [ 114.967415, 30.180046 ] ] } },
{ "type": "Feature", "properties": { "id": "6478472943133908937", "name": "华中科技大学同济医学院附属协和医院肿瘤中心", "type": "其他", "city": "江汉区", "lyyj": "汉江流域", "lyej": "汉江下游片区", "hsfw": "湖北省杨泗港断面对应汇水范围", "kzdy": "长江（湖北省）控制单元", "id_2": "长江_合并线", "河名": "长江", "级别": 0, "province": "湖北省", "city_2": "黄冈市", "descriptio": "由原始线段合并而成的连续线", "BUFF_DIST": 30.0, "ORIG_FID": 0, "dist_to_river_m": 6025.04, "dist_along_river_m": 234945.74, "snap_lon": 114.22335884999998, "snap_lat": 30.46999927 }, "geometry": { "type": "MultiPoint", "coordinates": [ [ 114.180214, 30.498161 ] ] } },
{ "type": "Feature", "properties": { "id": "6478472943268126668", "name": "老河口市第一医院", "type": "其他", "city": "老河口市", "lyyj": "长江干流流域", "lyej": "府澴河片区", "hsfw": "湖北省白浒山断面对应汇水范围", "kzdy": "长江（湖北省）控制单元", "id_2": "长江_合并线", "河名": "长江", "级别": 0, "province": "湖北省", "city_2": "黄冈市", "descriptio": "由原始线段合并而成的连续线", "BUFF_DIST": 30.0, "ORIG_FID": 0, "dist_to_river_m": 1845.36, "dist_along_river_m": 216510.72, "snap_lon": 114.30890107, "snap_lat": 30.58962581 }, "geometry": { "type": "MultiPoint", "coordinates": [ [ 114.294976, 30.597368 ] ] } },
{ "type": "Feature", "properties": { "id": "6478472943280709586", "name": "光大水务随州水环境治理有限公司", "type": "其他", "city": "高新区", "lyyj": "长江干流流域", "lyej": "鄂东南片区", "hsfw": "湖北省白浒山断面对应汇水范围", "kzdy": "长江（湖北省）控制单元", "id_2": "长江_合并线", "河名": "长江", "级别": 0, "province": "湖北省", "city_2": "黄冈市", "descriptio": "由原始线段合并而成的连续线", "BUFF_DIST": 30.0, "ORIG_FID": 0, "dist_to_river_m": 6349.13, "dist_along_river_m": 218236.65, "snap_lon": 114.30068691, "snap_lat": 30.57845409 }, "geometry": { "type": "MultiPoint", "coordinates": [ [ 114.34844, 30.5516 ] ] } },
{ "type": "Feature", "properties": { "id": "6478472943305875364", "name": "黄石惠晶显示科技有限公司", "type": "其他", "city": "经济开发区", "lyyj": "长江干流流域", "lyej": "鄂东南片区", "hsfw": "湖北省大冶湖闸断面对应汇水范围", "kzdy": "长江（湖北省）控制单元", "id_2": "长江_合并线", "河名": "长江", "级别": 0, "province": "湖北省", "city_2": "黄冈市", "descriptio": "由原始线段合并而成的连续线", "BUFF_DIST": 30.0, "ORIG_FID": 0, "dist_to_river_m": 13488.72, "dist_along_river_m": 53612.6, "snap_lon": 115.08245085999998, "snap_lat": 30.23040085 }, "geometry": { "type": "MultiPoint", "coordinates": [ [ 114.99424, 30.158598 ] ] } },
{ "type": "Feature", "properties": { "id": "6478472943410733038", "name": "赤壁长城炭素制品有限公司", "type": "其他", "city": "赤壁市", "lyyj": "长江干流流域", "lyej": "鄂东南片区", "hsfw": "湖北省黄龙镇断面对应汇水范围", "kzdy": "陆水（湖北省）控制单元", "id_2": "长江_合并线", "河名": "长江", "级别": 0, "province": "湖北省", "city_2": "黄冈市", "descriptio": "由原始线段合并而成的连续线", "BUFF_DIST": 30.0, "ORIG_FID": 0, "dist_to_river_m": 32458.56, "dist_along_river_m": 381908.86, "snap_lon": 113.79947042, "snap_lat": 29.9260646 }, "geometry": { "type": "MultiPoint", "coordinates": [ [ 113.865417, 29.679605 ] ] } },
{ "type": "Feature", "properties": { "id": "6478472943469453271", "name": "湖北三峡生态环境有限公司夷陵分公司-夷陵区污水处理厂", "type": "其他", "city": "夷陵区", "lyyj": "长江干流流域", "lyej": "鄂东南片区", "hsfw": "湖北省白浒山断面对应汇水范围", "kzdy": "长江（湖北省）控制单元", "id_2": "长江_合并线", "河名": "长江", "级别": 0, "province": "湖北省", "city_2": "黄冈市", "descriptio": "由原始线段合并而成的连续线", "BUFF_DIST": 30.0, "ORIG_FID": 0, "dist_to_river_m": 6349.13, "dist_along_river_m": 218236.65, "snap_lon": 114.30068691, "snap_lat": 30.57845409 }, "geometry": { "type": "MultiPoint", "coordinates": [ [ 114.34844, 30.5516 ] ] } },
{ "type": "Feature", "properties": { "id": "6478472943498813440", "name": "武穴奥得赛化学有限公司", "type": "其他", "city": "武穴市", "lyyj": "长江干流流域", "lyej": "府澴河片区", "hsfw": "湖北省朱家河口断面对应汇水范围", "kzdy": "涢水（湖北省）控制单元", "id_2": "长江_合并线", "河名": "长江", "级别": 0, "province": "湖北省", "city_2": "黄冈市", "descriptio": "由原始线段合并而成的连续线", "BUFF_DIST": 30.0, "ORIG_FID": 0, "dist_to_river_m": 9312.69, "dist_along_river_m": 220159.28, "snap_lon": 114.2913051, "snap_lat": 30.56610793 }, "geometry": { "type": "MultiPoint", "coordinates": [ [ 114.21934, 30.60283 ] ] } },
{ "type": "Feature", "properties": { "id": "6478472943515590606", "name": "湖北广济药业股份有限公司", "type": "其他", "city": "武穴市", "lyyj": "长江干流流域", "lyej": "府澴河片区", "hsfw": "湖北省白浒山断面对应汇水范围", "kzdy": "长江（湖北省）控制单元", "id_2": "长江_合并线", "河名": "长江", "级别": 0, "province": "湖北省", "city_2": "黄冈市", "descriptio": "由原始线段合并而成的连续线", "BUFF_DIST": 30.0, "ORIG_FID": 0, "dist_to_river_m": 1845.36, "dist_along_river_m": 216510.72, "snap_lon": 114.30890107, "snap_lat": 30.58962581 }, "geometry": { "type": "MultiPoint", "coordinates": [ [ 114.294976, 30.597368 ] ] } },
{ "type": "Feature", "properties": { "id": "6478472943553339377", "name": "鄂州浦华鄂清水务有限公司", "type": "其他", "city": "临空经济区", "lyyj": "长江干流流域", "lyej": "鄂东南片区", "hsfw": "湖北省燕矶断面对应汇水范围", "kzdy": "长江（湖北省）控制单元", "id_2": "长江_合并线", "河名": "长江", "级别": 0, "province": "湖北省", "city_2": "黄冈市", "descriptio": "由原始线段合并而成的连续线", "BUFF_DIST": 30.0, "ORIG_FID": 0, "dist_to_river_m": 2351.13, "dist_along_river_m": 91692.81, "snap_lon": 114.95064765, "snap_lat": 30.40835206 }, "geometry": { "type": "MultiPoint", "coordinates": [ [ 114.948748, 30.390209 ] ] } },
{ "type": "Feature", "properties": { "id": "6478472943586893684", "name": "湖北晶昱玻璃制品有限公司", "type": "其他", "city": "掇刀区", "lyyj": "长江干流流域", "lyej": "鄂东南片区", "hsfw": "湖北省白浒山断面对应汇水范围", "kzdy": "长江（湖北省）控制单元", "id_2": "长江_合并线", "河名": "长江", "级别": 0, "province": "湖北省", "city_2": "黄冈市", "descriptio": "由原始线段合并而成的连续线", "BUFF_DIST": 30.0, "ORIG_FID": 0, "dist_to_river_m": 6349.13, "dist_along_river_m": 218236.65, "snap_lon": 114.30068691, "snap_lat": 30.57845409 }, "geometry": { "type": "MultiPoint", "coordinates": [ [ 114.34844, 30.5516 ] ] } },
{ "type": "Feature", "properties": { "id": "6478472943674974190", "name": "益海嘉里（武汉）粮油工业有限公司", "type": "其他", "city": "东西湖区", "lyyj": "长江干流流域", "lyej": "府澴河片区", "hsfw": "湖北省朱家河口断面对应汇水范围", "kzdy": "涢水（湖北省）控制单元", "id_2": "长江_合并线", "河名": "长江", "级别": 0, "province": "湖北省", "city_2": "黄冈市", "descriptio": "由原始线段合并而成的连续线", "BUFF_DIST": 30.0, "ORIG_FID": 0, "dist_to_river_m": 25408.73, "dist_along_river_m": 232421.74, "snap_lon": 114.23666897, "snap_lat": 30.48570603 }, "geometry": { "type": "MultiPoint", "coordinates": [ [ 114.05537, 30.605131 ] ] } },
{ "type": "Feature", "properties": { "id": "6478472943708528535", "name": "翰宇药业（武汉）有限公司", "type": "其他", "city": "黄陂区", "lyyj": "长江干流流域", "lyej": "府澴河片区", "hsfw": "湖北省朱家河口断面对应汇水范围", "kzdy": "涢水（湖北省）控制单元", "id_2": "长江_合并线", "河名": "长江", "级别": 0, "province": "湖北省", "city_2": "黄冈市", "descriptio": "由原始线段合并而成的连续线", "BUFF_DIST": 30.0, "ORIG_FID": 0, "dist_to_river_m": 18528.87, "dist_along_river_m": 203341.46, "snap_lon": 114.37188677999998, "snap_lat": 30.67460793 }, "geometry": { "type": "MultiPoint", "coordinates": [ [ 114.269986, 30.787736 ] ] } },
{ "type": "Feature", "properties": { "id": "6478472943708528588", "name": "中信清水入江（武汉）投资建设有限公司（江夏污水处理厂）", "type": "其他", "city": "江夏区", "lyyj": "长江干流流域", "lyej": "鄂东南片区", "hsfw": "湖北省杨泗港断面对应汇水范围", "kzdy": "长江（湖北省）控制单元", "id_2": "长江_合并线", "河名": "长江", "级别": 0, "province": "湖北省", "city_2": "黄冈市", "descriptio": "由原始线段合并而成的连续线", "BUFF_DIST": 30.0, "ORIG_FID": 0, "dist_to_river_m": 14640.75, "dist_along_river_m": 232590.96, "snap_lon": 114.23582112, "snap_lat": 30.48462206 }, "geometry": { "type": "MultiPoint", "coordinates": [ [ 114.34026, 30.41571 ] ] } },
{ "type": "Feature", "properties": { "id": "6478472943721111536", "name": "黄石卫生材料药业有限公司", "type": "其他", "city": "黄石港区", "lyyj": "长江干流流域", "lyej": "鄂东五河片区", "hsfw": "湖北省风波港（右岸）断面对应汇水范围", "kzdy": "长江（湖北省）控制单元", "id_2": "长江_合并线", "河名": "长江", "级别": 0, "province": "湖北省", "city_2": "黄冈市", "descriptio": "由原始线段合并而成的连续线", "BUFF_DIST": 30.0, "ORIG_FID": 0, "dist_to_river_m": 3110.18, "dist_along_river_m": 43104.2, "snap_lon": 115.16683403, "snap_lat": 30.2189677 }, "geometry": { "type": "MultiPoint", "coordinates": [ [ 115.15902, 30.242144 ] ] } },
{ "type": "Feature", "properties": { "id": "6478472943779831710", "name": "湖北长烁亿达生物热能有限公司", "type": "其他", "city": "汉川市", "lyyj": "长江干流流域", "lyej": "鄂东南片区", "hsfw": "湖北省白浒山断面对应汇水范围", "kzdy": "长江（湖北省）控制单元", "id_2": "长江_合并线", "河名": "长江", "级别": 0, "province": "湖北省", "city_2": "黄冈市", "descriptio": "由原始线段合并而成的连续线", "BUFF_DIST": 30.0, "ORIG_FID": 0, "dist_to_river_m": 1266.15, "dist_along_river_m": 216991.53, "snap_lon": 114.30670105, "snap_lat": 30.58646976 }, "geometry": { "type": "MultiPoint", "coordinates": [ [ 114.3162, 30.581084 ] ] } },
{ "type": "Feature", "properties": { "id": "6478472943804997558", "name": "湖北能源东湖燃机热电有限公司", "type": "其他", "city": "东湖高新开发区", "lyyj": "长江干流流域", "lyej": "鄂东南片区", "hsfw": "湖北省白浒山断面对应汇水范围", "kzdy": "长江（湖北省）控制单元", "id_2": "长江_合并线", "河名": "长江", "级别": 0, "province": "湖北省", "city_2": "黄冈市", "descriptio": "由原始线段合并而成的连续线", "BUFF_DIST": 30.0, "ORIG_FID": 0, "dist_to_river_m": 1266.15, "dist_along_river_m": 216991.53, "snap_lon": 114.30670105, "snap_lat": 30.58646976 }, "geometry": { "type": "MultiPoint", "coordinates": [ [ 114.3162, 30.581084 ] ] } },
{ "type": "Feature", "properties": { "id": "6478472943809191923", "name": "黄石市金桥铝业有限公司", "type": "其他", "city": "大冶市", "lyyj": "长江干流流域", "lyej": "鄂东南片区", "hsfw": "湖北省白浒山断面对应汇水范围", "kzdy": "长江（湖北省）控制单元", "id_2": "长江_合并线", "河名": "长江", "级别": 0, "province": "湖北省", "city_2": "黄冈市", "descriptio": "由原始线段合并而成的连续线", "BUFF_DIST": 30.0, "ORIG_FID": 0, "dist_to_river_m": 6349.13, "dist_along_river_m": 218236.65, "snap_lon": 114.30068691, "snap_lat": 30.57845409 }, "geometry": { "type": "MultiPoint", "coordinates": [ [ 114.34844, 30.5516 ] ] } },
{ "type": "Feature", "properties": { "id": "6478472943842746319", "name": "大冶市兴进铝业有限公司", "type": "其他", "city": "大冶市", "lyyj": "长江干流流域", "lyej": "鄂东南片区", "hsfw": "湖北省白浒山断面对应汇水范围", "kzdy": "长江（湖北省）控制单元", "id_2": "长江_合并线", "河名": "长江", "级别": 0, "province": "湖北省", "city_2": "黄冈市", "descriptio": "由原始线段合并而成的连续线", "BUFF_DIST": 30.0, "ORIG_FID": 0, "dist_to_river_m": 6349.13, "dist_along_river_m": 218236.65, "snap_lon": 114.30068691, "snap_lat": 30.57845409 }, "geometry": { "type": "MultiPoint", "coordinates": [ [ 114.34844, 30.5516 ] ] } },
{ "type": "Feature", "properties": { "id": "6478472943855329277", "name": "武汉重工铸锻有限责任公司", "type": "其他", "city": "青山区", "lyyj": "长江干流流域", "lyej": "鄂东南片区", "hsfw": "湖北省白浒山断面对应汇水范围", "kzdy": "长江（湖北省）控制单元", "id_2": "长江_合并线", "河名": "长江", "级别": 0, "province": "湖北省", "city_2": "黄冈市", "descriptio": "由原始线段合并而成的连续线", "BUFF_DIST": 30.0, "ORIG_FID": 0, "dist_to_river_m": 12383.52, "dist_along_river_m": 177429.59, "snap_lon": 114.56007975, "snap_lat": 30.62914129 }, "geometry": { "type": "MultiPoint", "coordinates": [ [ 114.46135, 30.585024 ] ] } },
{ "type": "Feature", "properties": { "id": "6478472943888883651", "name": "湖北绿色家园材料技术股份有限公司", "type": "其他", "city": "仙桃市", "lyyj": "长江干流流域", "lyej": "鄂东南片区", "hsfw": "湖北省白浒山断面对应汇水范围", "kzdy": "长江（湖北省）控制单元", "id_2": "长江_合并线", "河名": "长江", "级别": 0, "province": "湖北省", "city_2": "黄冈市", "descriptio": "由原始线段合并而成的连续线", "BUFF_DIST": 30.0, "ORIG_FID": 0, "dist_to_river_m": 1266.15, "dist_along_river_m": 216991.53, "snap_lon": 114.30670105, "snap_lat": 30.58646976 }, "geometry": { "type": "MultiPoint", "coordinates": [ [ 114.3162, 30.581084 ] ] } },
{ "type": "Feature", "properties": { "id": "6478472943893077894", "name": "武汉中粮食品科技有限公司", "type": "其他", "city": "长江新区", "lyyj": "长江干流流域", "lyej": "府澴河片区", "hsfw": "湖北省白浒山断面对应汇水范围", "kzdy": "长江（湖北省）控制单元", "id_2": "长江_合并线", "河名": "长江", "级别": 0, "province": "湖北省", "city_2": "黄冈市", "descriptio": "由原始线段合并而成的连续线", "BUFF_DIST": 30.0, "ORIG_FID": 0, "dist_to_river_m": 7652.92, "dist_along_river_m": 184241.6, "snap_lon": 114.53079394, "snap_lat": 30.67464676000001 }, "geometry": { "type": "MultiPoint", "coordinates": [ [ 114.57734, 30.718151 ] ] } },
{ "type": "Feature", "properties": { "id": "6478472943926632430", "name": "黄石山力兴冶薄板有限公司", "type": "其他", "city": "大冶市", "lyyj": "长江干流流域", "lyej": "鄂东南片区", "hsfw": "湖北省白浒山断面对应汇水范围", "kzdy": "长江（湖北省）控制单元", "id_2": "长江_合并线", "河名": "长江", "级别": 0, "province": "湖北省", "city_2": "黄冈市", "descriptio": "由原始线段合并而成的连续线", "BUFF_DIST": 30.0, "ORIG_FID": 0, "dist_to_river_m": 6349.13, "dist_along_river_m": 218236.65, "snap_lon": 114.30068691, "snap_lat": 30.57845409 }, "geometry": { "type": "MultiPoint", "coordinates": [ [ 114.34844, 30.5516 ] ] } },
{ "type": "Feature", "properties": { "id": "6478472943997935487", "name": "阳新娲石水泥有限公司", "type": "水泥", "city": "阳新县", "lyyj": "长江干流流域", "lyej": "鄂东五河片区", "hsfw": "湖北省中官铺断面对应汇水范围", "kzdy": "长江（湖北省）控制单元", "id_2": "长江_合并线", "河名": "长江", "级别": 0, "province": "湖北省", "city_2": "黄冈市", "descriptio": "由原始线段合并而成的连续线", "BUFF_DIST": 30.0, "ORIG_FID": 0, "dist_to_river_m": 6663.09, "dist_along_river_m": 0.0, "snap_lon": 115.3819062836765, "snap_lat": 29.966159302872203 }, "geometry": { "type": "MultiPoint", "coordinates": [ [ 115.40699, 29.919067 ] ] } },
{ "type": "Feature", "properties": { "id": "6478472944027295672", "name": "湖北欧立制药有限公司", "type": "其他", "city": "下陆区", "lyyj": "长江干流流域", "lyej": "鄂东南片区", "hsfw": "湖北省风波港（右岸）断面对应汇水范围", "kzdy": "长江（湖北省）控制单元", "id_2": "长江_合并线", "河名": "长江", "级别": 0, "province": "湖北省", "city_2": "黄冈市", "descriptio": "由原始线段合并而成的连续线", "BUFF_DIST": 30.0, "ORIG_FID": 0, "dist_to_river_m": 66.22, "dist_along_river_m": 54385.03, "snap_lon": 115.07812643988431, "snap_lat": 30.235041088579642 }, "geometry": { "type": "MultiPoint", "coordinates": [ [ 115.07865, 30.235285 ] ] } },
{ "type": "Feature", "properties": { "id": "6478472944086015915", "name": "华电湖北发电有限公司黄石热电分公司", "type": "其他", "city": "黄石港区", "lyyj": "长江干流流域", "lyej": "鄂东南片区", "hsfw": "湖北省风波港（右岸）断面对应汇水范围", "kzdy": "长江（湖北省）控制单元", "id_2": "长江_合并线", "河名": "长江", "级别": 0, "province": "湖北省", "city_2": "黄冈市", "descriptio": "由原始线段合并而成的连续线", "BUFF_DIST": 30.0, "ORIG_FID": 0, "dist_to_river_m": 2493.38, "dist_along_river_m": 53604.54, "snap_lon": 115.08250097, "snap_lat": 30.23035572 }, "geometry": { "type": "MultiPoint", "coordinates": [ [ 115.066667, 30.216667 ] ] } },
{ "type": "Feature", "properties": { "id": "6478472944098598909", "name": "湖北裕邦食品有限公司", "type": "其他", "city": "黄州区", "lyyj": "长江干流流域", "lyej": "鄂东南片区", "hsfw": "湖北省白浒山断面对应汇水范围", "kzdy": "长江（湖北省）控制单元", "id_2": "长江_合并线", "河名": "长江", "级别": 0, "province": "湖北省", "city_2": "黄冈市", "descriptio": "由原始线段合并而成的连续线", "BUFF_DIST": 30.0, "ORIG_FID": 0, "dist_to_river_m": 1266.15, "dist_along_river_m": 216991.53, "snap_lon": 114.30670105, "snap_lat": 30.58646976 }, "geometry": { "type": "MultiPoint", "coordinates": [ [ 114.3162, 30.581084 ] ] } },
{ "type": "Feature", "properties": { "id": "6478472944174096384", "name": "亿钧耀能新材（武汉）有限公司", "type": "平板玻璃", "city": "经开区", "lyyj": "长江干流流域", "lyej": "鄂东南片区", "hsfw": "湖北省白浒山断面对应汇水范围", "kzdy": "长江（湖北省）控制单元", "id_2": "长江_合并线", "河名": "长江", "级别": 0, "province": "湖北省", "city_2": "黄冈市", "descriptio": "由原始线段合并而成的连续线", "BUFF_DIST": 30.0, "ORIG_FID": 0, "dist_to_river_m": 1266.15, "dist_along_river_m": 216991.53, "snap_lon": 114.30670105, "snap_lat": 30.58646976 }, "geometry": { "type": "MultiPoint", "coordinates": [ [ 114.3162, 30.581084 ] ] } },
{ "type": "Feature", "properties": { "id": "3554006921163868348", "name": "武汉苏泊尔压力锅有限公司", "type": "其他", "city": "汉阳区", "lyyj": "汉江流域", "lyej": "汉江下游片区", "hsfw": "湖北省宗关断面对应汇水范围", "kzdy": "汉江（丹江口下）（湖北省）控制单元", "id_2": "长江_合并线", "河名": "长江", "级别": 0, "province": "湖北省", "city_2": "黄冈市", "descriptio": "由原始线段合并而成的连续线", "BUFF_DIST": 30.0, "ORIG_FID": 0, "dist_to_river_m": 12064.67, "dist_along_river_m": 223350.23, "snap_lon": 114.2796918, "snap_lat": 30.54378919 }, "geometry": { "type": "MultiPoint", "coordinates": [ [ 114.17652, 30.572369 ] ] } },
{ "type": "Feature", "properties": { "id": "3567018542870071520", "name": "武汉禾元生物科技股份有限公司", "type": "其他", "city": "东湖高新开发区", "lyyj": "长江干流流域", "lyej": "鄂东南片区", "hsfw": "湖北省白浒山断面对应汇水范围", "kzdy": "长江（湖北省）控制单元", "id_2": "长江_合并线", "河名": "长江", "级别": 0, "province": "湖北省", "city_2": "黄冈市", "descriptio": "由原始线段合并而成的连续线", "BUFF_DIST": 30.0, "ORIG_FID": 0, "dist_to_river_m": 17503.59, "dist_along_river_m": 169586.03, "snap_lon": 114.58771772, "snap_lat": 30.57400469 }, "geometry": { "type": "MultiPoint", "coordinates": [ [ 114.471505, 30.482771 ] ] } },
{ "type": "Feature", "properties": { "id": "3592382060611767779", "name": "武汉恒阳化工储运有限公司", "type": null, "city": "青山区", "lyyj": "长江干流流域", "lyej": "鄂东南片区", "hsfw": "湖北省白浒山断面对应汇水范围", "kzdy": "长江（湖北省）控制单元", "id_2": "长江_合并线", "河名": "长江", "级别": 0, "province": "湖北省", "city_2": "黄冈市", "descriptio": "由原始线段合并而成的连续线", "BUFF_DIST": 30.0, "ORIG_FID": 0, "dist_to_river_m": 3755.41, "dist_along_river_m": 190463.35, "snap_lon": 114.48124344900158, "snap_lat": 30.693148575522049 }, "geometry": { "type": "MultiPoint", "coordinates": [ [ 114.47093, 30.665524 ] ] } },
{ "type": "Feature", "properties": { "id": "3593106840134618613", "name": "阳新娲石绿色建材有限公司", "type": null, "city": "阳新县", "lyyj": "长江干流流域", "lyej": "富水片区", "hsfw": "湖北省富池闸断面对应汇水范围", "kzdy": "富水（湖北省，江西省）控制单元", "id_2": "长江_合并线", "河名": "长江", "级别": 0, "province": "湖北省", "city_2": "黄冈市", "descriptio": "由原始线段合并而成的连续线", "BUFF_DIST": 30.0, "ORIG_FID": 0, "dist_to_river_m": 7479.26, "dist_along_river_m": 0.0, "snap_lon": 115.3819062836765, "snap_lat": 29.966159302872203 }, "geometry": { "type": "MultiPoint", "coordinates": [ [ 115.39123, 29.9085 ] ] } },
{ "type": "Feature", "properties": { "id": "6478472600824176621", "name": "湖北三木化工有限公司", "type": "其他", "city": "嘉鱼县", "lyyj": "长江干流流域", "lyej": "鄂东南片区", "hsfw": "湖北省纱帽断面对应汇水范围", "kzdy": "长江（湖北省）控制单元", "id_2": "长江_合并线", "河名": "长江", "级别": 0, "province": "湖北省", "city_2": "黄冈市", "descriptio": "由原始线段合并而成的连续线", "BUFF_DIST": 30.0, "ORIG_FID": 0, "dist_to_river_m": 5120.29, "dist_along_river_m": 273275.0, "snap_lon": 114.05292862999998, "snap_lat": 30.22317561 }, "geometry": { "type": "MultiPoint", "coordinates": [ [ 114.08308, 30.193157 ] ] } },
{ "type": "Feature", "properties": { "id": "6478472600824176622", "name": "湖北若水新材料科技有限公司", "type": "其他", "city": "嘉鱼县", "lyyj": "长江干流流域", "lyej": "鄂东南片区", "hsfw": "湖北省白浒山断面对应汇水范围", "kzdy": "长江（湖北省）控制单元", "id_2": "长江_合并线", "河名": "长江", "级别": 0, "province": "湖北省", "city_2": "黄冈市", "descriptio": "由原始线段合并而成的连续线", "BUFF_DIST": 30.0, "ORIG_FID": 0, "dist_to_river_m": 1266.15, "dist_along_river_m": 216991.53, "snap_lon": 114.30670105, "snap_lat": 30.58646976 }, "geometry": { "type": "MultiPoint", "coordinates": [ [ 114.3162, 30.581084 ] ] } },
{ "type": "Feature", "properties": { "id": "6478472600861925358", "name": "湖北佰亮电镀有限公司", "type": "其他", "city": "洪湖市", "lyyj": "长江干流流域", "lyej": "府澴河片区", "hsfw": "湖北省白浒山断面对应汇水范围", "kzdy": "长江（湖北省）控制单元", "id_2": "长江_合并线", "河名": "长江", "级别": 0, "province": "湖北省", "city_2": "黄冈市", "descriptio": "由原始线段合并而成的连续线", "BUFF_DIST": 30.0, "ORIG_FID": 0, "dist_to_river_m": 344.24, "dist_along_river_m": 215342.84, "snap_lon": 114.31432978649774, "snap_lat": 30.597242645323906 }, "geometry": { "type": "MultiPoint", "coordinates": [ [ 114.311584, 30.598467 ] ] } },
{ "type": "Feature", "properties": { "id": "6478472600899674108", "name": "湖北天康化工有限公司", "type": "其他", "city": "应城市", "lyyj": "长江干流流域", "lyej": "鄂东南片区", "hsfw": "湖北省杨泗港断面对应汇水范围", "kzdy": "长江（湖北省）控制单元", "id_2": "长江_合并线", "河名": "长江", "级别": 0, "province": "湖北省", "city_2": "黄冈市", "descriptio": "由原始线段合并而成的连续线", "BUFF_DIST": 30.0, "ORIG_FID": 0, "dist_to_river_m": 1457.46, "dist_along_river_m": 228912.98, "snap_lon": 114.256254878932, "snap_lat": 30.506784819828329 }, "geometry": { "type": "MultiPoint", "coordinates": [ [ 114.26618, 30.499428 ] ] } },
{ "type": "Feature", "properties": { "id": "6478472600903868394", "name": "应城市菲瑞诺化工有限公司", "type": "其他", "city": "应城市", "lyyj": "长江干流流域", "lyej": "鄂东南片区", "hsfw": "湖北省杨泗港断面对应汇水范围", "kzdy": "长江（湖北省）控制单元", "id_2": "长江_合并线", "河名": "长江", "级别": 0, "province": "湖北省", "city_2": "黄冈市", "descriptio": "由原始线段合并而成的连续线", "BUFF_DIST": 30.0, "ORIG_FID": 0, "dist_to_river_m": 1457.46, "dist_along_river_m": 228912.98, "snap_lon": 114.256254878932, "snap_lat": 30.506784819828329 }, "geometry": { "type": "MultiPoint", "coordinates": [ [ 114.26618, 30.499428 ] ] } },
{ "type": "Feature", "properties": { "id": "6478472600929034239", "name": "湖北鄂钢嘉华新型建材有限公司", "type": "其他", "city": "鄂城区", "lyyj": "长江干流流域", "lyej": "鄂东南片区", "hsfw": "湖北省燕矶断面对应汇水范围", "kzdy": "长江（湖北省）控制单元", "id_2": "长江_合并线", "河名": "长江", "级别": 0, "province": "湖北省", "city_2": "黄冈市", "descriptio": "由原始线段合并而成的连续线", "BUFF_DIST": 30.0, "ORIG_FID": 0, "dist_to_river_m": 4922.47, "dist_along_river_m": 100113.98, "snap_lon": 114.8770355, "snap_lat": 30.41985714 }, "geometry": { "type": "MultiPoint", "coordinates": [ [ 114.85969, 30.384775 ] ] } },
{ "type": "Feature", "properties": { "id": "6478472600996143082", "name": "湖北瑞博模具科技有限公司", "type": "其他", "city": "大冶市", "lyyj": "长江干流流域", "lyej": "鄂东南片区", "hsfw": "湖北省白浒山断面对应汇水范围", "kzdy": "长江（湖北省）控制单元", "id_2": "长江_合并线", "河名": "长江", "级别": 0, "province": "湖北省", "city_2": "黄冈市", "descriptio": "由原始线段合并而成的连续线", "BUFF_DIST": 30.0, "ORIG_FID": 0, "dist_to_river_m": 6349.13, "dist_along_river_m": 218236.65, "snap_lon": 114.30068691, "snap_lat": 30.57845409 }, "geometry": { "type": "MultiPoint", "coordinates": [ [ 114.34844, 30.5516 ] ] } },
{ "type": "Feature", "properties": { "id": "6478472601000337385", "name": "黄石广合精密电路有限公司", "type": "其他", "city": "经济开发区", "lyyj": "长江干流流域", "lyej": "鄂东南片区", "hsfw": "湖北省大冶湖闸断面对应汇水范围", "kzdy": "长江（湖北省）控制单元", "id_2": "长江_合并线", "河名": "长江", "级别": 0, "province": "湖北省", "city_2": "黄冈市", "descriptio": "由原始线段合并而成的连续线", "BUFF_DIST": 30.0, "ORIG_FID": 0, "dist_to_river_m": 6449.1, "dist_along_river_m": 47312.19, "snap_lon": 115.13182853, "snap_lat": 30.21085252 }, "geometry": { "type": "MultiPoint", "coordinates": [ [ 115.12132, 30.161606 ] ] } },
{ "type": "Feature", "properties": { "id": "6478472601000337391", "name": "大冶有色金属有限责任公司冶炼厂", "type": "其他", "city": "下陆区", "lyyj": "长江干流流域", "lyej": "鄂东南片区", "hsfw": "湖北省大冶湖闸断面对应汇水范围", "kzdy": "长江（湖北省）控制单元", "id_2": "长江_合并线", "河名": "长江", "级别": 0, "province": "湖北省", "city_2": "黄冈市", "descriptio": "由原始线段合并而成的连续线", "BUFF_DIST": 30.0, "ORIG_FID": 0, "dist_to_river_m": 13306.16, "dist_along_river_m": 51903.92, "snap_lon": 115.09331805000001, "snap_lat": 30.2212825 }, "geometry": { "type": "MultiPoint", "coordinates": [ [ 115.01557, 30.1428 ] ] } },
{ "type": "Feature", "properties": { "id": "6478472601000337392", "name": "和润工矿（黄石）医院管理有限责任公司", "type": "其他", "city": "西塞山区", "lyyj": "长江干流流域", "lyej": "鄂东五河片区", "hsfw": "湖北省兰溪大桥断面对应汇水范围", "kzdy": "浠水（湖北省）控制单元", "id_2": "长江_合并线", "河名": "长江", "级别": 0, "province": "湖北省", "city_2": "黄冈市", "descriptio": "由原始线段合并而成的连续线", "BUFF_DIST": 30.0, "ORIG_FID": 0, "dist_to_river_m": 5227.17, "dist_along_river_m": 69817.28, "snap_lon": 115.11087961000001, "snap_lat": 30.3435419 }, "geometry": { "type": "MultiPoint", "coordinates": [ [ 115.157778, 30.345556 ] ] } },
{ "type": "Feature", "properties": { "id": "6478472601017114611", "name": "华中科技大学同济医学院附属同济医院中法新城院区", "type": "其他", "city": "蔡甸区", "lyyj": "长江干流流域", "lyej": "鄂东南片区", "hsfw": "湖北省白浒山断面对应汇水范围", "kzdy": "长江（湖北省）控制单元", "id_2": "长江_合并线", "河名": "长江", "级别": 0, "province": "湖北省", "city_2": "黄冈市", "descriptio": "由原始线段合并而成的连续线", "BUFF_DIST": 30.0, "ORIG_FID": 0, "dist_to_river_m": 16725.49, "dist_along_river_m": 169832.98, "snap_lon": 114.58632557, "snap_lat": 30.57541662 }, "geometry": { "type": "MultiPoint", "coordinates": [ [ 114.47033, 30.493164 ] ] } },
{ "type": "Feature", "properties": { "id": "6478472601017114618", "name": "湖北捷顺成科技有限公司", "type": "其他", "city": "经开区", "lyyj": "汉江流域", "lyej": "汉江下游片区", "hsfw": "湖北省杨泗港断面对应汇水范围", "kzdy": "长江（湖北省）控制单元", "id_2": "长江_合并线", "河名": "长江", "级别": 0, "province": "湖北省", "city_2": "黄冈市", "descriptio": "由原始线段合并而成的连续线", "BUFF_DIST": 30.0, "ORIG_FID": 0, "dist_to_river_m": 8157.59, "dist_along_river_m": 250583.76, "snap_lon": 114.14192604, "snap_lat": 30.37504615 }, "geometry": { "type": "MultiPoint", "coordinates": [ [ 114.086525, 30.41642 ] ] } },
{ "type": "Feature", "properties": { "id": "6478472601017114624", "name": "武汉倍沃得热力技术集团有限公司", "type": "其他", "city": "经开区", "lyyj": "汉江流域", "lyej": "汉江下游片区", "hsfw": "湖北省杨泗港断面对应汇水范围", "kzdy": "长江（湖北省）控制单元", "id_2": "长江_合并线", "河名": "长江", "级别": 0, "province": "湖北省", "city_2": "黄冈市", "descriptio": "由原始线段合并而成的连续线", "BUFF_DIST": 30.0, "ORIG_FID": 0, "dist_to_river_m": 12748.08, "dist_along_river_m": 241498.32, "snap_lon": 114.18284751999998, "snap_lat": 30.43461219 }, "geometry": { "type": "MultiPoint", "coordinates": [ [ 114.08177, 30.481014 ] ] } },
{ "type": "Feature", "properties": { "id": "6478472601021308923", "name": "武汉汉氏资源循环利用有限公司", "type": "其他", "city": "经开区", "lyyj": "汉江流域", "lyej": "汉江下游片区", "hsfw": "湖北省杨泗港断面对应汇水范围", "kzdy": "长江（湖北省）控制单元", "id_2": "长江_合并线", "河名": "长江", "级别": 0, "province": "湖北省", "city_2": "黄冈市", "descriptio": "由原始线段合并而成的连续线", "BUFF_DIST": 30.0, "ORIG_FID": 0, "dist_to_river_m": 5644.5, "dist_along_river_m": 238808.74, "snap_lon": 114.19859468, "snap_lat": 30.449991 }, "geometry": { "type": "MultiPoint", "coordinates": [ [ 114.16285, 30.480989 ] ] } },
{ "type": "Feature", "properties": { "id": "6478472601025503220", "name": "东风本田汽车有限公司第二工厂", "type": "其他", "city": "经开区", "lyyj": "长江干流流域", "lyej": "鄂东南片区", "hsfw": "湖北省白浒山断面对应汇水范围", "kzdy": "长江（湖北省）控制单元", "id_2": "长江_合并线", "河名": "长江", "级别": 0, "province": "湖北省", "city_2": "黄冈市", "descriptio": "由原始线段合并而成的连续线", "BUFF_DIST": 30.0, "ORIG_FID": 0, "dist_to_river_m": 6349.13, "dist_along_river_m": 218236.65, "snap_lon": 114.30068691, "snap_lat": 30.57845409 }, "geometry": { "type": "MultiPoint", "coordinates": [ [ 114.34844, 30.5516 ] ] } },
{ "type": "Feature", "properties": { "id": "6478472601033891823", "name": "武汉富拉司特汽车零部件有限公司", "type": "其他", "city": "东西湖区", "lyyj": "长江干流流域", "lyej": "府澴河片区", "hsfw": "湖北省朱家河口断面对应汇水范围", "kzdy": "涢水（湖北省）控制单元", "id_2": "长江_合并线", "河名": "长江", "级别": 0, "province": "湖北省", "city_2": "黄冈市", "descriptio": "由原始线段合并而成的连续线", "BUFF_DIST": 30.0, "ORIG_FID": 0, "dist_to_river_m": 20361.61, "dist_along_river_m": 215257.22, "snap_lon": 114.31470795, "snap_lat": 30.59781395 }, "geometry": { "type": "MultiPoint", "coordinates": [ [ 114.158325, 30.679443 ] ] } },
{ "type": "Feature", "properties": { "id": "6478472942030806988", "name": "嘉施利（宜城）化肥有限公司", "type": "其他", "city": "宜城市", "lyyj": "长江干流流域", "lyej": "鄂东南片区", "hsfw": "湖北省白浒山断面对应汇水范围", "kzdy": "长江（湖北省）控制单元", "id_2": "长江_合并线", "河名": "长江", "级别": 0, "province": "湖北省", "city_2": "黄冈市", "descriptio": "由原始线段合并而成的连续线", "BUFF_DIST": 30.0, "ORIG_FID": 0, "dist_to_river_m": 1266.15, "dist_along_river_m": 216991.53, "snap_lon": 114.30670105, "snap_lat": 30.58646976 }, "geometry": { "type": "MultiPoint", "coordinates": [ [ 114.3162, 30.581084 ] ] } },
{ "type": "Feature", "properties": { "id": "6478472942055972805", "name": "湖北超音速电子有限公司", "type": "其他", "city": "葛店开发区", "lyyj": "长江干流流域", "lyej": "鄂东南片区", "hsfw": "湖北省燕矶断面对应汇水范围", "kzdy": "长江（湖北省）控制单元", "id_2": "长江_合并线", "河名": "长江", "级别": 0, "province": "湖北省", "city_2": "黄冈市", "descriptio": "由原始线段合并而成的连续线", "BUFF_DIST": 30.0, "ORIG_FID": 0, "dist_to_river_m": 3011.75, "dist_along_river_m": 158586.13, "snap_lon": 114.67753025, "snap_lat": 30.57534381 }, "geometry": { "type": "MultiPoint", "coordinates": [ [ 114.68107, 30.552248 ] ] } },
{ "type": "Feature", "properties": { "id": "6478472942055972818", "name": "湖北康源药业有限公司", "type": "其他", "city": "葛店开发区", "lyyj": "长江干流流域", "lyej": "鄂东南片区", "hsfw": "湖北省燕矶断面对应汇水范围", "kzdy": "长江（湖北省）控制单元", "id_2": "长江_合并线", "河名": "长江", "级别": 0, "province": "湖北省", "city_2": "黄冈市", "descriptio": "由原始线段合并而成的连续线", "BUFF_DIST": 30.0, "ORIG_FID": 0, "dist_to_river_m": 4804.86, "dist_along_river_m": 159896.93, "snap_lon": 114.66626572000001, "snap_lat": 30.57291431000001 }, "geometry": { "type": "MultiPoint", "coordinates": [ [ 114.678604, 30.537296 ] ] } },
{ "type": "Feature", "properties": { "id": "6478472942093721497", "name": "老河口新景科技有限责任公司", "type": "其他", "city": "老河口市", "lyyj": "长江干流流域", "lyej": "鄂东南片区", "hsfw": "湖北省西梁子湖湖心（南北嘴）/牛山湖湖心/西梁子湖湖北/西梁子湖湖南断面对应汇水范围", "kzdy": "梁子湖（湖北省）控制单元", "id_2": "长江_合并线", "河名": "长江", "级别": 0, "province": "湖北省", "city_2": "黄冈市", "descriptio": "由原始线段合并而成的连续线", "BUFF_DIST": 30.0, "ORIG_FID": 0, "dist_to_river_m": 12699.89, "dist_along_river_m": 168113.88, "snap_lon": 114.59730487, "snap_lat": 30.56656008 }, "geometry": { "type": "MultiPoint", "coordinates": [ [ 114.542274, 30.480474 ] ] } },
{ "type": "Feature", "properties": { "id": "6478472942110498802", "name": "武汉瑞晟药业有限公司", "type": "其他", "city": "葛店开发区", "lyyj": "长江干流流域", "lyej": "鄂东南片区", "hsfw": "湖北省燕矶断面对应汇水范围", "kzdy": "长江（湖北省）控制单元", "id_2": "长江_合并线", "河名": "长江", "级别": 0, "province": "湖北省", "city_2": "黄冈市", "descriptio": "由原始线段合并而成的连续线", "BUFF_DIST": 30.0, "ORIG_FID": 0, "dist_to_river_m": 6629.56, "dist_along_river_m": 160959.84, "snap_lon": 114.65724115999997, "snap_lat": 30.57050469 }, "geometry": { "type": "MultiPoint", "coordinates": [ [ 114.67727, 30.522203 ] ] } },
{ "type": "Feature", "properties": { "id": "6478472942114693091", "name": "湖北能源集团鄂州发电有限公司", "type": "其他", "city": "葛店开发区", "lyyj": "长江干流流域", "lyej": "鄂东南片区", "hsfw": "湖北省燕矶断面对应汇水范围", "kzdy": "长江（湖北省）控制单元", "id_2": "长江_合并线", "河名": "长江", "级别": 0, "province": "湖北省", "city_2": "黄冈市", "descriptio": "由原始线段合并而成的连续线", "BUFF_DIST": 30.0, "ORIG_FID": 0, "dist_to_river_m": 3958.04, "dist_along_river_m": 160106.2, "snap_lon": 114.66448776, "snap_lat": 30.57243951 }, "geometry": { "type": "MultiPoint", "coordinates": [ [ 114.67564, 30.543367 ] ] } },
{ "type": "Feature", "properties": { "id": "6478472942118887398", "name": "湖北世纪新峰雷山水泥有限公司", "type": "水泥", "city": "鄂城区", "lyyj": "长江干流流域", "lyej": "鄂东南片区", "hsfw": "湖北省樊口断面对应汇水范围", "kzdy": "梁子湖（湖北省）控制单元", "id_2": "长江_合并线", "河名": "长江", "级别": 0, "province": "湖北省", "city_2": "黄冈市", "descriptio": "由原始线段合并而成的连续线", "BUFF_DIST": 30.0, "ORIG_FID": 0, "dist_to_river_m": 20265.48, "dist_along_river_m": 97049.79, "snap_lon": 114.90346959, "snap_lat": 30.41395861 }, "geometry": { "type": "MultiPoint", "coordinates": [ [ 114.8644, 30.2605 ] ] } },
{ "type": "Feature", "properties": { "id": "6478472942244716480", "name": "南漳龙蟒磷制品有限责任公司", "type": "其他", "city": "南漳县", "lyyj": "长江干流流域", "lyej": "鄂东南片区", "hsfw": "湖北省白浒山断面对应汇水范围", "kzdy": "长江（湖北省）控制单元", "id_2": "长江_合并线", "河名": "长江", "级别": 0, "province": "湖北省", "city_2": "黄冈市", "descriptio": "由原始线段合并而成的连续线", "BUFF_DIST": 30.0, "ORIG_FID": 0, "dist_to_river_m": 6349.13, "dist_along_river_m": 218236.65, "snap_lon": 114.30068691, "snap_lat": 30.57845409 }, "geometry": { "type": "MultiPoint", "coordinates": [ [ 114.34844, 30.5516 ] ] } },
{ "type": "Feature", "properties": { "id": "6478472942248910801", "name": "英博金龙泉啤酒（湖北）有限公司", "type": "其他", "city": "东宝区", "lyyj": "长江干流流域", "lyej": "府澴河片区", "hsfw": "湖北省白浒山断面对应汇水范围", "kzdy": "长江（湖北省）控制单元", "id_2": "长江_合并线", "河名": "长江", "级别": 0, "province": "湖北省", "city_2": "黄冈市", "descriptio": "由原始线段合并而成的连续线", "BUFF_DIST": 30.0, "ORIG_FID": 0, "dist_to_river_m": 384.8, "dist_along_river_m": 216730.71, "snap_lon": 114.30788615, "snap_lat": 30.5881915 }, "geometry": { "type": "MultiPoint", "coordinates": [ [ 114.30515, 30.59001 ] ] } },
{ "type": "Feature", "properties": { "id": "6478472942320213964", "name": "咸宁创业水务有限公司", "type": "其他", "city": "咸安区", "lyyj": "长江干流流域", "lyej": "鄂东南片区", "hsfw": "湖北省咸宁湖心断面对应汇水范围", "kzdy": "斧头湖（湖北省）控制单元", "id_2": "长江_合并线", "河名": "长江", "级别": 0, "province": "湖北省", "city_2": "黄冈市", "descriptio": "由原始线段合并而成的连续线", "BUFF_DIST": 30.0, "ORIG_FID": 0, "dist_to_river_m": 28364.76, "dist_along_river_m": 343338.42, "snap_lon": 114.071324, "snap_lat": 30.08836224 }, "geometry": { "type": "MultiPoint", "coordinates": [ [ 114.219376, 29.908764 ] ] } },
{ "type": "Feature", "properties": { "id": "6478472942462820261", "name": "黄冈市恒兴源化工股份有限公司", "type": "其他", "city": "团风县", "lyyj": "长江干流流域", "lyej": "鄂东五河片区", "hsfw": "湖北省燕矶断面对应汇水范围", "kzdy": "长江（湖北省）控制单元", "id_2": "长江_合并线", "河名": "长江", "级别": 0, "province": "湖北省", "city_2": "黄冈市", "descriptio": "由原始线段合并而成的连续线", "BUFF_DIST": 30.0, "ORIG_FID": 0, "dist_to_river_m": 3717.45, "dist_along_river_m": 135614.82, "snap_lon": 114.86093523, "snap_lat": 30.62935647 }, "geometry": { "type": "MultiPoint", "coordinates": [ [ 114.880108, 30.652881 ] ] } },
{ "type": "Feature", "properties": { "id": "6478472942508957655", "name": "蕲春县人民医院", "type": "其他", "city": "蕲春县", "lyyj": "长江干流流域", "lyej": "鄂东五河片区", "hsfw": "湖北省中官铺断面对应汇水范围", "kzdy": "长江（湖北省）控制单元", "id_2": "长江_合并线", "河名": "长江", "级别": 0, "province": "湖北省", "city_2": "黄冈市", "descriptio": "由原始线段合并而成的连续线", "BUFF_DIST": 30.0, "ORIG_FID": 0, "dist_to_river_m": 18920.33, "dist_along_river_m": 24289.08, "snap_lon": 115.28807883, "snap_lat": 30.12928378 }, "geometry": { "type": "MultiPoint", "coordinates": [ [ 115.428369, 30.212236 ] ] } },
{ "type": "Feature", "properties": { "id": "6478472942521540544", "name": "湖北傲鑫化工有限公司", "type": "其他", "city": "黄州区", "lyyj": "长江干流流域", "lyej": "鄂东五河片区", "hsfw": "湖北省巴河镇河口断面对应汇水范围", "kzdy": "巴河（湖北省）控制单元", "id_2": "长江_合并线", "河名": "长江", "级别": 0, "province": "湖北省", "city_2": "黄冈市", "descriptio": "由原始线段合并而成的连续线", "BUFF_DIST": 30.0, "ORIG_FID": 0, "dist_to_river_m": 13465.77, "dist_along_river_m": 130089.12, "snap_lon": 114.88872126, "snap_lat": 30.59664958 }, "geometry": { "type": "MultiPoint", "coordinates": [ [ 115.006169, 30.57172 ] ] } },
{ "type": "Feature", "properties": { "id": "6478472942609620976", "name": "武汉瑞亿汽车零部件有限公司", "type": "其他", "city": "江夏区", "lyyj": "长江干流流域", "lyej": "鄂东南片区", "hsfw": "湖北省杨泗港断面对应汇水范围", "kzdy": "长江（湖北省）控制单元", "id_2": "长江_合并线", "河名": "长江", "级别": 0, "province": "湖北省", "city_2": "黄冈市", "descriptio": "由原始线段合并而成的连续线", "BUFF_DIST": 30.0, "ORIG_FID": 0, "dist_to_river_m": 9818.23, "dist_along_river_m": 236818.42, "snap_lon": 114.21328626999998, "snap_lat": 30.4584887 }, "geometry": { "type": "MultiPoint", "coordinates": [ [ 114.273254, 30.402723 ] ] } },
{ "type": "Feature", "properties": { "id": "6478472942630592485", "name": "长江存储科技有限责任公司", "type": "其他", "city": "东湖高新开发区", "lyyj": "长江干流流域", "lyej": "鄂东南片区", "hsfw": "湖北省白浒山断面对应汇水范围", "kzdy": "长江（湖北省）控制单元", "id_2": "长江_合并线", "河名": "长江", "级别": 0, "province": "湖北省", "city_2": "黄冈市", "descriptio": "由原始线段合并而成的连续线", "BUFF_DIST": 30.0, "ORIG_FID": 0, "dist_to_river_m": 6349.13, "dist_along_river_m": 218236.65, "snap_lon": 114.30068691, "snap_lat": 30.57845409 }, "geometry": { "type": "MultiPoint", "coordinates": [ [ 114.34844, 30.5516 ] ] } },
{ "type": "Feature", "properties": { "id": "6478472942651564007", "name": "武汉临空港经济技术开发区环保科技有限公司金银湖污水处理厂", "type": "其他", "city": "东西湖区", "lyyj": "长江干流流域", "lyej": "府澴河片区", "hsfw": "湖北省朱家河口断面对应汇水范围", "kzdy": "涢水（湖北省）控制单元", "id_2": "长江_合并线", "河名": "长江", "级别": 0, "province": "湖北省", "city_2": "黄冈市", "descriptio": "由原始线段合并而成的连续线", "BUFF_DIST": 30.0, "ORIG_FID": 0, "dist_to_river_m": 21423.88, "dist_along_river_m": 212565.3, "snap_lon": 114.32748411, "snap_lat": 30.61526085 }, "geometry": { "type": "MultiPoint", "coordinates": [ [ 114.165497, 30.704651 ] ] } },
{ "type": "Feature", "properties": { "id": "6478472942689312733", "name": "湖北宇阳药业有限公司", "type": "其他", "city": "应城市", "lyyj": "长江干流流域", "lyej": "鄂东南片区", "hsfw": "湖北省风波港（右岸）断面对应汇水范围", "kzdy": "长江（湖北省）控制单元", "id_2": "长江_合并线", "河名": "长江", "级别": 0, "province": "湖北省", "city_2": "黄冈市", "descriptio": "由原始线段合并而成的连续线", "BUFF_DIST": 30.0, "ORIG_FID": 0, "dist_to_river_m": 10682.69, "dist_along_river_m": 54823.68, "snap_lon": 115.07586663000001, "snap_lat": 30.23776965 }, "geometry": { "type": "MultiPoint", "coordinates": [ [ 114.98551, 30.20984 ] ] } },
{ "type": "Feature", "properties": { "id": "6478472942701895519", "name": "武汉航达航空科技发展有限公司(径河)", "type": null, "city": "东西湖区", "lyyj": "长江干流流域", "lyej": "鄂东南片区", "hsfw": "湖北省白浒山断面对应汇水范围", "kzdy": "长江（湖北省）控制单元", "id_2": "长江_合并线", "河名": "长江", "级别": 0, "province": "湖北省", "city_2": "黄冈市", "descriptio": "由原始线段合并而成的连续线", "BUFF_DIST": 30.0, "ORIG_FID": 0, "dist_to_river_m": 6349.13, "dist_along_river_m": 218236.65, "snap_lon": 114.30068691, "snap_lat": 30.57845409 }, "geometry": { "type": "MultiPoint", "coordinates": [ [ 114.34844, 30.5516 ] ] } },
{ "type": "Feature", "properties": { "id": "6478472942760615837", "name": "武汉市蔡甸区人民医院", "type": "其他", "city": "蔡甸区", "lyyj": "汉江流域", "lyej": "汉江下游片区", "hsfw": "湖北省宗关断面对应汇水范围", "kzdy": "汉江（丹江口下）（湖北省）控制单元", "id_2": "长江_合并线", "河名": "长江", "级别": 0, "province": "湖北省", "city_2": "黄冈市", "descriptio": "由原始线段合并而成的连续线", "BUFF_DIST": 30.0, "ORIG_FID": 0, "dist_to_river_m": 22443.49, "dist_along_river_m": 238886.86, "snap_lon": 114.19810358, "snap_lat": 30.449558949999989 }, "geometry": { "type": "MultiPoint", "coordinates": [ [ 114.050733, 30.568096 ] ] } },
{ "type": "Feature", "properties": { "id": "6478472942773198818", "name": "武汉鑫朗环保有限责任公司", "type": "其他", "city": "经开区", "lyyj": "汉江流域", "lyej": "汉江下游片区", "hsfw": "湖北省杨泗港断面对应汇水范围", "kzdy": "长江（湖北省）控制单元", "id_2": "长江_合并线", "河名": "长江", "级别": 0, "province": "湖北省", "city_2": "黄冈市", "descriptio": "由原始线段合并而成的连续线", "BUFF_DIST": 30.0, "ORIG_FID": 0, "dist_to_river_m": 2454.19, "dist_along_river_m": 235687.27, "snap_lon": 114.21937441, "snap_lat": 30.46544128 }, "geometry": { "type": "MultiPoint", "coordinates": [ [ 114.202519, 30.477689 ] ] } },
{ "type": "Feature", "properties": { "id": "6478472942773198830", "name": "武汉新鸿环境工程有限公司", "type": "其他", "city": "经开区", "lyyj": "汉江流域", "lyej": "汉江下游片区", "hsfw": "湖北省黄陵大桥断面对应汇水范围", "kzdy": "通顺河（湖北省）控制单元", "id_2": "长江_合并线", "河名": "长江", "级别": 0, "province": "湖北省", "city_2": "黄冈市", "descriptio": "由原始线段合并而成的连续线", "BUFF_DIST": 30.0, "ORIG_FID": 0, "dist_to_river_m": 11516.98, "dist_along_river_m": 256217.4, "snap_lon": 114.10804584, "snap_lat": 30.34310402 }, "geometry": { "type": "MultiPoint", "coordinates": [ [ 114.040469, 30.410689 ] ] } },
{ "type": "Feature", "properties": { "id": "6478472942831919016", "name": "武穴市第一人民医院", "type": "其他", "city": "武穴市", "lyyj": "长江干流流域", "lyej": "鄂东五河片区", "hsfw": "湖北省姚港断面对应汇水范围", "kzdy": "长江（湖北省）控制单元", "id_2": "长江_合并线", "河名": "长江", "级别": 0, "province": "湖北省", "city_2": "黄冈市", "descriptio": "由原始线段合并而成的连续线", "BUFF_DIST": 30.0, "ORIG_FID": 0, "dist_to_river_m": 26741.09, "dist_along_river_m": 0.0, "snap_lon": 115.3819062836765, "snap_lat": 29.966159302872203 }, "geometry": { "type": "MultiPoint", "coordinates": [ [ 115.59644, 29.872486 ] ] } },
{ "type": "Feature", "properties": { "id": "6478472942852890585", "name": "武汉汉麻生物科技有限公司", "type": "其他", "city": "嘉鱼县", "lyyj": "长江干流流域", "lyej": "鄂东南片区", "hsfw": "湖北省纱帽断面对应汇水范围", "kzdy": "长江（湖北省）控制单元", "id_2": "长江_合并线", "河名": "长江", "级别": 0, "province": "湖北省", "city_2": "黄冈市", "descriptio": "由原始线段合并而成的连续线", "BUFF_DIST": 30.0, "ORIG_FID": 0, "dist_to_river_m": 8076.08, "dist_along_river_m": 361800.59, "snap_lon": 113.91968430999998, "snap_lat": 30.03504312 }, "geometry": { "type": "MultiPoint", "coordinates": [ [ 113.94557, 29.976353 ] ] } },
{ "type": "Feature", "properties": { "id": "6478472942940970991", "name": "湖北澳佳肥业有限公司", "type": "其他", "city": "钟祥市", "lyyj": "长江干流流域", "lyej": "鄂东南片区", "hsfw": "湖北省白浒山断面对应汇水范围", "kzdy": "长江（湖北省）控制单元", "id_2": "长江_合并线", "河名": "长江", "级别": 0, "province": "湖北省", "city_2": "黄冈市", "descriptio": "由原始线段合并而成的连续线", "BUFF_DIST": 30.0, "ORIG_FID": 0, "dist_to_river_m": 1266.15, "dist_along_river_m": 216991.53, "snap_lon": 114.30670105, "snap_lat": 30.58646976 }, "geometry": { "type": "MultiPoint", "coordinates": [ [ 114.3162, 30.581084 ] ] } },
{ "type": "Feature", "properties": { "id": "6478472942982913978", "name": "武钢日铁(武汉)镀锡板有限公司", "type": null, "city": "青山区", "lyyj": "长江干流流域", "lyej": "鄂东南片区", "hsfw": "湖北省白浒山断面对应汇水范围", "kzdy": "长江（湖北省）控制单元", "id_2": "长江_合并线", "河名": "长江", "级别": 0, "province": "湖北省", "city_2": "黄冈市", "descriptio": "由原始线段合并而成的连续线", "BUFF_DIST": 30.0, "ORIG_FID": 0, "dist_to_river_m": 6349.13, "dist_along_river_m": 218236.65, "snap_lon": 114.30068691, "snap_lat": 30.57845409 }, "geometry": { "type": "MultiPoint", "coordinates": [ [ 114.34844, 30.5516 ] ] } },
{ "type": "Feature", "properties": { "id": "6478472943008079792", "name": "武汉联德化学品有限公司", "type": "其他", "city": "青山区", "lyyj": "长江干流流域", "lyej": "鄂东南片区", "hsfw": "湖北省白浒山断面对应汇水范围", "kzdy": "长江（湖北省）控制单元", "id_2": "长江_合并线", "河名": "长江", "级别": 0, "province": "湖北省", "city_2": "黄冈市", "descriptio": "由原始线段合并而成的连续线", "BUFF_DIST": 30.0, "ORIG_FID": 0, "dist_to_river_m": 5365.99, "dist_along_river_m": 188567.92, "snap_lon": 114.49521108, "snap_lat": 30.685785229999986 }, "geometry": { "type": "MultiPoint", "coordinates": [ [ 114.46779, 30.651686 ] ] } },
{ "type": "Feature", "properties": { "id": "6478472943037439926", "name": "湖北罗锦织造有限公司", "type": "其他", "city": "罗田县", "lyyj": "长江干流流域", "lyej": "鄂东南片区", "hsfw": "湖北省白浒山断面对应汇水范围", "kzdy": "长江（湖北省）控制单元", "id_2": "长江_合并线", "河名": "长江", "级别": 0, "province": "湖北省", "city_2": "黄冈市", "descriptio": "由原始线段合并而成的连续线", "BUFF_DIST": 30.0, "ORIG_FID": 0, "dist_to_river_m": 1266.15, "dist_along_river_m": 216991.53, "snap_lon": 114.30670105, "snap_lat": 30.58646976 }, "geometry": { "type": "MultiPoint", "coordinates": [ [ 114.3162, 30.581084 ] ] } },
{ "type": "Feature", "properties": { "id": "6478472943129714612", "name": "武汉钢铁有限公司", "type": "其他", "city": "青山区", "lyyj": "长江干流流域", "lyej": "鄂东南片区", "hsfw": "湖北省西梁子湖湖心（南北嘴）/牛山湖湖心/西梁子湖湖北/西梁子湖湖南断面对应汇水范围", "kzdy": "梁子湖（湖北省）控制单元", "id_2": "长江_合并线", "河名": "长江", "级别": 0, "province": "湖北省", "city_2": "黄冈市", "descriptio": "由原始线段合并而成的连续线", "BUFF_DIST": 30.0, "ORIG_FID": 0, "dist_to_river_m": 18282.34, "dist_along_river_m": 168542.21, "snap_lon": 114.59402186, "snap_lat": 30.56825069 }, "geometry": { "type": "MultiPoint", "coordinates": [ [ 114.489136, 30.459375 ] ] } },
{ "type": "Feature", "properties": { "id": "6478472943196823434", "name": "迪斯科科技集团（宜昌）有限公司", "type": "其他", "city": "枝江市", "lyyj": "长江干流流域", "lyej": "鄂东南片区", "hsfw": "湖北省白浒山断面对应汇水范围", "kzdy": "长江（湖北省）控制单元", "id_2": "长江_合并线", "河名": "长江", "级别": 0, "province": "湖北省", "city_2": "黄冈市", "descriptio": "由原始线段合并而成的连续线", "BUFF_DIST": 30.0, "ORIG_FID": 0, "dist_to_river_m": 1266.15, "dist_along_river_m": 216991.53, "snap_lon": 114.30670105, "snap_lat": 30.58646976 }, "geometry": { "type": "MultiPoint", "coordinates": [ [ 114.3162, 30.581084 ] ] } },
{ "type": "Feature", "properties": { "id": "6478472943297486774", "name": "武钢资源集团乌龙泉矿业有限公司", "type": "其他", "city": "江夏区", "lyyj": "长江干流流域", "lyej": "鄂东南片区", "hsfw": "湖北省西梁子湖湖心（南北嘴）/牛山湖湖心/西梁子湖湖北/西梁子湖湖南断面对应汇水范围", "kzdy": "梁子湖（湖北省）控制单元", "id_2": "长江_合并线", "河名": "长江", "级别": 0, "province": "湖北省", "city_2": "黄冈市", "descriptio": "由原始线段合并而成的连续线", "BUFF_DIST": 30.0, "ORIG_FID": 0, "dist_to_river_m": 27165.22, "dist_along_river_m": 249182.81, "snap_lon": 114.15030437, "snap_lat": 30.38306445 }, "geometry": { "type": "MultiPoint", "coordinates": [ [ 114.34161, 30.252283 ] ] } },
{ "type": "Feature", "properties": { "id": "6478472943305875456", "name": "东风汽车集团股份有限公司乘用车公司", "type": "其他", "city": "经开区", "lyyj": "汉江流域", "lyej": "汉江下游片区", "hsfw": "湖北省杨泗港断面对应汇水范围", "kzdy": "长江（湖北省）控制单元", "id_2": "长江_合并线", "河名": "长江", "级别": 0, "province": "湖北省", "city_2": "黄冈市", "descriptio": "由原始线段合并而成的连续线", "BUFF_DIST": 30.0, "ORIG_FID": 0, "dist_to_river_m": 6817.63, "dist_along_river_m": 238894.61, "snap_lon": 114.1980569, "snap_lat": 30.44951435 }, "geometry": { "type": "MultiPoint", "coordinates": [ [ 114.15173, 30.484041 ] ] } },
{ "type": "Feature", "properties": { "id": "6478472943511396194", "name": "湖北天源纺织股份有限公司", "type": "其他", "city": "咸安区", "lyyj": "长江干流流域", "lyej": "鄂东南片区", "hsfw": "湖北省咸宁湖心断面对应汇水范围", "kzdy": "斧头湖（湖北省）控制单元", "id_2": "长江_合并线", "河名": "长江", "级别": 0, "province": "湖北省", "city_2": "黄冈市", "descriptio": "由原始线段合并而成的连续线", "BUFF_DIST": 30.0, "ORIG_FID": 0, "dist_to_river_m": 28364.76, "dist_along_river_m": 343338.42, "snap_lon": 114.071324, "snap_lat": 30.08836224 }, "geometry": { "type": "MultiPoint", "coordinates": [ [ 114.219376, 29.908764 ] ] } },
{ "type": "Feature", "properties": { "id": "6478472943549145056", "name": "鄂州富晶电子技术有限公司", "type": "其他", "city": "华容区", "lyyj": "长江干流流域", "lyej": "鄂东南片区", "hsfw": "湖北省燕矶断面对应汇水范围", "kzdy": "长江（湖北省）控制单元", "id_2": "长江_合并线", "河名": "长江", "级别": 0, "province": "湖北省", "city_2": "黄冈市", "descriptio": "由原始线段合并而成的连续线", "BUFF_DIST": 30.0, "ORIG_FID": 0, "dist_to_river_m": 4670.62, "dist_along_river_m": 157605.66, "snap_lon": 114.68612801000002, "snap_lat": 30.57640067 }, "geometry": { "type": "MultiPoint", "coordinates": [ [ 114.693891, 30.540895 ] ] } },
{ "type": "Feature", "properties": { "id": "6478472943591088086", "name": "湖北友联碳素有限公司", "type": "其他", "city": "阳新县", "lyyj": "长江干流流域", "lyej": "富水片区", "hsfw": "湖北省中官铺断面对应汇水范围", "kzdy": "长江（湖北省）控制单元", "id_2": "长江_合并线", "河名": "长江", "级别": 0, "province": "湖北省", "city_2": "黄冈市", "descriptio": "由原始线段合并而成的连续线", "BUFF_DIST": 30.0, "ORIG_FID": 0, "dist_to_river_m": 7290.4, "dist_along_river_m": 0.0, "snap_lon": 115.3819062836765, "snap_lat": 29.966159302872203 }, "geometry": { "type": "MultiPoint", "coordinates": [ [ 115.35868, 29.913097 ] ] } },
{ "type": "Feature", "properties": { "id": "6478472943670779904", "name": "武汉诚盛非金属饰件有限公司", "type": "其他", "city": "经开区", "lyyj": "汉江流域", "lyej": "汉江下游片区", "hsfw": "湖北省杨泗港断面对应汇水范围", "kzdy": "长江（湖北省）控制单元", "id_2": "长江_合并线", "河名": "长江", "级别": 0, "province": "湖北省", "city_2": "黄冈市", "descriptio": "由原始线段合并而成的连续线", "BUFF_DIST": 30.0, "ORIG_FID": 0, "dist_to_river_m": 2916.82, "dist_along_river_m": 238496.53, "snap_lon": 114.20063811, "snap_lat": 30.45164493 }, "geometry": { "type": "MultiPoint", "coordinates": [ [ 114.183752, 30.468915 ] ] } },
{ "type": "Feature", "properties": { "id": "6478472943716917141", "name": "黄石永兴隆电子有限公司", "type": "其他", "city": "经济开发区", "lyyj": "长江干流流域", "lyej": "鄂东南片区", "hsfw": "湖北省风波港（右岸）断面对应汇水范围", "kzdy": "长江（湖北省）控制单元", "id_2": "长江_合并线", "河名": "长江", "级别": 0, "province": "湖北省", "city_2": "黄冈市", "descriptio": "由原始线段合并而成的连续线", "BUFF_DIST": 30.0, "ORIG_FID": 0, "dist_to_river_m": 5236.02, "dist_along_river_m": 53631.72, "snap_lon": 115.08233809166958, "snap_lat": 30.230512737248297 }, "geometry": { "type": "MultiPoint", "coordinates": [ [ 115.04553, 30.205208 ] ] } },
{ "type": "Feature", "properties": { "id": "6478472943716917163", "name": "宜昌富艺制衣有限公司", "type": "其他", "city": "伍家岗区", "lyyj": "长江干流流域", "lyej": "鄂东南片区", "hsfw": "湖北省白浒山断面对应汇水范围", "kzdy": "长江（湖北省）控制单元", "id_2": "长江_合并线", "河名": "长江", "级别": 0, "province": "湖北省", "city_2": "黄冈市", "descriptio": "由原始线段合并而成的连续线", "BUFF_DIST": 30.0, "ORIG_FID": 0, "dist_to_river_m": 5219.87, "dist_along_river_m": 215480.29, "snap_lon": 114.31374721, "snap_lat": 30.59631213 }, "geometry": { "type": "MultiPoint", "coordinates": [ [ 114.354309, 30.576059 ] ] } },
{ "type": "Feature", "properties": { "id": "6478472943725305814", "name": "枝江市富成化工有限责任公司", "type": "其他", "city": "枝江市", "lyyj": "长江干流流域", "lyej": "鄂东南片区", "hsfw": "湖北省白浒山断面对应汇水范围", "kzdy": "长江（湖北省）控制单元", "id_2": "长江_合并线", "河名": "长江", "级别": 0, "province": "湖北省", "city_2": "黄冈市", "descriptio": "由原始线段合并而成的连续线", "BUFF_DIST": 30.0, "ORIG_FID": 0, "dist_to_river_m": 1266.15, "dist_along_river_m": 216991.53, "snap_lon": 114.30670105, "snap_lat": 30.58646976 }, "geometry": { "type": "MultiPoint", "coordinates": [ [ 114.3162, 30.581084 ] ] } },
{ "type": "Feature", "properties": { "id": "6478472943742082995", "name": "美的集团武汉制冷设备有限公司", "type": "其他", "city": "经开区", "lyyj": "汉江流域", "lyej": "汉江下游片区", "hsfw": "湖北省杨泗港断面对应汇水范围", "kzdy": "长江（湖北省）控制单元", "id_2": "长江_合并线", "河名": "长江", "级别": 0, "province": "湖北省", "city_2": "黄冈市", "descriptio": "由原始线段合并而成的连续线", "BUFF_DIST": 30.0, "ORIG_FID": 0, "dist_to_river_m": 6817.63, "dist_along_river_m": 238894.61, "snap_lon": 114.1980569, "snap_lat": 30.44951435 }, "geometry": { "type": "MultiPoint", "coordinates": [ [ 114.15173, 30.484041 ] ] } },
{ "type": "Feature", "properties": { "id": "6478472943817580543", "name": "黄石凯迪水务有限公司", "type": "其他", "city": "西塞山区", "lyyj": "长江干流流域", "lyej": "鄂东南片区", "hsfw": "湖北省风波港（右岸）断面对应汇水范围", "kzdy": "长江（湖北省）控制单元", "id_2": "长江_合并线", "河名": "长江", "级别": 0, "province": "湖北省", "city_2": "黄冈市", "descriptio": "由原始线段合并而成的连续线", "BUFF_DIST": 30.0, "ORIG_FID": 0, "dist_to_river_m": 1844.06, "dist_along_river_m": 51887.37, "snap_lon": 115.09343482, "snap_lat": 30.22120303000001 }, "geometry": { "type": "MultiPoint", "coordinates": [ [ 115.083519, 30.209736 ] ] } },
{ "type": "Feature", "properties": { "id": "6478472943855329192", "name": "蒙牛乳制品武汉有限责任公司", "type": "其他", "city": "东西湖区", "lyyj": "长江干流流域", "lyej": "府澴河片区", "hsfw": "湖北省朱家河口断面对应汇水范围", "kzdy": "涢水（湖北省）控制单元", "id_2": "长江_合并线", "河名": "长江", "级别": 0, "province": "湖北省", "city_2": "黄冈市", "descriptio": "由原始线段合并而成的连续线", "BUFF_DIST": 30.0, "ORIG_FID": 0, "dist_to_river_m": 21735.02, "dist_along_river_m": 213931.94, "snap_lon": 114.32089824999998, "snap_lat": 30.60645561 }, "geometry": { "type": "MultiPoint", "coordinates": [ [ 114.1548, 30.69475 ] ] } },
{ "type": "Feature", "properties": { "id": "6478472943939215354", "name": "湖北祥云（集团）化工股份有限公司", "type": "其他", "city": "武穴市", "lyyj": "长江干流流域", "lyej": "鄂东五河片区", "hsfw": "湖北省姚港断面对应汇水范围", "kzdy": "长江（湖北省）控制单元", "id_2": "长江_合并线", "河名": "长江", "级别": 0, "province": "湖北省", "city_2": "黄冈市", "descriptio": "由原始线段合并而成的连续线", "BUFF_DIST": 30.0, "ORIG_FID": 0, "dist_to_river_m": 25439.76, "dist_along_river_m": 0.0, "snap_lon": 115.3819062836765, "snap_lat": 29.966159302872203 }, "geometry": { "type": "MultiPoint", "coordinates": [ [ 115.56739, 29.850441 ] ] } },
{ "type": "Feature", "properties": { "id": "6478472943943409664", "name": "湖北大展钢铁有限公司", "type": "其他", "city": "云梦县", "lyyj": "长江干流流域", "lyej": "府澴河片区", "hsfw": "湖北省白浒山断面对应汇水范围", "kzdy": "长江（湖北省）控制单元", "id_2": "长江_合并线", "河名": "长江", "级别": 0, "province": "湖北省", "city_2": "黄冈市", "descriptio": "由原始线段合并而成的连续线", "BUFF_DIST": 30.0, "ORIG_FID": 0, "dist_to_river_m": 1845.36, "dist_along_river_m": 216510.72, "snap_lon": 114.30890107, "snap_lat": 30.58962581 }, "geometry": { "type": "MultiPoint", "coordinates": [ [ 114.294976, 30.597368 ] ] } },
{ "type": "Feature", "properties": { "id": "6478472943972769745", "name": "赤壁创业水务有限公司", "type": "其他", "city": "赤壁市", "lyyj": "长江干流流域", "lyej": "鄂东南片区", "hsfw": "湖北省黄龙镇断面对应汇水范围", "kzdy": "陆水（湖北省）控制单元", "id_2": "长江_合并线", "河名": "长江", "级别": 0, "province": "湖北省", "city_2": "黄冈市", "descriptio": "由原始线段合并而成的连续线", "BUFF_DIST": 30.0, "ORIG_FID": 0, "dist_to_river_m": 24809.37, "dist_along_river_m": 381908.86, "snap_lon": 113.79947042, "snap_lat": 29.9260646 }, "geometry": { "type": "MultiPoint", "coordinates": [ [ 113.86, 29.74 ] ] } },
{ "type": "Feature", "properties": { "id": "6478472944161513472", "name": "黄石利达纺织印染有限公司", "type": "印染", "city": "大冶市", "lyyj": "长江干流流域", "lyej": "鄂东南片区", "hsfw": "湖北省白浒山断面对应汇水范围", "kzdy": "长江（湖北省）控制单元", "id_2": "长江_合并线", "河名": "长江", "级别": 0, "province": "湖北省", "city_2": "黄冈市", "descriptio": "由原始线段合并而成的连续线", "BUFF_DIST": 30.0, "ORIG_FID": 0, "dist_to_river_m": 6349.13, "dist_along_river_m": 218236.65, "snap_lon": 114.30068691, "snap_lat": 30.57845409 }, "geometry": { "type": "MultiPoint", "coordinates": [ [ 114.34844, 30.5516 ] ] } },
{ "type": "Feature", "properties": { "id": "3553999926591523002", "name": "江汉大学附属医院（武汉市第六医院）", "type": null, "city": "江岸区", "lyyj": "长江干流流域", "lyej": "府澴河片区", "hsfw": "湖北省白浒山断面对应汇水范围", "kzdy": "长江（湖北省）控制单元", "id_2": "长江_合并线", "河名": "长江", "级别": 0, "province": "湖北省", "city_2": "黄冈市", "descriptio": "由原始线段合并而成的连续线", "BUFF_DIST": 30.0, "ORIG_FID": 0, "dist_to_river_m": 2479.53, "dist_along_river_m": 216510.72, "snap_lon": 114.30890107, "snap_lat": 30.58962581 }, "geometry": { "type": "MultiPoint", "coordinates": [ [ 114.290032, 30.599814 ] ] } },
{ "type": "Feature", "properties": { "id": "3554000110239123642", "name": "武汉市中心医院", "type": "其他", "city": "江岸区", "lyyj": "长江干流流域", "lyej": "鄂东南片区", "hsfw": "湖北省白浒山断面对应汇水范围", "kzdy": "长江（湖北省）控制单元", "id_2": "长江_合并线", "河名": "长江", "级别": 0, "province": "湖北省", "city_2": "黄冈市", "descriptio": "由原始线段合并而成的连续线", "BUFF_DIST": 30.0, "ORIG_FID": 0, "dist_to_river_m": 6864.59, "dist_along_river_m": 209735.31, "snap_lon": 114.341673, "snap_lat": 30.63315714 }, "geometry": { "type": "MultiPoint", "coordinates": [ [ 114.39239, 30.60297 ] ] } },
{ "type": "Feature", "properties": { "id": "3565030493617424608", "name": "武汉凌达压缩机有限公司", "type": "其他", "city": "经开区", "lyyj": "长江干流流域", "lyej": "鄂东南片区", "hsfw": "湖北省白浒山断面对应汇水范围", "kzdy": "长江（湖北省）控制单元", "id_2": "长江_合并线", "河名": "长江", "级别": 0, "province": "湖北省", "city_2": "黄冈市", "descriptio": "由原始线段合并而成的连续线", "BUFF_DIST": 30.0, "ORIG_FID": 0, "dist_to_river_m": 1266.15, "dist_along_river_m": 216991.53, "snap_lon": 114.30670105, "snap_lat": 30.58646976 }, "geometry": { "type": "MultiPoint", "coordinates": [ [ 114.3162, 30.581084 ] ] } },
{ "type": "Feature", "properties": { "id": "3589296289866583551", "name": "武汉儿童医院西院暨武汉经济技术开发区（汉南区）妇幼保健院", "type": "其他", "city": "经开区", "lyyj": "长江干流流域", "lyej": "府澴河片区", "hsfw": "湖北省白浒山断面对应汇水范围", "kzdy": "长江（湖北省）控制单元", "id_2": "长江_合并线", "河名": "长江", "级别": 0, "province": "湖北省", "city_2": "黄冈市", "descriptio": "由原始线段合并而成的连续线", "BUFF_DIST": 30.0, "ORIG_FID": 0, "dist_to_river_m": 2937.36, "dist_along_river_m": 216224.52, "snap_lon": 114.31020755, "snap_lat": 30.59149832 }, "geometry": { "type": "MultiPoint", "coordinates": [ [ 114.288015, 30.603785 ] ] } },
{ "type": "Feature", "properties": { "id": "3591521967863238123", "name": "博迪恩精密制造（湖北）有限公司", "type": null, "city": "西塞山区", "lyyj": "长江干流流域", "lyej": "鄂东南片区", "hsfw": "湖北省中官铺断面对应汇水范围", "kzdy": "长江（湖北省）控制单元", "id_2": "长江_合并线", "河名": "长江", "级别": 0, "province": "湖北省", "city_2": "黄冈市", "descriptio": "由原始线段合并而成的连续线", "BUFF_DIST": 30.0, "ORIG_FID": 0, "dist_to_river_m": 2634.79, "dist_along_river_m": 32888.26, "snap_lon": 115.24083842999998, "snap_lat": 30.18160325 }, "geometry": { "type": "MultiPoint", "coordinates": [ [ 115.22195, 30.169273 ] ] } },
{ "type": "Feature", "properties": { "id": "3593097016472767999", "name": "大冶市人民医院罗桥院区", "type": null, "city": "大冶市", "lyyj": "长江干流流域", "lyej": "鄂东南片区", "hsfw": "湖北省大冶湖闸断面对应汇水范围", "kzdy": "长江（湖北省）控制单元", "id_2": "长江_合并线", "河名": "长江", "级别": 0, "province": "湖北省", "city_2": "黄冈市", "descriptio": "由原始线段合并而成的连续线", "BUFF_DIST": 30.0, "ORIG_FID": 0, "dist_to_river_m": 19461.13, "dist_along_river_m": 51895.61, "snap_lon": 115.09337591000001, "snap_lat": 30.22124171 }, "geometry": { "type": "MultiPoint", "coordinates": [ [ 114.986435, 30.101667 ] ] } },
{ "type": "Feature", "properties": { "id": "6478472513796562915", "name": "博华（黄石）水务投资有限公司汪仁污水处理厂", "type": null, "city": "经济开发区", "lyyj": "长江干流流域", "lyej": "鄂东南片区", "hsfw": "湖北省大冶湖闸断面对应汇水范围", "kzdy": "长江（湖北省）控制单元", "id_2": "长江_合并线", "河名": "长江", "级别": 0, "province": "湖北省", "city_2": "黄冈市", "descriptio": "由原始线段合并而成的连续线", "BUFF_DIST": 30.0, "ORIG_FID": 0, "dist_to_river_m": 9020.62, "dist_along_river_m": 45988.89, "snap_lon": 115.14350774, "snap_lat": 30.20963882 }, "geometry": { "type": "MultiPoint", "coordinates": [ [ 115.139084, 30.13969 ] ] } },
{ "type": "Feature", "properties": { "id": "6478472513842700268", "name": "枣阳市永华硅镁材料有限公司", "type": null, "city": "枣阳市", "lyyj": "长江干流流域", "lyej": "鄂东南片区", "hsfw": "湖北省白浒山断面对应汇水范围", "kzdy": "长江（湖北省）控制单元", "id_2": "长江_合并线", "河名": "长江", "级别": 0, "province": "湖北省", "city_2": "黄冈市", "descriptio": "由原始线段合并而成的连续线", "BUFF_DIST": 30.0, "ORIG_FID": 0, "dist_to_river_m": 6349.13, "dist_along_river_m": 218236.65, "snap_lon": 114.30068691, "snap_lat": 30.57845409 }, "geometry": { "type": "MultiPoint", "coordinates": [ [ 114.34844, 30.5516 ] ] } },
{ "type": "Feature", "properties": { "id": "6478472513859477503", "name": "荷贝克电源系统（武汉）有限公司", "type": "其他", "city": "东西湖区", "lyyj": "长江干流流域", "lyej": "府澴河片区", "hsfw": "湖北省朱家河口断面对应汇水范围", "kzdy": "涢水（湖北省）控制单元", "id_2": "长江_合并线", "河名": "长江", "级别": 0, "province": "湖北省", "city_2": "黄冈市", "descriptio": "由原始线段合并而成的连续线", "BUFF_DIST": 30.0, "ORIG_FID": 0, "dist_to_river_m": 21653.15, "dist_along_river_m": 222405.97, "snap_lon": 114.28226583, "snap_lat": 30.55070988 }, "geometry": { "type": "MultiPoint", "coordinates": [ [ 114.10925, 30.627228 ] ] } },
{ "type": "Feature", "properties": { "id": "6478472600807399419", "name": "随州市中心医院文帝院区", "type": "其他", "city": "高新区", "lyyj": "长江干流流域", "lyej": "府澴河片区", "hsfw": "湖北省白浒山断面对应汇水范围", "kzdy": "长江（湖北省）控制单元", "id_2": "长江_合并线", "河名": "长江", "级别": 0, "province": "湖北省", "city_2": "黄冈市", "descriptio": "由原始线段合并而成的连续线", "BUFF_DIST": 30.0, "ORIG_FID": 0, "dist_to_river_m": 1845.36, "dist_along_river_m": 216510.72, "snap_lon": 114.30890107, "snap_lat": 30.58962581 }, "geometry": { "type": "MultiPoint", "coordinates": [ [ 114.294976, 30.597368 ] ] } },
{ "type": "Feature", "properties": { "id": "6478472600824176618", "name": "武汉椿岭科技有限公司", "type": "其他", "city": "嘉鱼县", "lyyj": "长江干流流域", "lyej": "鄂东南片区", "hsfw": "湖北省白浒山断面对应汇水范围", "kzdy": "长江（湖北省）控制单元", "id_2": "长江_合并线", "河名": "长江", "级别": 0, "province": "湖北省", "city_2": "黄冈市", "descriptio": "由原始线段合并而成的连续线", "BUFF_DIST": 30.0, "ORIG_FID": 0, "dist_to_river_m": 1266.15, "dist_along_river_m": 216991.53, "snap_lon": 114.30670105, "snap_lat": 30.58646976 }, "geometry": { "type": "MultiPoint", "coordinates": [ [ 114.3162, 30.581084 ] ] } },
{ "type": "Feature", "properties": { "id": "6478472600824176619", "name": "嘉鱼县人民医院", "type": "其他", "city": "嘉鱼县", "lyyj": "长江干流流域", "lyej": "鄂东南片区", "hsfw": "湖北省纱帽断面对应汇水范围", "kzdy": "长江（湖北省）控制单元", "id_2": "长江_合并线", "河名": "长江", "级别": 0, "province": "湖北省", "city_2": "黄冈市", "descriptio": "由原始线段合并而成的连续线", "BUFF_DIST": 30.0, "ORIG_FID": 0, "dist_to_river_m": 5688.61, "dist_along_river_m": 368020.05, "snap_lon": 113.87723771, "snap_lat": 30.00582123 }, "geometry": { "type": "MultiPoint", "coordinates": [ [ 113.91914, 29.980488 ] ] } },
{ "type": "Feature", "properties": { "id": "6478472600853536745", "name": "黄冈市永通食品有限公司", "type": "其他", "city": "黄州区", "lyyj": "长江干流流域", "lyej": "鄂东五河片区", "hsfw": "湖北省燕矶断面对应汇水范围", "kzdy": "长江（湖北省）控制单元", "id_2": "长江_合并线", "河名": "长江", "级别": 0, "province": "湖北省", "city_2": "黄冈市", "descriptio": "由原始线段合并而成的连续线", "BUFF_DIST": 30.0, "ORIG_FID": 0, "dist_to_river_m": 10753.74, "dist_along_river_m": 90466.36, "snap_lon": 114.96157227, "snap_lat": 30.40787487 }, "geometry": { "type": "MultiPoint", "coordinates": [ [ 114.96696, 30.491024 ] ] } },
{ "type": "Feature", "properties": { "id": "6478472600853536758", "name": "湖北泓肽生物科技有限公司", "type": "其他", "city": "洪湖市", "lyyj": "长江干流流域", "lyej": "府澴河片区", "hsfw": "湖北省白浒山断面对应汇水范围", "kzdy": "长江（湖北省）控制单元", "id_2": "长江_合并线", "河名": "长江", "级别": 0, "province": "湖北省", "city_2": "黄冈市", "descriptio": "由原始线段合并而成的连续线", "BUFF_DIST": 30.0, "ORIG_FID": 0, "dist_to_river_m": 344.24, "dist_along_river_m": 215342.84, "snap_lon": 114.31432978649774, "snap_lat": 30.597242645323906 }, "geometry": { "type": "MultiPoint", "coordinates": [ [ 114.311584, 30.598467 ] ] } },
{ "type": "Feature", "properties": { "id": "6478472600929034222", "name": "武汉华电工程装备有限公司", "type": "其他", "city": "葛店开发区", "lyyj": "长江干流流域", "lyej": "鄂东南片区", "hsfw": "湖北省燕矶断面对应汇水范围", "kzdy": "长江（湖北省）控制单元", "id_2": "长江_合并线", "河名": "长江", "级别": 0, "province": "湖北省", "city_2": "黄冈市", "descriptio": "由原始线段合并而成的连续线", "BUFF_DIST": 30.0, "ORIG_FID": 0, "dist_to_river_m": 4792.98, "dist_along_river_m": 160106.2, "snap_lon": 114.66448776, "snap_lat": 30.57243951 }, "geometry": { "type": "MultiPoint", "coordinates": [ [ 114.67714, 30.536999 ] ] } },
{ "type": "Feature", "properties": { "id": "6478472600991948794", "name": "湖北润阳碳素有限公司", "type": "其他", "city": "阳新县", "lyyj": "长江干流流域", "lyej": "富水片区", "hsfw": "湖北省中官铺断面对应汇水范围", "kzdy": "长江（湖北省）控制单元", "id_2": "长江_合并线", "河名": "长江", "级别": 0, "province": "湖北省", "city_2": "黄冈市", "descriptio": "由原始线段合并而成的连续线", "BUFF_DIST": 30.0, "ORIG_FID": 0, "dist_to_river_m": 7290.4, "dist_along_river_m": 0.0, "snap_lon": 115.3819062836765, "snap_lat": 29.966159302872203 }, "geometry": { "type": "MultiPoint", "coordinates": [ [ 115.35868, 29.913097 ] ] } },
{ "type": "Feature", "properties": { "id": "6478472601000337380", "name": "黄石群立电子科技有限公司", "type": "其他", "city": "经济开发区", "lyyj": "长江干流流域", "lyej": "鄂东南片区", "hsfw": "湖北省大冶湖闸断面对应汇水范围", "kzdy": "长江（湖北省）控制单元", "id_2": "长江_合并线", "河名": "长江", "级别": 0, "province": "湖北省", "city_2": "黄冈市", "descriptio": "由原始线段合并而成的连续线", "BUFF_DIST": 30.0, "ORIG_FID": 0, "dist_to_river_m": 11734.01, "dist_along_river_m": 49875.65, "snap_lon": 115.1094803, "snap_lat": 30.21419379 }, "geometry": { "type": "MultiPoint", "coordinates": [ [ 115.06345, 30.132215 ] ] } },
{ "type": "Feature", "properties": { "id": "6478472601004531701", "name": "武汉大学人民医院东院区", "type": "其他", "city": "东湖高新开发区", "lyyj": "长江干流流域", "lyej": "鄂东南片区", "hsfw": "湖北省杨泗港断面对应汇水范围", "kzdy": "长江（湖北省）控制单元", "id_2": "长江_合并线", "河名": "长江", "级别": 0, "province": "湖北省", "city_2": "黄冈市", "descriptio": "由原始线段合并而成的连续线", "BUFF_DIST": 30.0, "ORIG_FID": 0, "dist_to_river_m": 22013.24, "dist_along_river_m": 226494.69, "snap_lon": 114.26999417, "snap_lat": 30.52112183 }, "geometry": { "type": "MultiPoint", "coordinates": [ [ 114.448555, 30.447895 ] ] } },
{ "type": "Feature", "properties": { "id": "6478472601017114600", "name": "武汉新纳科数码科技有限公司", "type": "其他", "city": "蔡甸区", "lyyj": "汉江流域", "lyej": "汉江下游片区", "hsfw": "湖北省杨泗港断面对应汇水范围", "kzdy": "长江（湖北省）控制单元", "id_2": "长江_合并线", "河名": "长江", "级别": 0, "province": "湖北省", "city_2": "黄冈市", "descriptio": "由原始线段合并而成的连续线", "BUFF_DIST": 30.0, "ORIG_FID": 0, "dist_to_river_m": 14045.89, "dist_along_river_m": 249650.16, "snap_lon": 114.14744111, "snap_lat": 30.38043852 }, "geometry": { "type": "MultiPoint", "coordinates": [ [ 114.050863, 30.450462 ] ] } },
{ "type": "Feature", "properties": { "id": "6478472601021308897", "name": "武汉昊康体育产业发展有限公司", "type": "其他", "city": "经开区", "lyyj": "汉江流域", "lyej": "汉江下游片区", "hsfw": "湖北省杨泗港断面对应汇水范围", "kzdy": "长江（湖北省）控制单元", "id_2": "长江_合并线", "河名": "长江", "级别": 0, "province": "湖北省", "city_2": "黄冈市", "descriptio": "由原始线段合并而成的连续线", "BUFF_DIST": 30.0, "ORIG_FID": 0, "dist_to_river_m": 4347.61, "dist_along_river_m": 238784.42, "snap_lon": 114.19875182, "snap_lat": 30.45012185 }, "geometry": { "type": "MultiPoint", "coordinates": [ [ 114.1723, 30.474889 ] ] } },
{ "type": "Feature", "properties": { "id": "6478472601021308918", "name": "武汉瑞赛柯金属材料有限公司", "type": "其他", "city": "经开区", "lyyj": "汉江流域", "lyej": "汉江下游片区", "hsfw": "湖北省杨泗港断面对应汇水范围", "kzdy": "长江（湖北省）控制单元", "id_2": "长江_合并线", "河名": "长江", "级别": 0, "province": "湖北省", "city_2": "黄冈市", "descriptio": "由原始线段合并而成的连续线", "BUFF_DIST": 30.0, "ORIG_FID": 0, "dist_to_river_m": 5079.75, "dist_along_river_m": 238627.95, "snap_lon": 114.1997708, "snap_lat": 30.45095512 }, "geometry": { "type": "MultiPoint", "coordinates": [ [ 114.168462, 30.479569 ] ] } },
{ "type": "Feature", "properties": { "id": "6478472601075834880", "name": "武汉市第三医院（首义院区）", "type": "其他", "city": "武昌区", "lyyj": "长江干流流域", "lyej": "鄂东南片区", "hsfw": "湖北省白浒山断面对应汇水范围", "kzdy": "长江（湖北省）控制单元", "id_2": "长江_合并线", "河名": "长江", "级别": 0, "province": "湖北省", "city_2": "黄冈市", "descriptio": "由原始线段合并而成的连续线", "BUFF_DIST": 30.0, "ORIG_FID": 0, "dist_to_river_m": 2939.86, "dist_along_river_m": 221649.6, "snap_lon": 114.28545166, "snap_lat": 30.55585207000001 }, "geometry": { "type": "MultiPoint", "coordinates": [ [ 114.30921, 30.545921 ] ] } },
{ "type": "Feature", "properties": { "id": "6478472942009835477", "name": "钟祥市第二污水处理厂", "type": "其他", "city": "钟祥市", "lyyj": "长江干流流域", "lyej": "鄂东南片区", "hsfw": "湖北省燕矶断面对应汇水范围", "kzdy": "长江（湖北省）控制单元", "id_2": "长江_合并线", "河名": "长江", "级别": 0, "province": "湖北省", "city_2": "黄冈市", "descriptio": "由原始线段合并而成的连续线", "BUFF_DIST": 30.0, "ORIG_FID": 0, "dist_to_river_m": 14081.79, "dist_along_river_m": 164386.99, "snap_lon": 114.62904025, "snap_lat": 30.56051296 }, "geometry": { "type": "MultiPoint", "coordinates": [ [ 114.6633, 30.4556 ] ] } },
{ "type": "Feature", "properties": { "id": "6478472942051778555", "name": "湖北艾尔啤酒有限公司", "type": "其他", "city": "武穴市", "lyyj": "长江干流流域", "lyej": "鄂东五河片区", "hsfw": "湖北省姚港断面对应汇水范围", "kzdy": "长江（湖北省）控制单元", "id_2": "长江_合并线", "河名": "长江", "级别": 0, "province": "湖北省", "city_2": "黄冈市", "descriptio": "由原始线段合并而成的连续线", "BUFF_DIST": 30.0, "ORIG_FID": 0, "dist_to_river_m": 31421.43, "dist_along_river_m": 4598.06, "snap_lon": 115.36187092000002, "snap_lat": 29.99685557 }, "geometry": { "type": "MultiPoint", "coordinates": [ [ 115.5993, 30.128965 ] ] } },
{ "type": "Feature", "properties": { "id": "6478472942102110194", "name": "湖北军山水泥有限公司", "type": "水泥", "city": "华容区", "lyyj": "长江干流流域", "lyej": "鄂东南片区", "hsfw": "湖北省杨泗港断面对应汇水范围", "kzdy": "长江（湖北省）控制单元", "id_2": "长江_合并线", "河名": "长江", "级别": 0, "province": "湖北省", "city_2": "黄冈市", "descriptio": "由原始线段合并而成的连续线", "BUFF_DIST": 30.0, "ORIG_FID": 0, "dist_to_river_m": 19674.23, "dist_along_river_m": 248257.27, "snap_lon": 114.15544504999998, "snap_lat": 30.38859334 }, "geometry": { "type": "MultiPoint", "coordinates": [ [ 114.294976, 30.294976 ] ] } },
{ "type": "Feature", "properties": { "id": "6478472942336991184", "name": "武汉长利新材料科技股份有限公司", "type": "平板玻璃", "city": "经开区", "lyyj": "汉江流域", "lyej": "汉江下游片区", "hsfw": "湖北省黄陵大桥断面对应汇水范围", "kzdy": "通顺河（湖北省）控制单元", "id_2": "长江_合并线", "河名": "长江", "级别": 0, "province": "湖北省", "city_2": "黄冈市", "descriptio": "由原始线段合并而成的连续线", "BUFF_DIST": 30.0, "ORIG_FID": 0, "dist_to_river_m": 803.78, "dist_along_river_m": 256829.06, "snap_lon": 114.10528046, "snap_lat": 30.33903505 }, "geometry": { "type": "MultiPoint", "coordinates": [ [ 114.098911, 30.34197 ] ] } },
{ "type": "Feature", "properties": { "id": "6478472942336991203", "name": "湖北丰杯生物科技有限公司", "type": "其他", "city": "武穴市", "lyyj": "长江干流流域", "lyej": "府澴河片区", "hsfw": "湖北省朱家河口断面对应汇水范围", "kzdy": "涢水（湖北省）控制单元", "id_2": "长江_合并线", "河名": "长江", "级别": 0, "province": "湖北省", "city_2": "黄冈市", "descriptio": "由原始线段合并而成的连续线", "BUFF_DIST": 30.0, "ORIG_FID": 0, "dist_to_river_m": 9312.69, "dist_along_river_m": 220159.28, "snap_lon": 114.2913051, "snap_lat": 30.56610793 }, "geometry": { "type": "MultiPoint", "coordinates": [ [ 114.21934, 30.60283 ] ] } },
{ "type": "Feature", "properties": { "id": "6478472942345379745", "name": "葛洲坝水务（黄冈）有限公司", "type": "其他", "city": "黄州区", "lyyj": "长江干流流域", "lyej": "鄂东五河片区", "hsfw": "湖北省燕矶断面对应汇水范围", "kzdy": "长江（湖北省）控制单元", "id_2": "长江_合并线", "河名": "长江", "级别": 0, "province": "湖北省", "city_2": "黄冈市", "descriptio": "由原始线段合并而成的连续线", "BUFF_DIST": 30.0, "ORIG_FID": 0, "dist_to_river_m": 2260.31, "dist_along_river_m": 92682.25, "snap_lon": 114.94194275000001, "snap_lat": 30.40936482 }, "geometry": { "type": "MultiPoint", "coordinates": [ [ 114.944371, 30.426749 ] ] } },
{ "type": "Feature", "properties": { "id": "6478472942433460167", "name": "赤壁祥源特种布有限公司", "type": "印染", "city": "赤壁市", "lyyj": "长江干流流域", "lyej": "鄂东南片区", "hsfw": "湖北省黄龙镇断面对应汇水范围", "kzdy": "陆水（湖北省）控制单元", "id_2": "长江_合并线", "河名": "长江", "级别": 0, "province": "湖北省", "city_2": "黄冈市", "descriptio": "由原始线段合并而成的连续线", "BUFF_DIST": 30.0, "ORIG_FID": 0, "dist_to_river_m": 33228.87, "dist_along_river_m": 381537.93, "snap_lon": 113.80262255777104, "snap_lat": 29.926901938750078 }, "geometry": { "type": "MultiPoint", "coordinates": [ [ 113.89166, 29.679674 ] ] } },
{ "type": "Feature", "properties": { "id": "6478472942437654523", "name": "武钢维尔卡钢绳制品有限公司", "type": "其他", "city": "长江新区", "lyyj": "长江干流流域", "lyej": "鄂东南片区", "hsfw": "湖北省杨泗港断面对应汇水范围", "kzdy": "长江（湖北省）控制单元", "id_2": "长江_合并线", "河名": "长江", "级别": 0, "province": "湖北省", "city_2": "黄冈市", "descriptio": "由原始线段合并而成的连续线", "BUFF_DIST": 30.0, "ORIG_FID": 0, "dist_to_river_m": 218.47, "dist_along_river_m": 222325.79, "snap_lon": 114.28270467999998, "snap_lat": 30.55120025 }, "geometry": { "type": "MultiPoint", "coordinates": [ [ 114.28437, 30.550306 ] ] } },
{ "type": "Feature", "properties": { "id": "6478472942483791855", "name": "稳健医疗（武汉）有限公司", "type": "其他", "city": "长江新区", "lyyj": "长江干流流域", "lyej": "府澴河片区", "hsfw": "湖北省白浒山断面对应汇水范围", "kzdy": "长江（湖北省）控制单元", "id_2": "长江_合并线", "河名": "长江", "级别": 0, "province": "湖北省", "city_2": "黄冈市", "descriptio": "由原始线段合并而成的连续线", "BUFF_DIST": 30.0, "ORIG_FID": 0, "dist_to_river_m": 344.24, "dist_along_river_m": 215342.84, "snap_lon": 114.31432978649774, "snap_lat": 30.597242645323906 }, "geometry": { "type": "MultiPoint", "coordinates": [ [ 114.311584, 30.598467 ] ] } },
{ "type": "Feature", "properties": { "id": "6478472942492180414", "name": "湖北三维纺织有限公司", "type": "其他", "city": "罗田县", "lyyj": "长江干流流域", "lyej": "鄂东南片区", "hsfw": "湖北省白浒山断面对应汇水范围", "kzdy": "长江（湖北省）控制单元", "id_2": "长江_合并线", "河名": "长江", "级别": 0, "province": "湖北省", "city_2": "黄冈市", "descriptio": "由原始线段合并而成的连续线", "BUFF_DIST": 30.0, "ORIG_FID": 0, "dist_to_river_m": 1452.77, "dist_along_river_m": 217096.22, "snap_lon": 114.30621868, "snap_lat": 30.58578423 }, "geometry": { "type": "MultiPoint", "coordinates": [ [ 114.31723, 30.579754 ] ] } },
{ "type": "Feature", "properties": { "id": "6478472942504763305", "name": "武汉京东方光电科技有限公司", "type": "其他", "city": "东西湖区", "lyyj": "长江干流流域", "lyej": "府澴河片区", "hsfw": "湖北省朱家河口断面对应汇水范围", "kzdy": "涢水（湖北省）控制单元", "id_2": "长江_合并线", "河名": "长江", "级别": 0, "province": "湖北省", "city_2": "黄冈市", "descriptio": "由原始线段合并而成的连续线", "BUFF_DIST": 30.0, "ORIG_FID": 0, "dist_to_river_m": 23509.23, "dist_along_river_m": 213931.94, "snap_lon": 114.32089824999998, "snap_lat": 30.60645561 }, "geometry": { "type": "MultiPoint", "coordinates": [ [ 114.14266, 30.7039 ] ] } },
{ "type": "Feature", "properties": { "id": "6478472942584455137", "name": "武汉龙安集团有限责任公司", "type": null, "city": "洪山区", "lyyj": "长江干流流域", "lyej": "鄂东南片区", "hsfw": "湖北省杨泗港断面对应汇水范围", "kzdy": "长江（湖北省）控制单元", "id_2": "长江_合并线", "河名": "长江", "级别": 0, "province": "湖北省", "city_2": "黄冈市", "descriptio": "由原始线段合并而成的连续线", "BUFF_DIST": 30.0, "ORIG_FID": 0, "dist_to_river_m": 14269.27, "dist_along_river_m": 224596.8, "snap_lon": 114.27637323999998, "snap_lat": 30.53465677000001 }, "geometry": { "type": "MultiPoint", "coordinates": [ [ 114.39841, 30.500873 ] ] } },
{ "type": "Feature", "properties": { "id": "6478472942630592403", "name": "汉川市博鑫汽车配件厂", "type": "其他", "city": "汉川市", "lyyj": "汉江流域", "lyej": "汉江下游片区", "hsfw": "湖北省小河断面对应汇水范围", "kzdy": "汉江（丹江口下）（湖北省）控制单元", "id_2": "长江_合并线", "河名": "长江", "级别": 0, "province": "湖北省", "city_2": "黄冈市", "descriptio": "由原始线段合并而成的连续线", "BUFF_DIST": 30.0, "ORIG_FID": 0, "dist_to_river_m": 32339.76, "dist_along_river_m": 291153.34, "snap_lon": 113.94224773, "snap_lat": 30.30061138 }, "geometry": { "type": "MultiPoint", "coordinates": [ [ 113.828829, 30.53126 ] ] } },
{ "type": "Feature", "properties": { "id": "6478472942689312708", "name": "武汉环境投资开发集团有限公司（武汉市千子山循环经济产业园医疗废物处理厂）", "type": "其他", "city": "蔡甸区", "lyyj": "汉江流域", "lyej": "汉江下游片区", "hsfw": "湖北省杨泗港断面对应汇水范围", "kzdy": "长江（湖北省）控制单元", "id_2": "长江_合并线", "河名": "长江", "级别": 0, "province": "湖北省", "city_2": "黄冈市", "descriptio": "由原始线段合并而成的连续线", "BUFF_DIST": 30.0, "ORIG_FID": 0, "dist_to_river_m": 21484.83, "dist_along_river_m": 251103.1, "snap_lon": 114.13884913, "snap_lat": 30.37205495 }, "geometry": { "type": "MultiPoint", "coordinates": [ [ 113.992493, 30.480543 ] ] } },
{ "type": "Feature", "properties": { "id": "6478472942743838636", "name": "东风汽车有限公司武汉分公司", "type": "其他", "city": "经开区", "lyyj": "汉江流域", "lyej": "汉江下游片区", "hsfw": "湖北省杨泗港断面对应汇水范围", "kzdy": "长江（湖北省）控制单元", "id_2": "长江_合并线", "河名": "长江", "级别": 0, "province": "湖北省", "city_2": "黄冈市", "descriptio": "由原始线段合并而成的连续线", "BUFF_DIST": 30.0, "ORIG_FID": 0, "dist_to_river_m": 8157.59, "dist_along_river_m": 250583.76, "snap_lon": 114.14192604, "snap_lat": 30.37504615 }, "geometry": { "type": "MultiPoint", "coordinates": [ [ 114.086525, 30.41642 ] ] } },
{ "type": "Feature", "properties": { "id": "6478472942769004544", "name": "大冶博瑞水务有限公司大冶市城西北工业废水处理厂", "type": "其他", "city": "大冶市", "lyyj": "长江干流流域", "lyej": "鄂东南片区", "hsfw": "湖北省大冶湖闸断面对应汇水范围", "kzdy": "长江（湖北省）控制单元", "id_2": "长江_合并线", "河名": "长江", "级别": 0, "province": "湖北省", "city_2": "黄冈市", "descriptio": "由原始线段合并而成的连续线", "BUFF_DIST": 30.0, "ORIG_FID": 0, "dist_to_river_m": 20316.02, "dist_along_river_m": 53612.6, "snap_lon": 115.08245085999998, "snap_lat": 30.23040085 }, "geometry": { "type": "MultiPoint", "coordinates": [ [ 114.94944, 30.122375 ] ] } },
{ "type": "Feature", "properties": { "id": "6478472942794170296", "name": "武汉风帆电化科技股份有限公司", "type": "其他", "city": "东西湖区", "lyyj": "长江干流流域", "lyej": "鄂东南片区", "hsfw": "湖北省白浒山断面对应汇水范围", "kzdy": "长江（湖北省）控制单元", "id_2": "长江_合并线", "河名": "长江", "级别": 0, "province": "湖北省", "city_2": "黄冈市", "descriptio": "由原始线段合并而成的连续线", "BUFF_DIST": 30.0, "ORIG_FID": 0, "dist_to_river_m": 6349.13, "dist_along_river_m": 218236.65, "snap_lon": 114.30068691, "snap_lat": 30.57845409 }, "geometry": { "type": "MultiPoint", "coordinates": [ [ 114.34844, 30.5516 ] ] } },
{ "type": "Feature", "properties": { "id": "6478472942819336175", "name": "中铁科工集团轨道交通装备有限公司", "type": "其他", "city": "江夏区", "lyyj": "长江干流流域", "lyej": "鄂东南片区", "hsfw": "湖北省西梁子湖湖心（南北嘴）/牛山湖湖心/西梁子湖湖北/西梁子湖湖南断面对应汇水范围", "kzdy": "梁子湖（湖北省）控制单元", "id_2": "长江_合并线", "河名": "长江", "级别": 0, "province": "湖北省", "city_2": "黄冈市", "descriptio": "由原始线段合并而成的连续线", "BUFF_DIST": 30.0, "ORIG_FID": 0, "dist_to_river_m": 20856.82, "dist_along_river_m": 234215.26, "snap_lon": 114.22723588, "snap_lat": 30.47452725 }, "geometry": { "type": "MultiPoint", "coordinates": [ [ 114.38039, 30.381468 ] ] } },
{ "type": "Feature", "properties": { "id": "6478472942844501960", "name": "湖北实美科技有限公司", "type": "其他", "city": "大冶市", "lyyj": "长江干流流域", "lyej": "鄂东南片区", "hsfw": "湖北省大冶湖闸断面对应汇水范围", "kzdy": "长江（湖北省）控制单元", "id_2": "长江_合并线", "河名": "长江", "级别": 0, "province": "湖北省", "city_2": "黄冈市", "descriptio": "由原始线段合并而成的连续线", "BUFF_DIST": 30.0, "ORIG_FID": 0, "dist_to_river_m": 20420.96, "dist_along_river_m": 54757.83, "snap_lon": 115.07611628000001, "snap_lat": 30.23730731 }, "geometry": { "type": "MultiPoint", "coordinates": [ [ 114.923805, 30.148937 ] ] } },
{ "type": "Feature", "properties": { "id": "6478472942873862118", "name": "武汉青江化工黄冈有限公司", "type": "其他", "city": "黄州区", "lyyj": "长江干流流域", "lyej": "鄂东五河片区", "hsfw": "湖北省巴河镇河口断面对应汇水范围", "kzdy": "巴河（湖北省）控制单元", "id_2": "长江_合并线", "河名": "长江", "级别": 0, "province": "湖北省", "city_2": "黄冈市", "descriptio": "由原始线段合并而成的连续线", "BUFF_DIST": 30.0, "ORIG_FID": 0, "dist_to_river_m": 14529.91, "dist_along_river_m": 130097.33, "snap_lon": 114.88873752000001, "snap_lat": 30.59671149 }, "geometry": { "type": "MultiPoint", "coordinates": [ [ 115.01722, 30.576914 ] ] } },
{ "type": "Feature", "properties": { "id": "6478472942878056366", "name": "武汉什湖污水处理有限公司", "type": "其他", "city": "汉阳区", "lyyj": "长江干流流域", "lyej": "府澴河片区", "hsfw": "湖北省朱家河口断面对应汇水范围", "kzdy": "涢水（湖北省）控制单元", "id_2": "长江_合并线", "河名": "长江", "级别": 0, "province": "湖北省", "city_2": "黄冈市", "descriptio": "由原始线段合并而成的连续线", "BUFF_DIST": 30.0, "ORIG_FID": 0, "dist_to_river_m": 12632.45, "dist_along_river_m": 222413.54, "snap_lon": 114.28223483, "snap_lat": 30.55065772 }, "geometry": { "type": "MultiPoint", "coordinates": [ [ 114.178246, 30.589773 ] ] } },
{ "type": "Feature", "properties": { "id": "6478472942961942467", "name": "湖北省武穴市鑫康食品有限公司", "type": "其他", "city": "武穴市", "lyyj": "长江干流流域", "lyej": "鄂东五河片区", "hsfw": "湖北省姚港断面对应汇水范围", "kzdy": "长江（湖北省）控制单元", "id_2": "长江_合并线", "河名": "长江", "级别": 0, "province": "湖北省", "city_2": "黄冈市", "descriptio": "由原始线段合并而成的连续线", "BUFF_DIST": 30.0, "ORIG_FID": 0, "dist_to_river_m": 28589.27, "dist_along_river_m": 0.0, "snap_lon": 115.3819062836765, "snap_lat": 29.966159302872203 }, "geometry": { "type": "MultiPoint", "coordinates": [ [ 115.606544, 29.858261 ] ] } },
{ "type": "Feature", "properties": { "id": "6478472942970331087", "name": "武汉市城市排水发展有限公司三金潭污水处理厂", "type": "其他", "city": "东西湖区", "lyyj": "长江干流流域", "lyej": "鄂东南片区", "hsfw": "湖北省白浒山断面对应汇水范围", "kzdy": "长江（湖北省）控制单元", "id_2": "长江_合并线", "河名": "长江", "级别": 0, "province": "湖北省", "city_2": "黄冈市", "descriptio": "由原始线段合并而成的连续线", "BUFF_DIST": 30.0, "ORIG_FID": 0, "dist_to_river_m": 3664.54, "dist_along_river_m": 180470.71, "snap_lon": 114.54806005, "snap_lat": 30.65010207 }, "geometry": { "type": "MultiPoint", "coordinates": [ [ 114.51871, 30.637276 ] ] } },
{ "type": "Feature", "properties": { "id": "6478472943062605795", "name": "湖北亚星电子材料有限公司", "type": "其他", "city": "团风县", "lyyj": "长江干流流域", "lyej": "鄂东五河片区", "hsfw": "湖北省燕矶断面对应汇水范围", "kzdy": "长江（湖北省）控制单元", "id_2": "长江_合并线", "河名": "长江", "级别": 0, "province": "湖北省", "city_2": "黄冈市", "descriptio": "由原始线段合并而成的连续线", "BUFF_DIST": 30.0, "ORIG_FID": 0, "dist_to_river_m": 3021.44, "dist_along_river_m": 133166.22, "snap_lon": 114.8778433766562, "snap_lat": 30.617776486445432 }, "geometry": { "type": "MultiPoint", "coordinates": [ [ 114.89785, 30.63356 ] ] } },
{ "type": "Feature", "properties": { "id": "6478472943070994336", "name": "湖北宏诚涂料科技股份有限公司", "type": "其他", "city": "应城市", "lyyj": "长江干流流域", "lyej": "鄂东南片区", "hsfw": "湖北省风波港（右岸）断面对应汇水范围", "kzdy": "长江（湖北省）控制单元", "id_2": "长江_合并线", "河名": "长江", "级别": 0, "province": "湖北省", "city_2": "黄冈市", "descriptio": "由原始线段合并而成的连续线", "BUFF_DIST": 30.0, "ORIG_FID": 0, "dist_to_river_m": 10682.69, "dist_along_river_m": 54823.68, "snap_lon": 115.07586663000001, "snap_lat": 30.23776965 }, "geometry": { "type": "MultiPoint", "coordinates": [ [ 114.98551, 30.20984 ] ] } },
{ "type": "Feature", "properties": { "id": "6478472943075188673", "name": "武汉市中医医院汉口院区", "type": "其他", "city": "江岸区", "lyyj": "汉江流域", "lyej": "汉江下游片区", "hsfw": "湖北省杨泗港断面对应汇水范围", "kzdy": "长江（湖北省）控制单元", "id_2": "长江_合并线", "河名": "长江", "级别": 0, "province": "湖北省", "city_2": "黄冈市", "descriptio": "由原始线段合并而成的连续线", "BUFF_DIST": 30.0, "ORIG_FID": 0, "dist_to_river_m": 4439.25, "dist_along_river_m": 229290.83, "snap_lon": 114.25395595000001, "snap_lat": 30.50465533 }, "geometry": { "type": "MultiPoint", "coordinates": [ [ 114.22212, 30.525345 ] ] } },
{ "type": "Feature", "properties": { "id": "6478472943112937382", "name": "浠水县肉联厂", "type": "其他", "city": "浠水县", "lyyj": "长江干流流域", "lyej": "鄂东五河片区", "hsfw": "湖北省兰溪大桥断面对应汇水范围", "kzdy": "浠水（湖北省）控制单元", "id_2": "长江_合并线", "河名": "长江", "级别": 0, "province": "湖北省", "city_2": "黄冈市", "descriptio": "由原始线段合并而成的连续线", "BUFF_DIST": 30.0, "ORIG_FID": 0, "dist_to_river_m": 20198.65, "dist_along_river_m": 72501.38, "snap_lon": 115.10347043999997, "snap_lat": 30.36297858000001 }, "geometry": { "type": "MultiPoint", "coordinates": [ [ 115.26925, 30.4266 ] ] } },
{ "type": "Feature", "properties": { "id": "6478472943138103199", "name": "湖北远大生物技术有限公司", "type": "其他", "city": "阳新县", "lyyj": "长江干流流域", "lyej": "富水片区", "hsfw": "湖北省富池闸断面对应汇水范围", "kzdy": "富水（湖北省，江西省）控制单元", "id_2": "长江_合并线", "河名": "长江", "级别": 0, "province": "湖北省", "city_2": "黄冈市", "descriptio": "由原始线段合并而成的连续线", "BUFF_DIST": 30.0, "ORIG_FID": 0, "dist_to_river_m": 24391.91, "dist_along_river_m": 798.56, "snap_lon": 115.37677231, "snap_lat": 29.97049946 }, "geometry": { "type": "MultiPoint", "coordinates": [ [ 115.221427, 29.836542 ] ] } },
{ "type": "Feature", "properties": { "id": "6478472943167463387", "name": "长阳土家族自治县市容环境卫生管理局-长阳清江环卫有限责任公司避难溪垃圾填埋场", "type": "其他", "city": "长阳土家族自治县", "lyyj": "长江干流流域", "lyej": "鄂东南片区", "hsfw": "湖北省白浒山断面对应汇水范围", "kzdy": "长江（湖北省）控制单元", "id_2": "长江_合并线", "河名": "长江", "级别": 0, "province": "湖北省", "city_2": "黄冈市", "descriptio": "由原始线段合并而成的连续线", "BUFF_DIST": 30.0, "ORIG_FID": 0, "dist_to_river_m": 1266.15, "dist_along_river_m": 216991.53, "snap_lon": 114.30670105, "snap_lat": 30.58646976 }, "geometry": { "type": "MultiPoint", "coordinates": [ [ 114.3162, 30.581084 ] ] } },
{ "type": "Feature", "properties": { "id": "6478472943180046256", "name": "建始县人民医院", "type": "其他", "city": "建始县", "lyyj": "长江干流流域", "lyej": "鄂东南片区", "hsfw": "湖北省白浒山断面对应汇水范围", "kzdy": "长江（湖北省）控制单元", "id_2": "长江_合并线", "河名": "长江", "级别": 0, "province": "湖北省", "city_2": "黄冈市", "descriptio": "由原始线段合并而成的连续线", "BUFF_DIST": 30.0, "ORIG_FID": 0, "dist_to_river_m": 677.77, "dist_along_river_m": 217812.74, "snap_lon": 114.30269485, "snap_lat": 30.58120419 }, "geometry": { "type": "MultiPoint", "coordinates": [ [ 114.30796, 30.578572 ] ] } },
{ "type": "Feature", "properties": { "id": "6478472943230377946", "name": "诺卫环境水处理（孝昌）有限公司", "type": "其他", "city": "孝昌县", "lyyj": "长江干流流域", "lyej": "鄂东南片区", "hsfw": "湖北省白浒山断面对应汇水范围", "kzdy": "长江（湖北省）控制单元", "id_2": "长江_合并线", "河名": "长江", "级别": 0, "province": "湖北省", "city_2": "黄冈市", "descriptio": "由原始线段合并而成的连续线", "BUFF_DIST": 30.0, "ORIG_FID": 0, "dist_to_river_m": 6349.13, "dist_along_river_m": 218236.65, "snap_lon": 114.30068691, "snap_lat": 30.57845409 }, "geometry": { "type": "MultiPoint", "coordinates": [ [ 114.34844, 30.5516 ] ] } },
{ "type": "Feature", "properties": { "id": "6478472943305875341", "name": "黄石欣益兴电子科技有限公司", "type": "其他", "city": "经济开发区", "lyyj": "长江干流流域", "lyej": "鄂东南片区", "hsfw": "湖北省大冶湖闸断面对应汇水范围", "kzdy": "长江（湖北省）控制单元", "id_2": "长江_合并线", "河名": "长江", "级别": 0, "province": "湖北省", "city_2": "黄冈市", "descriptio": "由原始线段合并而成的连续线", "BUFF_DIST": 30.0, "ORIG_FID": 0, "dist_to_river_m": 14485.99, "dist_along_river_m": 51774.32, "snap_lon": 115.09428546999997, "snap_lat": 30.22072825 }, "geometry": { "type": "MultiPoint", "coordinates": [ [ 115.030311, 30.122762 ] ] } },
{ "type": "Feature", "properties": { "id": "6478472943310069671", "name": "阳新县鑫华矿业有限公司", "type": "其他", "city": "阳新县", "lyyj": "长江干流流域", "lyej": "富水片区", "hsfw": "湖北省中官铺断面对应汇水范围", "kzdy": "长江（湖北省）控制单元", "id_2": "长江_合并线", "河名": "长江", "级别": 0, "province": "湖北省", "city_2": "黄冈市", "descriptio": "由原始线段合并而成的连续线", "BUFF_DIST": 30.0, "ORIG_FID": 0, "dist_to_river_m": 26504.4, "dist_along_river_m": 11034.34, "snap_lon": 115.32392502999998, "snap_lat": 30.03348915 }, "geometry": { "type": "MultiPoint", "coordinates": [ [ 115.10261, 29.957453 ] ] } },
{ "type": "Feature", "properties": { "id": "6478472943318458337", "name": "武汉长光电源有限公司", "type": "其他", "city": "经开区", "lyyj": "长江干流流域", "lyej": "鄂东南片区", "hsfw": "湖北省白浒山断面对应汇水范围", "kzdy": "长江（湖北省）控制单元", "id_2": "长江_合并线", "河名": "长江", "级别": 0, "province": "湖北省", "city_2": "黄冈市", "descriptio": "由原始线段合并而成的连续线", "BUFF_DIST": 30.0, "ORIG_FID": 0, "dist_to_river_m": 1266.15, "dist_along_river_m": 216991.53, "snap_lon": 114.30670105, "snap_lat": 30.58646976 }, "geometry": { "type": "MultiPoint", "coordinates": [ [ 114.3162, 30.581084 ] ] } },
{ "type": "Feature", "properties": { "id": "6478472943331041189", "name": "黄石市福星铝业有限公司", "type": "其他", "city": "经济开发区", "lyyj": "长江干流流域", "lyej": "鄂东南片区", "hsfw": "湖北省大冶湖闸断面对应汇水范围", "kzdy": "长江（湖北省）控制单元", "id_2": "长江_合并线", "河名": "长江", "级别": 0, "province": "湖北省", "city_2": "黄冈市", "descriptio": "由原始线段合并而成的连续线", "BUFF_DIST": 30.0, "ORIG_FID": 0, "dist_to_river_m": 19418.77, "dist_along_river_m": 54832.16, "snap_lon": 115.07584673, "snap_lat": 30.23783315 }, "geometry": { "type": "MultiPoint", "coordinates": [ [ 114.90686, 30.200432 ] ] } },
{ "type": "Feature", "properties": { "id": "6478472943389761504", "name": "诺卫环境技术（孝感）有限公司", "type": "其他", "city": "直辖区", "lyyj": "长江干流流域", "lyej": "鄂东南片区", "hsfw": "湖北省白浒山断面对应汇水范围", "kzdy": "长江（湖北省）控制单元", "id_2": "长江_合并线", "河名": "长江", "级别": 0, "province": "湖北省", "city_2": "黄冈市", "descriptio": "由原始线段合并而成的连续线", "BUFF_DIST": 30.0, "ORIG_FID": 0, "dist_to_river_m": 1266.15, "dist_along_river_m": 216991.53, "snap_lon": 114.30670105, "snap_lat": 30.58646976 }, "geometry": { "type": "MultiPoint", "coordinates": [ [ 114.3162, 30.581084 ] ] } },
{ "type": "Feature", "properties": { "id": "6478472943406538707", "name": "恩施市中心医院", "type": "其他", "city": "恩施市", "lyyj": "长江干流流域", "lyej": "府澴河片区", "hsfw": "湖北省白浒山断面对应汇水范围", "kzdy": "长江（湖北省）控制单元", "id_2": "长江_合并线", "河名": "长江", "级别": 0, "province": "湖北省", "city_2": "黄冈市", "descriptio": "由原始线段合并而成的连续线", "BUFF_DIST": 30.0, "ORIG_FID": 0, "dist_to_river_m": 3901.49, "dist_along_river_m": 218859.74, "snap_lon": 114.29762813000001, "snap_lat": 30.57445991 }, "geometry": { "type": "MultiPoint", "coordinates": [ [ 114.26812, 30.59074 ] ] } },
{ "type": "Feature", "properties": { "id": "6478472943440093163", "name": "中韩（武汉）石油化工有限公司", "type": "其他", "city": "青山区", "lyyj": "长江干流流域", "lyej": "鄂东南片区", "hsfw": "湖北省白浒山断面对应汇水范围", "kzdy": "长江（湖北省）控制单元", "id_2": "长江_合并线", "河名": "长江", "级别": 0, "province": "湖北省", "city_2": "黄冈市", "descriptio": "由原始线段合并而成的连续线", "BUFF_DIST": 30.0, "ORIG_FID": 0, "dist_to_river_m": 4317.82, "dist_along_river_m": 195752.28, "snap_lon": 114.43468375, "snap_lat": 30.69491002 }, "geometry": { "type": "MultiPoint", "coordinates": [ [ 114.439735, 30.661835 ] ] } },
{ "type": "Feature", "properties": { "id": "6478472943473647571", "name": "武汉天马微电子有限公司", "type": "其他", "city": "东湖高新开发区", "lyyj": "长江干流流域", "lyej": "鄂东南片区", "hsfw": "湖北省白浒山断面对应汇水范围", "kzdy": "长江（湖北省）控制单元", "id_2": "长江_合并线", "河名": "长江", "级别": 0, "province": "湖北省", "city_2": "黄冈市", "descriptio": "由原始线段合并而成的连续线", "BUFF_DIST": 30.0, "ORIG_FID": 0, "dist_to_river_m": 6349.13, "dist_along_river_m": 218236.65, "snap_lon": 114.30068691, "snap_lat": 30.57845409 }, "geometry": { "type": "MultiPoint", "coordinates": [ [ 114.34844, 30.5516 ] ] } },
{ "type": "Feature", "properties": { "id": "6478472943515590456", "name": "湖北翔瑞环保有限公司", "type": "其他", "city": "阳新县", "lyyj": "长江干流流域", "lyej": "富水片区", "hsfw": "湖北省富池闸断面对应汇水范围", "kzdy": "富水（湖北省，江西省）控制单元", "id_2": "长江_合并线", "河名": "长江", "级别": 0, "province": "湖北省", "city_2": "黄冈市", "descriptio": "由原始线段合并而成的连续线", "BUFF_DIST": 30.0, "ORIG_FID": 0, "dist_to_river_m": 10238.49, "dist_along_river_m": 0.0, "snap_lon": 115.3819062836765, "snap_lat": 29.966159302872203 }, "geometry": { "type": "MultiPoint", "coordinates": [ [ 115.41178, 29.890772 ] ] } },
{ "type": "Feature", "properties": { "id": "6478472943553339332", "name": "湖北力磊建材有限公司", "type": "水泥", "city": "鄂城区", "lyyj": "长江干流流域", "lyej": "鄂东南片区", "hsfw": "湖北省樊口断面对应汇水范围", "kzdy": "梁子湖（湖北省）控制单元", "id_2": "长江_合并线", "河名": "长江", "级别": 0, "province": "湖北省", "city_2": "黄冈市", "descriptio": "由原始线段合并而成的连续线", "BUFF_DIST": 30.0, "ORIG_FID": 0, "dist_to_river_m": 11974.81, "dist_along_river_m": 97554.48, "snap_lon": 114.89907736000001, "snap_lat": 30.414788609999988 }, "geometry": { "type": "MultiPoint", "coordinates": [ [ 114.87284, 30.324781 ] ] } },
{ "type": "Feature", "properties": { "id": "6478472943591088105", "name": "可口可乐装瓶商生产（武汉）有限公司", "type": "其他", "city": "东西湖区", "lyyj": "长江干流流域", "lyej": "府澴河片区", "hsfw": "湖北省朱家河口断面对应汇水范围", "kzdy": "涢水（湖北省）控制单元", "id_2": "长江_合并线", "河名": "长江", "级别": 0, "province": "湖北省", "city_2": "黄冈市", "descriptio": "由原始线段合并而成的连续线", "BUFF_DIST": 30.0, "ORIG_FID": 0, "dist_to_river_m": 30030.63, "dist_along_river_m": 222413.54, "snap_lon": 114.28223483, "snap_lat": 30.55065772 }, "geometry": { "type": "MultiPoint", "coordinates": [ [ 114.03643, 30.646336 ] ] } },
{ "type": "Feature", "properties": { "id": "6478472943633031142", "name": "宜昌际华仙女服饰有限公司", "type": "其他", "city": "枝江市", "lyyj": "长江干流流域", "lyej": "鄂东南片区", "hsfw": "湖北省白浒山断面对应汇水范围", "kzdy": "长江（湖北省）控制单元", "id_2": "长江_合并线", "河名": "长江", "级别": 0, "province": "湖北省", "city_2": "黄冈市", "descriptio": "由原始线段合并而成的连续线", "BUFF_DIST": 30.0, "ORIG_FID": 0, "dist_to_river_m": 1266.15, "dist_along_river_m": 216991.53, "snap_lon": 114.30670105, "snap_lat": 30.58646976 }, "geometry": { "type": "MultiPoint", "coordinates": [ [ 114.3162, 30.581084 ] ] } },
{ "type": "Feature", "properties": { "id": "6478472943679168386", "name": "武汉有机实业有限公司", "type": "其他", "city": "青山区", "lyyj": "长江干流流域", "lyej": "鄂东南片区", "hsfw": "湖北省白浒山断面对应汇水范围", "kzdy": "长江（湖北省）控制单元", "id_2": "长江_合并线", "河名": "长江", "级别": 0, "province": "湖北省", "city_2": "黄冈市", "descriptio": "由原始线段合并而成的连续线", "BUFF_DIST": 30.0, "ORIG_FID": 0, "dist_to_river_m": 1866.85, "dist_along_river_m": 176601.84, "snap_lon": 114.56339711, "snap_lat": 30.62347449 }, "geometry": { "type": "MultiPoint", "coordinates": [ [ 114.54878, 30.6164 ] ] } },
{ "type": "Feature", "properties": { "id": "6478472943704334315", "name": "湖北中能木业有限公司", "type": "其他", "city": "新洲区", "lyyj": "长江干流流域", "lyej": "鄂东五河片区", "hsfw": "湖北省沐家泾断面对应汇水范围", "kzdy": "举水（湖北省）控制单元", "id_2": "长江_合并线", "河名": "长江", "级别": 0, "province": "湖北省", "city_2": "黄冈市", "descriptio": "由原始线段合并而成的连续线", "BUFF_DIST": 30.0, "ORIG_FID": 0, "dist_to_river_m": 25626.17, "dist_along_river_m": 138180.66, "snap_lon": 114.83873942091927, "snap_lat": 30.632852589522432 }, "geometry": { "type": "MultiPoint", "coordinates": [ [ 114.8342, 30.83069 ] ] } },
{ "type": "Feature", "properties": { "id": "6478472943746277273", "name": "湖北惠洋电器制造有限公司", "type": "其他", "city": "孝昌县", "lyyj": "长江干流流域", "lyej": "鄂东南片区", "hsfw": "湖北省白浒山断面对应汇水范围", "kzdy": "长江（湖北省）控制单元", "id_2": "长江_合并线", "河名": "长江", "级别": 0, "province": "湖北省", "city_2": "黄冈市", "descriptio": "由原始线段合并而成的连续线", "BUFF_DIST": 30.0, "ORIG_FID": 0, "dist_to_river_m": 6349.13, "dist_along_river_m": 218236.65, "snap_lon": 114.30068691, "snap_lat": 30.57845409 }, "geometry": { "type": "MultiPoint", "coordinates": [ [ 114.34844, 30.5516 ] ] } },
{ "type": "Feature", "properties": { "id": "6478472943779831788", "name": "黄冈融锦化工股份有限公司", "type": "其他", "city": "武穴市", "lyyj": "长江干流流域", "lyej": "府澴河片区", "hsfw": "湖北省朱家河口断面对应汇水范围", "kzdy": "涢水（湖北省）控制单元", "id_2": "长江_合并线", "河名": "长江", "级别": 0, "province": "湖北省", "city_2": "黄冈市", "descriptio": "由原始线段合并而成的连续线", "BUFF_DIST": 30.0, "ORIG_FID": 0, "dist_to_river_m": 9312.69, "dist_along_river_m": 220159.28, "snap_lon": 114.2913051, "snap_lat": 30.56610793 }, "geometry": { "type": "MultiPoint", "coordinates": [ [ 114.21934, 30.60283 ] ] } },
{ "type": "Feature", "properties": { "id": "6478472943792414669", "name": "嘉鱼典雅纺织有限公司", "type": "印染", "city": "嘉鱼县", "lyyj": "长江干流流域", "lyej": "鄂东南片区", "hsfw": "湖北省纱帽断面对应汇水范围", "kzdy": "长江（湖北省）控制单元", "id_2": "长江_合并线", "河名": "长江", "级别": 0, "province": "湖北省", "city_2": "黄冈市", "descriptio": "由原始线段合并而成的连续线", "BUFF_DIST": 30.0, "ORIG_FID": 0, "dist_to_river_m": 8076.08, "dist_along_river_m": 361800.59, "snap_lon": 113.91968430999998, "snap_lat": 30.03504312 }, "geometry": { "type": "MultiPoint", "coordinates": [ [ 113.94557, 29.976353 ] ] } },
{ "type": "Feature", "properties": { "id": "6478472943821774828", "name": "黄冈亚东水泥有限公司", "type": "水泥", "city": "武穴市", "lyyj": "长江干流流域", "lyej": "鄂东南片区", "hsfw": "湖北省白浒山断面对应汇水范围", "kzdy": "长江（湖北省）控制单元", "id_2": "长江_合并线", "河名": "长江", "级别": 0, "province": "湖北省", "city_2": "黄冈市", "descriptio": "由原始线段合并而成的连续线", "BUFF_DIST": 30.0, "ORIG_FID": 0, "dist_to_river_m": 1266.15, "dist_along_river_m": 216991.53, "snap_lon": 114.30670105, "snap_lat": 30.58646976 }, "geometry": { "type": "MultiPoint", "coordinates": [ [ 114.3162, 30.581084 ] ] } },
{ "type": "Feature", "properties": { "id": "6478472943821774848", "name": "武汉径河化工有限公司", "type": "其他", "city": "东西湖区", "lyyj": "长江干流流域", "lyej": "府澴河片区", "hsfw": "湖北省朱家河口断面对应汇水范围", "kzdy": "涢水（湖北省）控制单元", "id_2": "长江_合并线", "河名": "长江", "级别": 0, "province": "湖北省", "city_2": "黄冈市", "descriptio": "由原始线段合并而成的连续线", "BUFF_DIST": 30.0, "ORIG_FID": 0, "dist_to_river_m": 19169.01, "dist_along_river_m": 213931.94, "snap_lon": 114.32089824999998, "snap_lat": 30.60645561 }, "geometry": { "type": "MultiPoint", "coordinates": [ [ 114.1762, 30.686769 ] ] } },
{ "type": "Feature", "properties": { "id": "6478472943867912126", "name": "湖北金盛兰冶金科技有限公司", "type": "其他", "city": "嘉鱼县", "lyyj": "长江干流流域", "lyej": "鄂东南片区", "hsfw": "湖北省纱帽断面对应汇水范围", "kzdy": "长江（湖北省）控制单元", "id_2": "长江_合并线", "河名": "长江", "级别": 0, "province": "湖北省", "city_2": "黄冈市", "descriptio": "由原始线段合并而成的连续线", "BUFF_DIST": 30.0, "ORIG_FID": 0, "dist_to_river_m": 1955.18, "dist_along_river_m": 379953.19, "snap_lon": 113.81554853, "snap_lat": 29.93185647 }, "geometry": { "type": "MultiPoint", "coordinates": [ [ 113.823611, 29.918333 ] ] } },
{ "type": "Feature", "properties": { "id": "6478472944002129873", "name": "武汉中法水务有限公司", "type": "其他", "city": "青山区", "lyyj": "长江干流流域", "lyej": "鄂东南片区", "hsfw": "湖北省白浒山断面对应汇水范围", "kzdy": "长江（湖北省）控制单元", "id_2": "长江_合并线", "河名": "长江", "级别": 0, "province": "湖北省", "city_2": "黄冈市", "descriptio": "由原始线段合并而成的连续线", "BUFF_DIST": 30.0, "ORIG_FID": 0, "dist_to_river_m": 6349.13, "dist_along_river_m": 218236.65, "snap_lon": 114.30068691, "snap_lat": 30.57845409 }, "geometry": { "type": "MultiPoint", "coordinates": [ [ 114.34844, 30.5516 ] ] } },
{ "type": "Feature", "properties": { "id": "6478472944031490030", "name": "武汉金凤凰纸业有限公司", "type": "其他", "city": "江夏区", "lyyj": "长江干流流域", "lyej": "鄂东南片区", "hsfw": "湖北省白浒山断面对应汇水范围", "kzdy": "长江（湖北省）控制单元", "id_2": "长江_合并线", "河名": "长江", "级别": 0, "province": "湖北省", "city_2": "黄冈市", "descriptio": "由原始线段合并而成的连续线", "BUFF_DIST": 30.0, "ORIG_FID": 0, "dist_to_river_m": 1266.15, "dist_along_river_m": 216991.53, "snap_lon": 114.30670105, "snap_lat": 30.58646976 }, "geometry": { "type": "MultiPoint", "coordinates": [ [ 114.3162, 30.581084 ] ] } },
{ "type": "Feature", "properties": { "id": "6478472944094404608", "name": "武汉汉西污水处理有限公司", "type": "其他", "city": "东西湖区", "lyyj": "长江干流流域", "lyej": "鄂东南片区", "hsfw": "湖北省杨泗港断面对应汇水范围", "kzdy": "长江（湖北省）控制单元", "id_2": "长江_合并线", "河名": "长江", "级别": 0, "province": "湖北省", "city_2": "黄冈市", "descriptio": "由原始线段合并而成的连续线", "BUFF_DIST": 30.0, "ORIG_FID": 0, "dist_to_river_m": 16207.44, "dist_along_river_m": 226569.84, "snap_lon": 114.26965742999998, "snap_lat": 30.52061824 }, "geometry": { "type": "MultiPoint", "coordinates": [ [ 114.39, 30.45 ] ] } },
{ "type": "Feature", "properties": { "id": "6478472944148930534", "name": "黄石世星药业有限责任公司", "type": "其他", "city": "经济开发区", "lyyj": "长江干流流域", "lyej": "鄂东南片区", "hsfw": "湖北省白浒山断面对应汇水范围", "kzdy": "长江（湖北省）控制单元", "id_2": "长江_合并线", "河名": "长江", "级别": 0, "province": "湖北省", "city_2": "黄冈市", "descriptio": "由原始线段合并而成的连续线", "BUFF_DIST": 30.0, "ORIG_FID": 0, "dist_to_river_m": 1266.15, "dist_along_river_m": 216991.53, "snap_lon": 114.30670105, "snap_lat": 30.58646976 }, "geometry": { "type": "MultiPoint", "coordinates": [ [ 114.3162, 30.581084 ] ] } },
{ "type": "Feature", "properties": { "id": "6478472944169902018", "name": "湖北武汉双汇食品有限公司", "type": "其他", "city": "东西湖区", "lyyj": "长江干流流域", "lyej": "府澴河片区", "hsfw": "湖北省朱家河口断面对应汇水范围", "kzdy": "涢水（湖北省）控制单元", "id_2": "长江_合并线", "河名": "长江", "级别": 0, "province": "湖北省", "city_2": "黄冈市", "descriptio": "由原始线段合并而成的连续线", "BUFF_DIST": 30.0, "ORIG_FID": 0, "dist_to_river_m": 28044.44, "dist_along_river_m": 222418.9, "snap_lon": 114.28221559000001, "snap_lat": 30.55061973 }, "geometry": { "type": "MultiPoint", "coordinates": [ [ 114.05107, 30.636868 ] ] } },
{ "type": "Feature", "properties": { "id": "3554332986824493241", "name": "武汉光谱同位素科技有限公司", "type": "其他", "city": "青山区", "lyyj": "长江干流流域", "lyej": "鄂东南片区", "hsfw": "湖北省白浒山断面对应汇水范围", "kzdy": "长江（湖北省）控制单元", "id_2": "长江_合并线", "河名": "长江", "级别": 0, "province": "湖北省", "city_2": "黄冈市", "descriptio": "由原始线段合并而成的连续线", "BUFF_DIST": 30.0, "ORIG_FID": 0, "dist_to_river_m": 3577.08, "dist_along_river_m": 177429.59, "snap_lon": 114.56007975, "snap_lat": 30.62914129 }, "geometry": { "type": "MultiPoint", "coordinates": [ [ 114.531456, 30.616575 ] ] } },
{ "type": "Feature", "properties": { "id": "3560856161909508285", "name": "湖北众净环保科技有限公司", "type": "其他", "city": "大冶市", "lyyj": "长江干流流域", "lyej": "鄂东南片区", "hsfw": "湖北省樊口断面对应汇水范围", "kzdy": "梁子湖（湖北省）控制单元", "id_2": "长江_合并线", "河名": "长江", "级别": 0, "province": "湖北省", "city_2": "黄冈市", "descriptio": "由原始线段合并而成的连续线", "BUFF_DIST": 30.0, "ORIG_FID": 0, "dist_to_river_m": 19967.67, "dist_along_river_m": 54773.14, "snap_lon": 115.0760474, "snap_lat": 30.23741 }, "geometry": { "type": "MultiPoint", "coordinates": [ [ 114.913467, 30.171921 ] ] } },
{ "type": "Feature", "properties": { "id": "3591522743591374325", "name": "黄石哈特贝尔精密锻造有限公司", "type": null, "city": "下陆区", "lyyj": "长江干流流域", "lyej": "鄂东南片区", "hsfw": "湖北省风波港（右岸）断面对应汇水范围", "kzdy": "长江（湖北省）控制单元", "id_2": "长江_合并线", "河名": "长江", "级别": 0, "province": "湖北省", "city_2": "黄冈市", "descriptio": "由原始线段合并而成的连续线", "BUFF_DIST": 30.0, "ORIG_FID": 0, "dist_to_river_m": 12365.52, "dist_along_river_m": 54757.83, "snap_lon": 115.07611628000001, "snap_lat": 30.23730731 }, "geometry": { "type": "MultiPoint", "coordinates": [ [ 114.984726, 30.182741 ] ] } },
{ "type": "Feature", "properties": { "id": "3591525357877988853", "name": "黄石新兴管业有限公司新港分公司", "type": null, "city": "新港园区", "lyyj": "长江干流流域", "lyej": "鄂东南片区", "hsfw": "湖北省中官铺断面对应汇水范围", "kzdy": "长江（湖北省）控制单元", "id_2": "长江_合并线", "河名": "长江", "级别": 0, "province": "湖北省", "city_2": "黄冈市", "descriptio": "由原始线段合并而成的连续线", "BUFF_DIST": 30.0, "ORIG_FID": 0, "dist_to_river_m": 4483.16, "dist_along_river_m": 22354.92, "snap_lon": 115.29681862, "snap_lat": 30.11638204 }, "geometry": { "type": "MultiPoint", "coordinates": [ [ 115.26241, 30.098278 ] ] } },
{ "type": "Feature", "properties": { "id": "3592780449526582713", "name": "武汉环投固废运营有限公司", "type": null, "city": "长江新区", "lyyj": "长江干流流域", "lyej": "府澴河片区", "hsfw": "湖北省白浒山断面对应汇水范围", "kzdy": "长江（湖北省）控制单元", "id_2": "长江_合并线", "河名": "长江", "级别": 0, "province": "湖北省", "city_2": "黄冈市", "descriptio": "由原始线段合并而成的连续线", "BUFF_DIST": 30.0, "ORIG_FID": 0, "dist_to_river_m": 7514.53, "dist_along_river_m": 185582.54, "snap_lon": 114.52076467, "snap_lat": 30.68023598 }, "geometry": { "type": "MultiPoint", "coordinates": [ [ 114.554828, 30.730345 ] ] } },
{ "type": "Feature", "properties": { "id": "6478425122414387179", "name": "浠水华实水务有限公司", "type": "其他", "city": "浠水县", "lyyj": "长江干流流域", "lyej": "鄂东五河片区", "hsfw": "湖北省兰溪大桥断面对应汇水范围", "kzdy": "浠水（湖北省）控制单元", "id_2": "长江_合并线", "河名": "长江", "级别": 0, "province": "湖北省", "city_2": "黄冈市", "descriptio": "由原始线段合并而成的连续线", "BUFF_DIST": 30.0, "ORIG_FID": 0, "dist_to_river_m": 22317.45, "dist_along_river_m": 72873.0, "snap_lon": 115.10182543000001, "snap_lat": 30.36546264 }, "geometry": { "type": "MultiPoint", "coordinates": [ [ 115.27157, 30.45746 ] ] } },
{ "type": "Feature", "properties": { "id": "6478472513838505976", "name": "湖北谷城新和有限公司", "type": "其他", "city": "谷城县", "lyyj": "长江干流流域", "lyej": "鄂东南片区", "hsfw": "湖北省白浒山断面对应汇水范围", "kzdy": "长江（湖北省）控制单元", "id_2": "长江_合并线", "河名": "长江", "级别": 0, "province": "湖北省", "city_2": "黄冈市", "descriptio": "由原始线段合并而成的连续线", "BUFF_DIST": 30.0, "ORIG_FID": 0, "dist_to_river_m": 1266.15, "dist_along_river_m": 216991.53, "snap_lon": 114.30670105, "snap_lat": 30.58646976 }, "geometry": { "type": "MultiPoint", "coordinates": [ [ 114.3162, 30.581084 ] ] } },
{ "type": "Feature", "properties": { "id": "6478472513863671787", "name": "黄石市利福达医药化工有限公司", "type": "其他", "city": "阳新县", "lyyj": "长江干流流域", "lyej": "富水片区", "hsfw": "湖北省富池闸断面对应汇水范围", "kzdy": "富水（湖北省，江西省）控制单元", "id_2": "长江_合并线", "河名": "长江", "级别": 0, "province": "湖北省", "city_2": "黄冈市", "descriptio": "由原始线段合并而成的连续线", "BUFF_DIST": 30.0, "ORIG_FID": 0, "dist_to_river_m": 10238.49, "dist_along_river_m": 0.0, "snap_lon": 115.3819062836765, "snap_lat": 29.966159302872203 }, "geometry": { "type": "MultiPoint", "coordinates": [ [ 115.41178, 29.890772 ] ] } },
{ "type": "Feature", "properties": { "id": "6478472600824176620", "name": "湖北山虎涂料有限公司", "type": "其他", "city": "嘉鱼县", "lyyj": "长江干流流域", "lyej": "鄂东南片区", "hsfw": "湖北省纱帽断面对应汇水范围", "kzdy": "长江（湖北省）控制单元", "id_2": "长江_合并线", "河名": "长江", "级别": 0, "province": "湖北省", "city_2": "黄冈市", "descriptio": "由原始线段合并而成的连续线", "BUFF_DIST": 30.0, "ORIG_FID": 0, "dist_to_river_m": 4979.26, "dist_along_river_m": 273267.07, "snap_lon": 114.05298195, "snap_lat": 30.22321648 }, "geometry": { "type": "MultiPoint", "coordinates": [ [ 114.08268, 30.194311 ] ] } },
{ "type": "Feature", "properties": { "id": "6478472600903868396", "name": "应城市恒阳有机硅新材料有限公司", "type": "其他", "city": "应城市", "lyyj": "长江干流流域", "lyej": "鄂东南片区", "hsfw": "湖北省杨泗港断面对应汇水范围", "kzdy": "长江（湖北省）控制单元", "id_2": "长江_合并线", "河名": "长江", "级别": 0, "province": "湖北省", "city_2": "黄冈市", "descriptio": "由原始线段合并而成的连续线", "BUFF_DIST": 30.0, "ORIG_FID": 0, "dist_to_river_m": 1457.46, "dist_along_river_m": 228912.98, "snap_lon": 114.256254878932, "snap_lat": 30.506784819828329 }, "geometry": { "type": "MultiPoint", "coordinates": [ [ 114.26618, 30.499428 ] ] } },
{ "type": "Feature", "properties": { "id": "6478472600954200060", "name": "湖北汇富纳米材料股份有限公司", "type": "其他", "city": "猇亭区", "lyyj": "长江干流流域", "lyej": "鄂东南片区", "hsfw": "湖北省白浒山断面对应汇水范围", "kzdy": "长江（湖北省）控制单元", "id_2": "长江_合并线", "河名": "长江", "级别": 0, "province": "湖北省", "city_2": "黄冈市", "descriptio": "由原始线段合并而成的连续线", "BUFF_DIST": 30.0, "ORIG_FID": 0, "dist_to_river_m": 1266.15, "dist_along_river_m": 216991.53, "snap_lon": 114.30670105, "snap_lat": 30.58646976 }, "geometry": { "type": "MultiPoint", "coordinates": [ [ 114.3162, 30.581084 ] ] } },
{ "type": "Feature", "properties": { "id": "6478472601000337399", "name": "鄂东医疗集团市中心医院", "type": "其他", "city": "黄石港区", "lyyj": "长江干流流域", "lyej": "鄂东南片区", "hsfw": "湖北省风波港（右岸）断面对应汇水范围", "kzdy": "长江（湖北省）控制单元", "id_2": "长江_合并线", "河名": "长江", "级别": 0, "province": "湖北省", "city_2": "黄冈市", "descriptio": "由原始线段合并而成的连续线", "BUFF_DIST": 30.0, "ORIG_FID": 0, "dist_to_river_m": 397.96, "dist_along_river_m": 51926.84, "snap_lon": 115.09316393665407, "snap_lat": 30.221400461819769 }, "geometry": { "type": "MultiPoint", "coordinates": [ [ 115.09075, 30.219122 ] ] } },
{ "type": "Feature", "properties": { "id": "6478472601012920296", "name": "华域视觉科技（武汉）有限公司", "type": "其他", "city": "江夏区", "lyyj": "长江干流流域", "lyej": "鄂东南片区", "hsfw": "湖北省杨泗港断面对应汇水范围", "kzdy": "长江（湖北省）控制单元", "id_2": "长江_合并线", "河名": "长江", "级别": 0, "province": "湖北省", "city_2": "黄冈市", "descriptio": "由原始线段合并而成的连续线", "BUFF_DIST": 30.0, "ORIG_FID": 0, "dist_to_river_m": 3775.11, "dist_along_river_m": 246770.46, "snap_lon": 114.16337224, "snap_lat": 30.39771449000001 }, "geometry": { "type": "MultiPoint", "coordinates": [ [ 114.19132, 30.381145 ] ] } },
{ "type": "Feature", "properties": { "id": "6478472601012920311", "name": "武汉恒源龙裕精密机械制造有限公司", "type": "其他", "city": "蔡甸区", "lyyj": "汉江流域", "lyej": "汉江下游片区", "hsfw": "湖北省杨泗港断面对应汇水范围", "kzdy": "长江（湖北省）控制单元", "id_2": "长江_合并线", "河名": "长江", "级别": 0, "province": "湖北省", "city_2": "黄冈市", "descriptio": "由原始线段合并而成的连续线", "BUFF_DIST": 30.0, "ORIG_FID": 0, "dist_to_river_m": 11153.05, "dist_along_river_m": 250571.51, "snap_lon": 114.14199928241739, "snap_lat": 30.375117037014231 }, "geometry": { "type": "MultiPoint", "coordinates": [ [ 114.067968, 30.433341 ] ] } },
{ "type": "Feature", "properties": { "id": "6478472601017114605", "name": "武汉华庆汽车部件有限公司", "type": "其他", "city": "蔡甸区", "lyyj": "汉江流域", "lyej": "汉江下游片区", "hsfw": "湖北省杨泗港断面对应汇水范围", "kzdy": "长江（湖北省）控制单元", "id_2": "长江_合并线", "河名": "长江", "级别": 0, "province": "湖北省", "city_2": "黄冈市", "descriptio": "由原始线段合并而成的连续线", "BUFF_DIST": 30.0, "ORIG_FID": 0, "dist_to_river_m": 13924.73, "dist_along_river_m": 249650.16, "snap_lon": 114.14744111, "snap_lat": 30.38043852 }, "geometry": { "type": "MultiPoint", "coordinates": [ [ 114.05215, 30.450321 ] ] } },
{ "type": "Feature", "properties": { "id": "6478472601021308920", "name": "武汉开元化学助剂有限公司", "type": "其他", "city": "经开区", "lyyj": "汉江流域", "lyej": "汉江下游片区", "hsfw": "湖北省黄陵大桥断面对应汇水范围", "kzdy": "通顺河（湖北省）控制单元", "id_2": "长江_合并线", "河名": "长江", "级别": 0, "province": "湖北省", "city_2": "黄冈市", "descriptio": "由原始线段合并而成的连续线", "BUFF_DIST": 30.0, "ORIG_FID": 0, "dist_to_river_m": 1843.19, "dist_along_river_m": 256217.4, "snap_lon": 114.10804584, "snap_lat": 30.34310402 }, "geometry": { "type": "MultiPoint", "coordinates": [ [ 114.09715, 30.353863 ] ] } },
{ "type": "Feature", "properties": { "id": "6478472601021308921", "name": "武汉佳丽兴环保科技有限公司", "type": "其他", "city": "经开区", "lyyj": "长江干流流域", "lyej": "鄂东南片区", "hsfw": "湖北省白浒山断面对应汇水范围", "kzdy": "长江（湖北省）控制单元", "id_2": "长江_合并线", "河名": "长江", "级别": 0, "province": "湖北省", "city_2": "黄冈市", "descriptio": "由原始线段合并而成的连续线", "BUFF_DIST": 30.0, "ORIG_FID": 0, "dist_to_river_m": 1266.15, "dist_along_river_m": 216991.53, "snap_lon": 114.30670105, "snap_lat": 30.58646976 }, "geometry": { "type": "MultiPoint", "coordinates": [ [ 114.3162, 30.581084 ] ] } },
{ "type": "Feature", "properties": { "id": "6478472601033891821", "name": "武汉森六汽车配件有限公司", "type": "其他", "city": "东西湖区", "lyyj": "长江干流流域", "lyej": "鄂东南片区", "hsfw": "湖北省白浒山断面对应汇水范围", "kzdy": "长江（湖北省）控制单元", "id_2": "长江_合并线", "河名": "长江", "级别": 0, "province": "湖北省", "city_2": "黄冈市", "descriptio": "由原始线段合并而成的连续线", "BUFF_DIST": 30.0, "ORIG_FID": 0, "dist_to_river_m": 1266.15, "dist_along_river_m": 216991.53, "snap_lon": 114.30670105, "snap_lat": 30.58646976 }, "geometry": { "type": "MultiPoint", "coordinates": [ [ 114.3162, 30.581084 ] ] } },
{ "type": "Feature", "properties": { "id": "6478472601080029152", "name": "武汉科技大学附属天佑医院", "type": "其他", "city": "武昌区", "lyyj": "长江干流流域", "lyej": "鄂东南片区", "hsfw": "湖北省杨泗港断面对应汇水范围", "kzdy": "长江（湖北省）控制单元", "id_2": "长江_合并线", "河名": "长江", "级别": 0, "province": "湖北省", "city_2": "黄冈市", "descriptio": "由原始线段合并而成的连续线", "BUFF_DIST": 30.0, "ORIG_FID": 0, "dist_to_river_m": 5828.1, "dist_along_river_m": 223951.12, "snap_lon": 114.27811602, "snap_lat": 30.53938358 }, "geometry": { "type": "MultiPoint", "coordinates": [ [ 114.327744, 30.52502 ] ] } },
{ "type": "Feature", "properties": { "id": "6478472942051778544", "name": "湖北江田精密化学股份有限公司", "type": "其他", "city": "武穴市", "lyyj": "长江干流流域", "lyej": "鄂东五河片区", "hsfw": "湖北省中官铺断面对应汇水范围", "kzdy": "长江（湖北省）控制单元", "id_2": "长江_合并线", "河名": "长江", "级别": 0, "province": "湖北省", "city_2": "黄冈市", "descriptio": "由原始线段合并而成的连续线", "BUFF_DIST": 30.0, "ORIG_FID": 0, "dist_to_river_m": 3386.92, "dist_along_river_m": 0.0, "snap_lon": 115.3819062836765, "snap_lat": 29.966159302872203 }, "geometry": { "type": "MultiPoint", "coordinates": [ [ 115.411751, 29.961035 ] ] } },
{ "type": "Feature", "properties": { "id": "6478472942102110208", "name": "湖北豪业水泥有限公司", "type": "水泥", "city": "华容区", "lyyj": "长江干流流域", "lyej": "鄂东南片区", "hsfw": "湖北省燕矶断面对应汇水范围", "kzdy": "长江（湖北省）控制单元", "id_2": "长江_合并线", "河名": "长江", "级别": 0, "province": "湖北省", "city_2": "黄冈市", "descriptio": "由原始线段合并而成的连续线", "BUFF_DIST": 30.0, "ORIG_FID": 0, "dist_to_river_m": 13878.44, "dist_along_river_m": 164379.14, "snap_lon": 114.62910726999998, "snap_lat": 30.56053189 }, "geometry": { "type": "MultiPoint", "coordinates": [ [ 114.67158, 30.459547 ] ] } },
{ "type": "Feature", "properties": { "id": "6478472942206967724", "name": "湖北葛店人福药用辅料有限责任公司", "type": "其他", "city": "葛店开发区", "lyyj": "长江干流流域", "lyej": "府澴河片区", "hsfw": "湖北省白浒山断面对应汇水范围", "kzdy": "长江（湖北省）控制单元", "id_2": "长江_合并线", "河名": "长江", "级别": 0, "province": "湖北省", "city_2": "黄冈市", "descriptio": "由原始线段合并而成的连续线", "BUFF_DIST": 30.0, "ORIG_FID": 0, "dist_to_river_m": 5951.77, "dist_along_river_m": 220159.28, "snap_lon": 114.2913051, "snap_lat": 30.56610793 }, "geometry": { "type": "MultiPoint", "coordinates": [ [ 114.24626, 30.590904 ] ] } },
{ "type": "Feature", "properties": { "id": "6478472942316019566", "name": "监利旺能环保能源有限公司", "type": "其他", "city": "监利县", "lyyj": "长江干流流域", "lyej": "鄂东南片区", "hsfw": "湖北省白浒山断面对应汇水范围", "kzdy": "长江（湖北省）控制单元", "id_2": "长江_合并线", "河名": "长江", "级别": 0, "province": "湖北省", "city_2": "黄冈市", "descriptio": "由原始线段合并而成的连续线", "BUFF_DIST": 30.0, "ORIG_FID": 0, "dist_to_river_m": 1266.15, "dist_along_river_m": 216991.53, "snap_lon": 114.30670105, "snap_lat": 30.58646976 }, "geometry": { "type": "MultiPoint", "coordinates": [ [ 114.3162, 30.581084 ] ] } },
{ "type": "Feature", "properties": { "id": "6478472942332796909", "name": "武汉花山生态新城投资有限公司", "type": "其他", "city": "青山区", "lyyj": "长江干流流域", "lyej": "鄂东南片区", "hsfw": "湖北省白浒山断面对应汇水范围", "kzdy": "长江（湖北省）控制单元", "id_2": "长江_合并线", "河名": "长江", "级别": 0, "province": "湖北省", "city_2": "黄冈市", "descriptio": "由原始线段合并而成的连续线", "BUFF_DIST": 30.0, "ORIG_FID": 0, "dist_to_river_m": 6349.13, "dist_along_river_m": 218236.65, "snap_lon": 114.30068691, "snap_lat": 30.57845409 }, "geometry": { "type": "MultiPoint", "coordinates": [ [ 114.34844, 30.5516 ] ] } },
{ "type": "Feature", "properties": { "id": "6478472942395711473", "name": "大冶有色金属有限责任公司冶炼厂（稀贵车间）", "type": "其他", "city": "经济开发区", "lyyj": "长江干流流域", "lyej": "鄂东南片区", "hsfw": "湖北省大冶湖闸断面对应汇水范围", "kzdy": "长江（湖北省）控制单元", "id_2": "长江_合并线", "河名": "长江", "级别": 0, "province": "湖北省", "city_2": "黄冈市", "descriptio": "由原始线段合并而成的连续线", "BUFF_DIST": 30.0, "ORIG_FID": 0, "dist_to_river_m": 13306.16, "dist_along_river_m": 51903.92, "snap_lon": 115.09331805000001, "snap_lat": 30.2212825 }, "geometry": { "type": "MultiPoint", "coordinates": [ [ 115.01557, 30.1428 ] ] } },
{ "type": "Feature", "properties": { "id": "6478472942458626006", "name": "鄂州市洁城垃圾处置有限公司", "type": "其他", "city": "临空经济区", "lyyj": "长江干流流域", "lyej": "鄂东南片区", "hsfw": "湖北省燕矶断面对应汇水范围", "kzdy": "长江（湖北省）控制单元", "id_2": "长江_合并线", "河名": "长江", "级别": 0, "province": "湖北省", "city_2": "黄冈市", "descriptio": "由原始线段合并而成的连续线", "BUFF_DIST": 30.0, "ORIG_FID": 0, "dist_to_river_m": 1214.81, "dist_along_river_m": 96608.1, "snap_lon": 114.90734922394324, "snap_lat": 30.413383490449984 }, "geometry": { "type": "MultiPoint", "coordinates": [ [ 114.9057, 30.40408 ] ] } },
{ "type": "Feature", "properties": { "id": "6478472942458626033", "name": "武汉宝聚炭材料有限公司", "type": "其他", "city": "青山区", "lyyj": "长江干流流域", "lyej": "鄂东南片区", "hsfw": "湖北省白浒山断面对应汇水范围", "kzdy": "长江（湖北省）控制单元", "id_2": "长江_合并线", "河名": "长江", "级别": 0, "province": "湖北省", "city_2": "黄冈市", "descriptio": "由原始线段合并而成的连续线", "BUFF_DIST": 30.0, "ORIG_FID": 0, "dist_to_river_m": 3818.41, "dist_along_river_m": 205319.19, "snap_lon": 114.36221415999998, "snap_lat": 30.66196293 }, "geometry": { "type": "MultiPoint", "coordinates": [ [ 114.391495, 30.646593 ] ] } },
{ "type": "Feature", "properties": { "id": "6478472942467014647", "name": "程力重工股份有限公司", "type": "其他", "city": "黄陂区", "lyyj": "长江干流流域", "lyej": "府澴河片区", "hsfw": "湖北省太平沙断面对应汇水范围", "kzdy": "涢水（湖北省）控制单元", "id_2": "长江_合并线", "河名": "长江", "级别": 0, "province": "湖北省", "city_2": "黄冈市", "descriptio": "由原始线段合并而成的连续线", "BUFF_DIST": 30.0, "ORIG_FID": 0, "dist_to_river_m": 30600.58, "dist_along_river_m": 203032.86, "snap_lon": 114.37423148, "snap_lat": 30.67585692 }, "geometry": { "type": "MultiPoint", "coordinates": [ [ 114.2445, 30.88407 ] ] } },
{ "type": "Feature", "properties": { "id": "6478472942471208876", "name": "黄石市铁汉特钢有限责任公司", "type": "其他", "city": "经济开发区", "lyyj": "长江干流流域", "lyej": "鄂东南片区", "hsfw": "湖北省白浒山断面对应汇水范围", "kzdy": "长江（湖北省）控制单元", "id_2": "长江_合并线", "河名": "长江", "级别": 0, "province": "湖北省", "city_2": "黄冈市", "descriptio": "由原始线段合并而成的连续线", "BUFF_DIST": 30.0, "ORIG_FID": 0, "dist_to_river_m": 1266.15, "dist_along_river_m": 216991.53, "snap_lon": 114.30670105, "snap_lat": 30.58646976 }, "geometry": { "type": "MultiPoint", "coordinates": [ [ 114.3162, 30.581084 ] ] } },
{ "type": "Feature", "properties": { "id": "6478472942496374625", "name": "湖北黄冈伊利乳业有限责任公司黄州分公司", "type": "其他", "city": "黄州区", "lyyj": "长江干流流域", "lyej": "鄂东五河片区", "hsfw": "湖北省燕矶断面对应汇水范围", "kzdy": "长江（湖北省）控制单元", "id_2": "长江_合并线", "河名": "长江", "级别": 0, "province": "湖北省", "city_2": "黄冈市", "descriptio": "由原始线段合并而成的连续线", "BUFF_DIST": 30.0, "ORIG_FID": 0, "dist_to_river_m": 2959.49, "dist_along_river_m": 109907.3, "snap_lon": 114.82989792000001, "snap_lat": 30.47488506 }, "geometry": { "type": "MultiPoint", "coordinates": [ [ 114.85629, 30.477644 ] ] } },
{ "type": "Feature", "properties": { "id": "6478472942517346289", "name": "黄冈美丰化工科技有限公司（西区）", "type": "其他", "city": "黄州区", "lyyj": "长江干流流域", "lyej": "鄂东南片区", "hsfw": "湖北省白浒山断面对应汇水范围", "kzdy": "长江（湖北省）控制单元", "id_2": "长江_合并线", "河名": "长江", "级别": 0, "province": "湖北省", "city_2": "黄冈市", "descriptio": "由原始线段合并而成的连续线", "BUFF_DIST": 30.0, "ORIG_FID": 0, "dist_to_river_m": 5083.43, "dist_along_river_m": 223000.47, "snap_lon": 114.28071294, "snap_lat": 30.546328629999987 }, "geometry": { "type": "MultiPoint", "coordinates": [ [ 114.32418, 30.534273 ] ] } },
{ "type": "Feature", "properties": { "id": "6478472942584455075", "name": "威斯卡特工业（中国）有限公司", "type": "其他", "city": "经开区", "lyyj": "汉江流域", "lyej": "汉江下游片区", "hsfw": "湖北省杨泗港断面对应汇水范围", "kzdy": "长江（湖北省）控制单元", "id_2": "长江_合并线", "河名": "长江", "级别": 0, "province": "湖北省", "city_2": "黄冈市", "descriptio": "由原始线段合并而成的连续线", "BUFF_DIST": 30.0, "ORIG_FID": 0, "dist_to_river_m": 11556.35, "dist_along_river_m": 248502.07, "snap_lon": 114.1538966, "snap_lat": 30.387251 }, "geometry": { "type": "MultiPoint", "coordinates": [ [ 114.073557, 30.443949 ] ] } },
{ "type": "Feature", "properties": { "id": "6478472942588649411", "name": "湖北鑫煌陶瓷股份有限公司", "type": "其他", "city": "云梦县", "lyyj": "长江干流流域", "lyej": "府澴河片区", "hsfw": "湖北省白浒山断面对应汇水范围", "kzdy": "长江（湖北省）控制单元", "id_2": "长江_合并线", "河名": "长江", "级别": 0, "province": "湖北省", "city_2": "黄冈市", "descriptio": "由原始线段合并而成的连续线", "BUFF_DIST": 30.0, "ORIG_FID": 0, "dist_to_river_m": 1845.36, "dist_along_river_m": 216510.72, "snap_lon": 114.30890107, "snap_lat": 30.58962581 }, "geometry": { "type": "MultiPoint", "coordinates": [ [ 114.294976, 30.597368 ] ] } },
{ "type": "Feature", "properties": { "id": "6478472942605426636", "name": "延锋彼欧武汉汽车外饰系统有限公司", "type": "其他", "city": "江夏区", "lyyj": "长江干流流域", "lyej": "鄂东南片区", "hsfw": "湖北省杨泗港断面对应汇水范围", "kzdy": "长江（湖北省）控制单元", "id_2": "长江_合并线", "河名": "长江", "级别": 0, "province": "湖北省", "city_2": "黄冈市", "descriptio": "由原始线段合并而成的连续线", "BUFF_DIST": 30.0, "ORIG_FID": 0, "dist_to_river_m": 3434.8, "dist_along_river_m": 246181.82, "snap_lon": 114.16630232999998, "snap_lat": 30.40149381000001 }, "geometry": { "type": "MultiPoint", "coordinates": [ [ 114.193961, 30.389697 ] ] } },
{ "type": "Feature", "properties": { "id": "6478472942643175374", "name": "湖北龙祥磷化有限公司", "type": "其他", "city": "宜城市", "lyyj": "长江干流流域", "lyej": "鄂东南片区", "hsfw": "湖北省白浒山断面对应汇水范围", "kzdy": "长江（湖北省）控制单元", "id_2": "长江_合并线", "河名": "长江", "级别": 0, "province": "湖北省", "city_2": "黄冈市", "descriptio": "由原始线段合并而成的连续线", "BUFF_DIST": 30.0, "ORIG_FID": 0, "dist_to_river_m": 6349.13, "dist_along_river_m": 218236.65, "snap_lon": 114.30068691, "snap_lat": 30.57845409 }, "geometry": { "type": "MultiPoint", "coordinates": [ [ 114.34844, 30.5516 ] ] } },
{ "type": "Feature", "properties": { "id": "6478472942647369728", "name": "黄冈中电山水环保发电有限公司", "type": "其他", "city": "黄州区", "lyyj": "长江干流流域", "lyej": "鄂东五河片区", "hsfw": "湖北省巴河镇河口断面对应汇水范围", "kzdy": "巴河（湖北省）控制单元", "id_2": "长江_合并线", "河名": "长江", "级别": 0, "province": "湖北省", "city_2": "黄冈市", "descriptio": "由原始线段合并而成的连续线", "BUFF_DIST": 30.0, "ORIG_FID": 0, "dist_to_river_m": 14536.6, "dist_along_river_m": 130089.12, "snap_lon": 114.88872126, "snap_lat": 30.59664958 }, "geometry": { "type": "MultiPoint", "coordinates": [ [ 115.01571, 30.57045 ] ] } },
{ "type": "Feature", "properties": { "id": "6478472942659952589", "name": "湖北云锦科技智造有限公司", "type": "其他", "city": "罗田县", "lyyj": "长江干流流域", "lyej": "鄂东五河片区", "hsfw": "湖北省兰溪大桥断面对应汇水范围", "kzdy": "浠水（湖北省）控制单元", "id_2": "长江_合并线", "河名": "长江", "级别": 0, "province": "湖北省", "city_2": "黄冈市", "descriptio": "由原始线段合并而成的连续线", "BUFF_DIST": 30.0, "ORIG_FID": 0, "dist_to_river_m": 20637.61, "dist_along_river_m": 72631.4, "snap_lon": 115.10294797, "snap_lat": 30.3638782 }, "geometry": { "type": "MultiPoint", "coordinates": [ [ 115.263824, 30.443342 ] ] } },
{ "type": "Feature", "properties": { "id": "6478472942680924073", "name": "武汉海特生物制药股份有限公司", "type": "其他", "city": "经开区", "lyyj": "汉江流域", "lyej": "汉江下游片区", "hsfw": "湖北省杨泗港断面对应汇水范围", "kzdy": "长江（湖北省）控制单元", "id_2": "长江_合并线", "河名": "长江", "级别": 0, "province": "湖北省", "city_2": "黄冈市", "descriptio": "由原始线段合并而成的连续线", "BUFF_DIST": 30.0, "ORIG_FID": 0, "dist_to_river_m": 5658.06, "dist_along_river_m": 238627.95, "snap_lon": 114.1997708, "snap_lat": 30.45095512 }, "geometry": { "type": "MultiPoint", "coordinates": [ [ 114.165016, 30.482922 ] ] } },
{ "type": "Feature", "properties": { "id": "6478472942785781669", "name": "黄石市爱康医院有限责任公司", "type": "其他", "city": "西塞山区", "lyyj": "长江干流流域", "lyej": "鄂东南片区", "hsfw": "湖北省风波港（右岸）断面对应汇水范围", "kzdy": "长江（湖北省）控制单元", "id_2": "长江_合并线", "河名": "长江", "级别": 0, "province": "湖北省", "city_2": "黄冈市", "descriptio": "由原始线段合并而成的连续线", "BUFF_DIST": 30.0, "ORIG_FID": 0, "dist_to_river_m": 2012.81, "dist_along_river_m": 51887.37, "snap_lon": 115.09343482, "snap_lat": 30.22120303000001 }, "geometry": { "type": "MultiPoint", "coordinates": [ [ 115.0831, 30.208382 ] ] } },
{ "type": "Feature", "properties": { "id": "6478472942806753225", "name": "武汉源香食品有限公司", "type": "其他", "city": "东西湖区", "lyyj": "长江干流流域", "lyej": "鄂东南片区", "hsfw": "湖北省白浒山断面对应汇水范围", "kzdy": "长江（湖北省）控制单元", "id_2": "长江_合并线", "河名": "长江", "级别": 0, "province": "湖北省", "city_2": "黄冈市", "descriptio": "由原始线段合并而成的连续线", "BUFF_DIST": 30.0, "ORIG_FID": 0, "dist_to_river_m": 6349.13, "dist_along_river_m": 218236.65, "snap_lon": 114.30068691, "snap_lat": 30.57845409 }, "geometry": { "type": "MultiPoint", "coordinates": [ [ 114.34844, 30.5516 ] ] } },
{ "type": "Feature", "properties": { "id": "6478472942836113360", "name": "湖北省肿瘤医院", "type": null, "city": "洪山区", "lyyj": "长江干流流域", "lyej": "鄂东南片区", "hsfw": "湖北省杨泗港断面对应汇水范围", "kzdy": "长江（湖北省）控制单元", "id_2": "长江_合并线", "河名": "长江", "级别": 0, "province": "湖北省", "city_2": "黄冈市", "descriptio": "由原始线段合并而成的连续线", "BUFF_DIST": 30.0, "ORIG_FID": 0, "dist_to_river_m": 10873.76, "dist_along_river_m": 224861.48, "snap_lon": 114.27557985999998, "snap_lat": 30.53273201 }, "geometry": { "type": "MultiPoint", "coordinates": [ [ 114.365757, 30.500388 ] ] } },
{ "type": "Feature", "properties": { "id": "6478472942865473499", "name": "武汉新芯集成电路制造有限公司", "type": "其他", "city": "东湖高新开发区", "lyyj": "长江干流流域", "lyej": "鄂东南片区", "hsfw": "湖北省杨泗港断面对应汇水范围", "kzdy": "长江（湖北省）控制单元", "id_2": "长江_合并线", "河名": "长江", "级别": 0, "province": "湖北省", "city_2": "黄冈市", "descriptio": "由原始线段合并而成的连续线", "BUFF_DIST": 30.0, "ORIG_FID": 0, "dist_to_river_m": 20766.84, "dist_along_river_m": 226494.69, "snap_lon": 114.26999417, "snap_lat": 30.52112183 }, "geometry": { "type": "MultiPoint", "coordinates": [ [ 114.43956, 30.4541 ] ] } },
{ "type": "Feature", "properties": { "id": "6478472942890639342", "name": "华润雪花啤酒（武汉）有限公司", "type": "其他", "city": "东西湖区", "lyyj": "长江干流流域", "lyej": "府澴河片区", "hsfw": "湖北省朱家河口断面对应汇水范围", "kzdy": "涢水（湖北省）控制单元", "id_2": "长江_合并线", "河名": "长江", "级别": 0, "province": "湖北省", "city_2": "黄冈市", "descriptio": "由原始线段合并而成的连续线", "BUFF_DIST": 30.0, "ORIG_FID": 0, "dist_to_river_m": 33633.49, "dist_along_river_m": 222413.54, "snap_lon": 114.28223483, "snap_lat": 30.55065772 }, "geometry": { "type": "MultiPoint", "coordinates": [ [ 114.009892, 30.663255 ] ] } },
{ "type": "Feature", "properties": { "id": "6478472942903222245", "name": "武汉市蔡甸城投环境技术有限公司", "type": "其他", "city": "蔡甸区", "lyyj": "汉江流域", "lyej": "汉江下游片区", "hsfw": "湖北省黄陵大桥断面对应汇水范围", "kzdy": "通顺河（湖北省）控制单元", "id_2": "长江_合并线", "河名": "长江", "级别": 0, "province": "湖北省", "city_2": "黄冈市", "descriptio": "由原始线段合并而成的连续线", "BUFF_DIST": 30.0, "ORIG_FID": 0, "dist_to_river_m": 23614.7, "dist_along_river_m": 291137.5, "snap_lon": 113.94238283, "snap_lat": 30.30064968 }, "geometry": { "type": "MultiPoint", "coordinates": [ [ 113.88981, 30.47793 ] ] } },
{ "type": "Feature", "properties": { "id": "6478472942953553791", "name": "黄石市环投污水处理有限责任公司（青山湖污水处理厂）", "type": "其他", "city": "黄石港区", "lyyj": "长江干流流域", "lyej": "鄂东南片区", "hsfw": "湖北省风波港（右岸）断面对应汇水范围", "kzdy": "长江（湖北省）控制单元", "id_2": "长江_合并线", "河名": "长江", "级别": 0, "province": "湖北省", "city_2": "黄冈市", "descriptio": "由原始线段合并而成的连续线", "BUFF_DIST": 30.0, "ORIG_FID": 0, "dist_to_river_m": 1607.51, "dist_along_river_m": 55653.16, "snap_lon": 115.0743743, "snap_lat": 30.24401353 }, "geometry": { "type": "MultiPoint", "coordinates": [ [ 115.06026, 30.241377 ] ] } },
{ "type": "Feature", "properties": { "id": "6478472943016468420", "name": "华新水泥（鄂州）有限公司", "type": "水泥", "city": "华容区", "lyyj": "长江干流流域", "lyej": "鄂东南片区", "hsfw": "湖北省燕矶断面对应汇水范围", "kzdy": "长江（湖北省）控制单元", "id_2": "长江_合并线", "河名": "长江", "级别": 0, "province": "湖北省", "city_2": "黄冈市", "descriptio": "由原始线段合并而成的连续线", "BUFF_DIST": 30.0, "ORIG_FID": 0, "dist_to_river_m": 5919.64, "dist_along_river_m": 155740.24, "snap_lon": 114.70186738, "snap_lat": 30.58078116 }, "geometry": { "type": "MultiPoint", "coordinates": [ [ 114.724655, 30.539408 ] ] } },
{ "type": "Feature", "properties": { "id": "6478472943188434942", "name": "湖北华力科技有限公司", "type": "其他", "city": "大冶市", "lyyj": "长江干流流域", "lyej": "鄂东南片区", "hsfw": "湖北省大冶湖闸断面对应汇水范围", "kzdy": "长江（湖北省）控制单元", "id_2": "长江_合并线", "河名": "长江", "级别": 0, "province": "湖北省", "city_2": "黄冈市", "descriptio": "由原始线段合并而成的连续线", "BUFF_DIST": 30.0, "ORIG_FID": 0, "dist_to_river_m": 16419.52, "dist_along_river_m": 53628.6, "snap_lon": 115.08235552, "snap_lat": 30.23049381 }, "geometry": { "type": "MultiPoint", "coordinates": [ [ 114.96991, 30.147984 ] ] } },
{ "type": "Feature", "properties": { "id": "6478472943201017842", "name": "武汉瑞阳化工有限公司", "type": "其他", "city": "黄州区", "lyyj": "长江干流流域", "lyej": "鄂东五河片区", "hsfw": "湖北省巴河镇河口断面对应汇水范围", "kzdy": "巴河（湖北省）控制单元", "id_2": "长江_合并线", "河名": "长江", "级别": 0, "province": "湖北省", "city_2": "黄冈市", "descriptio": "由原始线段合并而成的连续线", "BUFF_DIST": 30.0, "ORIG_FID": 0, "dist_to_river_m": 14671.98, "dist_along_river_m": 130097.33, "snap_lon": 114.88873752000001, "snap_lat": 30.59671149 }, "geometry": { "type": "MultiPoint", "coordinates": [ [ 115.01881, 30.578398 ] ] } },
{ "type": "Feature", "properties": { "id": "6478472943297486819", "name": "武汉武钢维苏威高级陶瓷有限公司", "type": "其他", "city": "青山区", "lyyj": "长江干流流域", "lyej": "鄂东南片区", "hsfw": "湖北省白浒山断面对应汇水范围", "kzdy": "长江（湖北省）控制单元", "id_2": "长江_合并线", "河名": "长江", "级别": 0, "province": "湖北省", "city_2": "黄冈市", "descriptio": "由原始线段合并而成的连续线", "BUFF_DIST": 30.0, "ORIG_FID": 0, "dist_to_river_m": 6818.16, "dist_along_river_m": 188567.92, "snap_lon": 114.49521108, "snap_lat": 30.685785229999986 }, "geometry": { "type": "MultiPoint", "coordinates": [ [ 114.459335, 30.643085 ] ] } },
{ "type": "Feature", "properties": { "id": "6478472943305875283", "name": "黄石中油环保科技发展有限公司", "type": "其他", "city": "经济开发区", "lyyj": "长江干流流域", "lyej": "鄂东南片区", "hsfw": "湖北省大冶湖闸断面对应汇水范围", "kzdy": "长江（湖北省）控制单元", "id_2": "长江_合并线", "河名": "长江", "级别": 0, "province": "湖北省", "city_2": "黄冈市", "descriptio": "由原始线段合并而成的连续线", "BUFF_DIST": 30.0, "ORIG_FID": 0, "dist_to_river_m": 8688.54, "dist_along_river_m": 49452.41, "snap_lon": 115.11294131000001, "snap_lat": 30.21286049 }, "geometry": { "type": "MultiPoint", "coordinates": [ [ 115.085243, 30.149782 ] ] } },
{ "type": "Feature", "properties": { "id": "6478472943305875312", "name": "黄石市星光电子有限公司", "type": "其他", "city": "经济开发区", "lyyj": "长江干流流域", "lyej": "鄂东南片区", "hsfw": "湖北省大冶湖闸断面对应汇水范围", "kzdy": "长江（湖北省）控制单元", "id_2": "长江_合并线", "河名": "长江", "级别": 0, "province": "湖北省", "city_2": "黄冈市", "descriptio": "由原始线段合并而成的连续线", "BUFF_DIST": 30.0, "ORIG_FID": 0, "dist_to_river_m": 10473.3, "dist_along_river_m": 51879.22, "snap_lon": 115.09349511000001, "snap_lat": 30.22116715000001 }, "geometry": { "type": "MultiPoint", "coordinates": [ [ 115.042786, 30.152666 ] ] } },
{ "type": "Feature", "properties": { "id": "6478472943318458243", "name": "湖北新业烟草薄片开发有限公司", "type": "其他", "city": "经开区", "lyyj": "汉江流域", "lyej": "汉江下游片区", "hsfw": "湖北省杨泗港断面对应汇水范围", "kzdy": "长江（湖北省）控制单元", "id_2": "长江_合并线", "河名": "长江", "级别": 0, "province": "湖北省", "city_2": "黄冈市", "descriptio": "由原始线段合并而成的连续线", "BUFF_DIST": 30.0, "ORIG_FID": 0, "dist_to_river_m": 3768.5, "dist_along_river_m": 237624.89, "snap_lon": 114.20688688, "snap_lat": 30.45563818 }, "geometry": { "type": "MultiPoint", "coordinates": [ [ 114.18892, 30.480368 ] ] } },
{ "type": "Feature", "properties": { "id": "6478472943364595696", "name": "孝感新绿水务有限公司（东拓污水处理有限责任公司）", "type": null, "city": "孝南区", "lyyj": "长江干流流域", "lyej": "鄂东南片区", "hsfw": "湖北省白浒山断面对应汇水范围", "kzdy": "长江（湖北省）控制单元", "id_2": "长江_合并线", "河名": "长江", "级别": 0, "province": "湖北省", "city_2": "黄冈市", "descriptio": "由原始线段合并而成的连续线", "BUFF_DIST": 30.0, "ORIG_FID": 0, "dist_to_river_m": 1266.15, "dist_along_river_m": 216991.53, "snap_lon": 114.30670105, "snap_lat": 30.58646976 }, "geometry": { "type": "MultiPoint", "coordinates": [ [ 114.3162, 30.581084 ] ] } },
{ "type": "Feature", "properties": { "id": "6478472943385567172", "name": "仙桃绿怡环保科技有限公司", "type": "其他", "city": "仙桃市", "lyyj": "长江干流流域", "lyej": "鄂东南片区", "hsfw": "湖北省白浒山断面对应汇水范围", "kzdy": "长江（湖北省）控制单元", "id_2": "长江_合并线", "河名": "长江", "级别": 0, "province": "湖北省", "city_2": "黄冈市", "descriptio": "由原始线段合并而成的连续线", "BUFF_DIST": 30.0, "ORIG_FID": 0, "dist_to_river_m": 1266.15, "dist_along_river_m": 216991.53, "snap_lon": 114.30670105, "snap_lat": 30.58646976 }, "geometry": { "type": "MultiPoint", "coordinates": [ [ 114.3162, 30.581084 ] ] } },
{ "type": "Feature", "properties": { "id": "6478472943473647534", "name": "阳新县泰鑫化工有限公司", "type": "其他", "city": "阳新县", "lyyj": "长江干流流域", "lyej": "鄂东南片区", "hsfw": "湖北省白浒山断面对应汇水范围", "kzdy": "长江（湖北省）控制单元", "id_2": "长江_合并线", "河名": "长江", "级别": 0, "province": "湖北省", "city_2": "黄冈市", "descriptio": "由原始线段合并而成的连续线", "BUFF_DIST": 30.0, "ORIG_FID": 0, "dist_to_river_m": 1266.15, "dist_along_river_m": 216991.53, "snap_lon": 114.30670105, "snap_lat": 30.58646976 }, "geometry": { "type": "MultiPoint", "coordinates": [ [ 114.3162, 30.581084 ] ] } },
{ "type": "Feature", "properties": { "id": "6478472943498813366", "name": "湖北仙粼化工有限公司", "type": null, "city": "仙桃市", "lyyj": "汉江流域", "lyej": "汉江下游片区", "hsfw": "湖北省黄陵大桥断面对应汇水范围", "kzdy": "通顺河（湖北省）控制单元", "id_2": "长江_合并线", "河名": "长江", "级别": 0, "province": "湖北省", "city_2": "黄冈市", "descriptio": "由原始线段合并而成的连续线", "BUFF_DIST": 30.0, "ORIG_FID": 0, "dist_to_river_m": 15213.95, "dist_along_river_m": 294239.59, "snap_lon": 113.91958178, "snap_lat": 30.28724751 }, "geometry": { "type": "MultiPoint", "coordinates": [ [ 113.8225, 30.370278 ] ] } },
{ "type": "Feature", "properties": { "id": "6478472943515590554", "name": "华新水泥（阳新）有限公司", "type": "水泥", "city": "新港园区", "lyyj": "长江干流流域", "lyej": "鄂东南片区", "hsfw": "湖北省中官铺断面对应汇水范围", "kzdy": "长江（湖北省）控制单元", "id_2": "长江_合并线", "河名": "长江", "级别": 0, "province": "湖北省", "city_2": "黄冈市", "descriptio": "由原始线段合并而成的连续线", "BUFF_DIST": 30.0, "ORIG_FID": 0, "dist_to_river_m": 1948.63, "dist_along_river_m": 23202.41, "snap_lon": 115.29304925, "snap_lat": 30.12206711 }, "geometry": { "type": "MultiPoint", "coordinates": [ [ 115.278251, 30.113979 ] ] } },
{ "type": "Feature", "properties": { "id": "6478472943523979132", "name": "巴东县野三关污水处理厂（巴东兴东水务有限公司）", "type": null, "city": "巴东县", "lyyj": "长江干流流域", "lyej": "府澴河片区", "hsfw": "湖北省白浒山断面对应汇水范围", "kzdy": "长江（湖北省）控制单元", "id_2": "长江_合并线", "河名": "长江", "级别": 0, "province": "湖北省", "city_2": "黄冈市", "descriptio": "由原始线段合并而成的连续线", "BUFF_DIST": 30.0, "ORIG_FID": 0, "dist_to_river_m": 1845.36, "dist_along_river_m": 216510.72, "snap_lon": 114.30890107, "snap_lat": 30.58962581 }, "geometry": { "type": "MultiPoint", "coordinates": [ [ 114.294976, 30.597368 ] ] } },
{ "type": "Feature", "properties": { "id": "6478472943620448225", "name": "中车洛阳机车有限公司襄阳分公司", "type": "其他", "city": "襄州区", "lyyj": "长江干流流域", "lyej": "鄂东南片区", "hsfw": "湖北省白浒山断面对应汇水范围", "kzdy": "长江（湖北省）控制单元", "id_2": "长江_合并线", "河名": "长江", "级别": 0, "province": "湖北省", "city_2": "黄冈市", "descriptio": "由原始线段合并而成的连续线", "BUFF_DIST": 30.0, "ORIG_FID": 0, "dist_to_river_m": 6341.79, "dist_along_river_m": 218236.65, "snap_lon": 114.30068691, "snap_lat": 30.57845409 }, "geometry": { "type": "MultiPoint", "coordinates": [ [ 114.34844, 30.551704 ] ] } },
{ "type": "Feature", "properties": { "id": "6478472943637225388", "name": "湖北圆通生物工程有限公司", "type": "其他", "city": "建始县", "lyyj": "长江干流流域", "lyej": "鄂东南片区", "hsfw": "湖北省白浒山断面对应汇水范围", "kzdy": "长江（湖北省）控制单元", "id_2": "长江_合并线", "河名": "长江", "级别": 0, "province": "湖北省", "city_2": "黄冈市", "descriptio": "由原始线段合并而成的连续线", "BUFF_DIST": 30.0, "ORIG_FID": 0, "dist_to_river_m": 819.52, "dist_along_river_m": 215856.3, "snap_lon": 114.312037, "snap_lat": 30.59384189 }, "geometry": { "type": "MultiPoint", "coordinates": [ [ 114.31826, 30.590456 ] ] } },
{ "type": "Feature", "properties": { "id": "6478472943670779758", "name": "上汽通用汽车有限公司武汉分公司", "type": "其他", "city": "江夏区", "lyyj": "长江干流流域", "lyej": "鄂东南片区", "hsfw": "湖北省白浒山断面对应汇水范围", "kzdy": "长江（湖北省）控制单元", "id_2": "长江_合并线", "河名": "长江", "级别": 0, "province": "湖北省", "city_2": "黄冈市", "descriptio": "由原始线段合并而成的连续线", "BUFF_DIST": 30.0, "ORIG_FID": 0, "dist_to_river_m": 6349.13, "dist_along_river_m": 218236.65, "snap_lon": 114.30068691, "snap_lat": 30.57845409 }, "geometry": { "type": "MultiPoint", "coordinates": [ [ 114.34844, 30.5516 ] ] } },
{ "type": "Feature", "properties": { "id": "6478472943683362799", "name": "戴瑞米克襄阳电池隔膜有限公司", "type": "其他", "city": "高新开发区", "lyyj": "长江干流流域", "lyej": "鄂东南片区", "hsfw": "湖北省白浒山断面对应汇水范围", "kzdy": "长江（湖北省）控制单元", "id_2": "长江_合并线", "河名": "长江", "级别": 0, "province": "湖北省", "city_2": "黄冈市", "descriptio": "由原始线段合并而成的连续线", "BUFF_DIST": 30.0, "ORIG_FID": 0, "dist_to_river_m": 6349.13, "dist_along_river_m": 218236.65, "snap_lon": 114.30068691, "snap_lat": 30.57845409 }, "geometry": { "type": "MultiPoint", "coordinates": [ [ 114.34844, 30.5516 ] ] } },
{ "type": "Feature", "properties": { "id": "6478472943708528606", "name": "美蓓亚智连科创零件（武汉）有限公司", "type": "其他", "city": "东西湖区", "lyyj": "长江干流流域", "lyej": "府澴河片区", "hsfw": "湖北省朱家河口断面对应汇水范围", "kzdy": "涢水（湖北省）控制单元", "id_2": "长江_合并线", "河名": "长江", "级别": 0, "province": "湖北省", "city_2": "黄冈市", "descriptio": "由原始线段合并而成的连续线", "BUFF_DIST": 30.0, "ORIG_FID": 0, "dist_to_river_m": 19555.27, "dist_along_river_m": 214552.96, "snap_lon": 114.31793109, "snap_lat": 30.60243819 }, "geometry": { "type": "MultiPoint", "coordinates": [ [ 114.17111, 30.68542 ] ] } },
{ "type": "Feature", "properties": { "id": "6478472943746277332", "name": "湖北新日电动车有限公司", "type": "其他", "city": "高新开发区", "lyyj": "长江干流流域", "lyej": "鄂东南片区", "hsfw": "湖北省白浒山断面对应汇水范围", "kzdy": "长江（湖北省）控制单元", "id_2": "长江_合并线", "河名": "长江", "级别": 0, "province": "湖北省", "city_2": "黄冈市", "descriptio": "由原始线段合并而成的连续线", "BUFF_DIST": 30.0, "ORIG_FID": 0, "dist_to_river_m": 6349.13, "dist_along_river_m": 218236.65, "snap_lon": 114.30068691, "snap_lat": 30.57845409 }, "geometry": { "type": "MultiPoint", "coordinates": [ [ 114.34844, 30.5516 ] ] } },
{ "type": "Feature", "properties": { "id": "6478472943750471563", "name": "湖北本汇化工有限公司", "type": "其他", "city": "武穴市", "lyyj": "长江干流流域", "lyej": "鄂东南片区", "hsfw": "湖北省白浒山断面对应汇水范围", "kzdy": "长江（湖北省）控制单元", "id_2": "长江_合并线", "河名": "长江", "级别": 0, "province": "湖北省", "city_2": "黄冈市", "descriptio": "由原始线段合并而成的连续线", "BUFF_DIST": 30.0, "ORIG_FID": 0, "dist_to_river_m": 1266.15, "dist_along_river_m": 216991.53, "snap_lon": 114.30670105, "snap_lat": 30.58646976 }, "geometry": { "type": "MultiPoint", "coordinates": [ [ 114.3162, 30.581084 ] ] } },
{ "type": "Feature", "properties": { "id": "6478472943804997602", "name": "阳新县鑫成矿业有限公司", "type": "其他", "city": "阳新县", "lyyj": "长江干流流域", "lyej": "富水片区", "hsfw": "湖北省中官铺断面对应汇水范围", "kzdy": "长江（湖北省）控制单元", "id_2": "长江_合并线", "河名": "长江", "级别": 0, "province": "湖北省", "city_2": "黄冈市", "descriptio": "由原始线段合并而成的连续线", "BUFF_DIST": 30.0, "ORIG_FID": 0, "dist_to_river_m": 27750.77, "dist_along_river_m": 10157.51, "snap_lon": 115.32687919, "snap_lat": 30.02720392 }, "geometry": { "type": "MultiPoint", "coordinates": [ [ 115.116844, 29.91088 ] ] } },
{ "type": "Feature", "properties": { "id": "6478472943897272289", "name": "湖北浠水鸿盛水务有限公司", "type": "其他", "city": "浠水县", "lyyj": "长江干流流域", "lyej": "鄂东五河片区", "hsfw": "湖北省兰溪大桥断面对应汇水范围", "kzdy": "浠水（湖北省）控制单元", "id_2": "长江_合并线", "河名": "长江", "级别": 0, "province": "湖北省", "city_2": "黄冈市", "descriptio": "由原始线段合并而成的连续线", "BUFF_DIST": 30.0, "ORIG_FID": 0, "dist_to_river_m": 15509.22, "dist_along_river_m": 73792.12, "snap_lon": 115.097483, "snap_lat": 30.37142849 }, "geometry": { "type": "MultiPoint", "coordinates": [ [ 115.207763, 30.444857 ] ] } },
{ "type": "Feature", "properties": { "id": "6478472943976964080", "name": "赤壁晨力纸业有限公司", "type": "其他", "city": "赤壁市", "lyyj": "长江干流流域", "lyej": "鄂东南片区", "hsfw": "湖北省黄龙镇断面对应汇水范围", "kzdy": "陆水（湖北省）控制单元", "id_2": "长江_合并线", "河名": "长江", "级别": 0, "province": "湖北省", "city_2": "黄冈市", "descriptio": "由原始线段合并而成的连续线", "BUFF_DIST": 30.0, "ORIG_FID": 0, "dist_to_river_m": 26442.75, "dist_along_river_m": 381908.86, "snap_lon": 113.79947042, "snap_lat": 29.9260646 }, "geometry": { "type": "MultiPoint", "coordinates": [ [ 113.859444, 29.726667 ] ] } },
{ "type": "Feature", "properties": { "id": "6478472944035684266", "name": "李时珍医药集团有限公司", "type": null, "city": "蕲春县", "lyyj": "长江干流流域", "lyej": "鄂东五河片区", "hsfw": "湖北省中官铺断面对应汇水范围", "kzdy": "长江（湖北省）控制单元", "id_2": "长江_合并线", "河名": "长江", "级别": 0, "province": "湖北省", "city_2": "黄冈市", "descriptio": "由原始线段合并而成的连续线", "BUFF_DIST": 30.0, "ORIG_FID": 0, "dist_to_river_m": 23280.37, "dist_along_river_m": 25636.25, "snap_lon": 115.28115648999996, "snap_lat": 30.13780473 }, "geometry": { "type": "MultiPoint", "coordinates": [ [ 115.44602, 30.249018 ] ] } },
{ "type": "Feature", "properties": { "id": "3553973553927850170", "name": "武汉精善和科技有限公司", "type": null, "city": "江岸区", "lyyj": "长江干流流域", "lyej": "府澴河片区", "hsfw": "湖北省朱家河口断面对应汇水范围", "kzdy": "涢水（湖北省）控制单元", "id_2": "长江_合并线", "河名": "长江", "级别": 0, "province": "湖北省", "city_2": "黄冈市", "descriptio": "由原始线段合并而成的连续线", "BUFF_DIST": 30.0, "ORIG_FID": 0, "dist_to_river_m": 6023.99, "dist_along_river_m": 208266.44, "snap_lon": 114.34841823, "snap_lat": 30.64274714 }, "geometry": { "type": "MultiPoint", "coordinates": [ [ 114.30181, 30.666401 ] ] } },
{ "type": "Feature", "properties": { "id": "3554000887041001659", "name": "武汉市中心医院（后湖院区）", "type": "其他", "city": "江汉区", "lyyj": "长江干流流域", "lyej": "鄂东南片区", "hsfw": "湖北省白浒山断面对应汇水范围", "kzdy": "长江（湖北省）控制单元", "id_2": "长江_合并线", "河名": "长江", "级别": 0, "province": "湖北省", "city_2": "黄冈市", "descriptio": "由原始线段合并而成的连续线", "BUFF_DIST": 30.0, "ORIG_FID": 0, "dist_to_river_m": 6864.59, "dist_along_river_m": 209735.31, "snap_lon": 114.341673, "snap_lat": 30.63315714 }, "geometry": { "type": "MultiPoint", "coordinates": [ [ 114.39239, 30.60297 ] ] } },
{ "type": "Feature", "properties": { "id": "3554001914947471547", "name": "湖北省中西医结合医院（湖北省职业病医院）", "type": null, "city": "江汉区", "lyyj": "长江干流流域", "lyej": "府澴河片区", "hsfw": "湖北省白浒山断面对应汇水范围", "kzdy": "长江（湖北省）控制单元", "id_2": "长江_合并线", "河名": "长江", "级别": 0, "province": "湖北省", "city_2": "黄冈市", "descriptio": "由原始线段合并而成的连续线", "BUFF_DIST": 30.0, "ORIG_FID": 0, "dist_to_river_m": 4364.59, "dist_along_river_m": 215544.59, "snap_lon": 114.31338522999998, "snap_lat": 30.59592594 }, "geometry": { "type": "MultiPoint", "coordinates": [ [ 114.28002, 30.613649 ] ] } },
{ "type": "Feature", "properties": { "id": "3567960970351380667", "name": "黄冈人福药业有限责任公司", "type": "其他", "city": "黄州区", "lyyj": "长江干流流域", "lyej": "鄂东五河片区", "hsfw": "湖北省燕矶断面对应汇水范围", "kzdy": "长江（湖北省）控制单元", "id_2": "长江_合并线", "河名": "长江", "级别": 0, "province": "湖北省", "city_2": "黄冈市", "descriptio": "由原始线段合并而成的连续线", "BUFF_DIST": 30.0, "ORIG_FID": 0, "dist_to_river_m": 13092.86, "dist_along_river_m": 130122.11, "snap_lon": 114.88875853, "snap_lat": 30.59690208 }, "geometry": { "type": "MultiPoint", "coordinates": [ [ 115.00637, 30.596096 ] ] } },
{ "type": "Feature", "properties": { "id": "3589519572570476021", "name": "武汉车都环境科技有限公司（汉南第二污水处理厂）", "type": "其他", "city": "经开区", "lyyj": "汉江流域", "lyej": "汉江下游片区", "hsfw": "湖北省杨泗港断面对应汇水范围", "kzdy": "长江（湖北省）控制单元", "id_2": "长江_合并线", "河名": "长江", "级别": 0, "province": "湖北省", "city_2": "黄冈市", "descriptio": "由原始线段合并而成的连续线", "BUFF_DIST": 30.0, "ORIG_FID": 0, "dist_to_river_m": 5703.19, "dist_along_river_m": 238488.65, "snap_lon": 114.20069343999998, "snap_lat": 30.451683 }, "geometry": { "type": "MultiPoint", "coordinates": [ [ 114.168755, 30.48621 ] ] } },
{ "type": "Feature", "properties": { "id": "3593102673284435425", "name": "黄石和润有色医院有限公司", "type": null, "city": "下陆区", "lyyj": "长江干流流域", "lyej": "鄂东南片区", "hsfw": "湖北省大冶湖闸断面对应汇水范围", "kzdy": "长江（湖北省）控制单元", "id_2": "长江_合并线", "河名": "长江", "级别": 0, "province": "湖北省", "city_2": "黄冈市", "descriptio": "由原始线段合并而成的连续线", "BUFF_DIST": 30.0, "ORIG_FID": 0, "dist_to_river_m": 15388.5, "dist_along_river_m": 54766.3, "snap_lon": 115.07607593000002, "snap_lat": 30.23736301 }, "geometry": { "type": "MultiPoint", "coordinates": [ [ 114.95682, 30.176945 ] ] } },
{ "type": "Feature", "properties": { "id": "6478425122494078962", "name": "湖北昱立陶瓷有限公司", "type": "其他", "city": "蕲春县", "lyyj": "长江干流流域", "lyej": "鄂东五河片区", "hsfw": "湖北省中官铺断面对应汇水范围", "kzdy": "长江（湖北省）控制单元", "id_2": "长江_合并线", "河名": "长江", "级别": 0, "province": "湖北省", "city_2": "黄冈市", "descriptio": "由原始线段合并而成的连续线", "BUFF_DIST": 30.0, "ORIG_FID": 0, "dist_to_river_m": 15608.36, "dist_along_river_m": 23893.79, "snap_lon": 115.29003469, "snap_lat": 30.12673565 }, "geometry": { "type": "MultiPoint", "coordinates": [ [ 115.412056, 30.186455 ] ] } },
{ "type": "Feature", "properties": { "id": "6478472513884643297", "name": "黄石新港三洲环保有限公司", "type": "其他", "city": "新港园区", "lyyj": "长江干流流域", "lyej": "鄂东南片区", "hsfw": "湖北省中官铺断面对应汇水范围", "kzdy": "长江（湖北省）控制单元", "id_2": "长江_合并线", "河名": "长江", "级别": 0, "province": "湖北省", "city_2": "黄冈市", "descriptio": "由原始线段合并而成的连续线", "BUFF_DIST": 30.0, "ORIG_FID": 0, "dist_to_river_m": 2310.62, "dist_along_river_m": 18289.17, "snap_lon": 115.31282507999998, "snap_lat": 30.08821844 }, "geometry": { "type": "MultiPoint", "coordinates": [ [ 115.293745, 30.081147 ] ] } },
{ "type": "Feature", "properties": { "id": "6478472600824176631", "name": "华新环境工程有限公司赤壁分公司", "type": "其他", "city": "赤壁市", "lyyj": "长江干流流域", "lyej": "鄂东南片区", "hsfw": "湖北省黄龙镇断面对应汇水范围", "kzdy": "陆水（湖北省）控制单元", "id_2": "长江_合并线", "河名": "长江", "级别": 0, "province": "湖北省", "city_2": "黄冈市", "descriptio": "由原始线段合并而成的连续线", "BUFF_DIST": 30.0, "ORIG_FID": 0, "dist_to_river_m": 31439.46, "dist_along_river_m": 379201.84, "snap_lon": 113.82087141, "snap_lat": 29.93534842 }, "geometry": { "type": "MultiPoint", "coordinates": [ [ 114.01478, 29.757246 ] ] } },
{ "type": "Feature", "properties": { "id": "6478472600832565230", "name": "湖北海汇化工科技有限公司", "type": "其他", "city": "黄州区", "lyyj": "长江干流流域", "lyej": "鄂东五河片区", "hsfw": "湖北省燕矶断面对应汇水范围", "kzdy": "长江（湖北省）控制单元", "id_2": "长江_合并线", "河名": "长江", "级别": 0, "province": "湖北省", "city_2": "黄冈市", "descriptio": "由原始线段合并而成的连续线", "BUFF_DIST": 30.0, "ORIG_FID": 0, "dist_to_river_m": 4023.48, "dist_along_river_m": 96074.68, "snap_lon": 114.91207067000002, "snap_lat": 30.41294493 }, "geometry": { "type": "MultiPoint", "coordinates": [ [ 114.917, 30.443819 ] ] } },
{ "type": "Feature", "properties": { "id": "6478472600853536753", "name": "武汉材料保护研究所有限公司（黄冈火车站经济开发区厂区）", "type": "其他", "city": "黄州区", "lyyj": "长江干流流域", "lyej": "府澴河片区", "hsfw": "湖北省朱家河口断面对应汇水范围", "kzdy": "涢水（湖北省）控制单元", "id_2": "长江_合并线", "河名": "长江", "级别": 0, "province": "湖北省", "city_2": "黄冈市", "descriptio": "由原始线段合并而成的连续线", "BUFF_DIST": 30.0, "ORIG_FID": 0, "dist_to_river_m": 5429.72, "dist_along_river_m": 220487.13, "snap_lon": 114.28992449, "snap_lat": 30.56393616000001 }, "geometry": { "type": "MultiPoint", "coordinates": [ [ 114.2465, 30.583061 ] ] } },
{ "type": "Feature", "properties": { "id": "6478472600861925368", "name": "石首市人民医院", "type": "其他", "city": "石首市", "lyyj": "长江干流流域", "lyej": "鄂东南片区", "hsfw": "湖北省白浒山断面对应汇水范围", "kzdy": "长江（湖北省）控制单元", "id_2": "长江_合并线", "河名": "长江", "级别": 0, "province": "湖北省", "city_2": "黄冈市", "descriptio": "由原始线段合并而成的连续线", "BUFF_DIST": 30.0, "ORIG_FID": 0, "dist_to_river_m": 6349.13, "dist_along_river_m": 218236.65, "snap_lon": 114.30068691, "snap_lat": 30.57845409 }, "geometry": { "type": "MultiPoint", "coordinates": [ [ 114.34844, 30.5516 ] ] } },
{ "type": "Feature", "properties": { "id": "6478472600899674111", "name": "湖北三棵树新材料科技有限公司", "type": "其他", "city": "应城市", "lyyj": "汉江流域", "lyej": "汉江下游片区", "hsfw": "湖北省宗关断面对应汇水范围", "kzdy": "汉江（丹江口下）（湖北省）控制单元", "id_2": "长江_合并线", "河名": "长江", "级别": 0, "province": "湖北省", "city_2": "黄冈市", "descriptio": "由原始线段合并而成的连续线", "BUFF_DIST": 30.0, "ORIG_FID": 0, "dist_to_river_m": 33890.36, "dist_along_river_m": 291129.32, "snap_lon": 113.94245501, "snap_lat": 30.30066152 }, "geometry": { "type": "MultiPoint", "coordinates": [ [ 113.8976, 30.5603 ] ] } },
{ "type": "Feature", "properties": { "id": "6478472601004531698", "name": "武汉人福药业有限责任公司", "type": "其他", "city": "东湖高新开发区", "lyyj": "长江干流流域", "lyej": "鄂东南片区", "hsfw": "湖北省西梁子湖湖心（南北嘴）/牛山湖湖心/西梁子湖湖北/西梁子湖湖南断面对应汇水范围", "kzdy": "梁子湖（湖北省）控制单元", "id_2": "长江_合并线", "河名": "长江", "级别": 0, "province": "湖北省", "city_2": "黄冈市", "descriptio": "由原始线段合并而成的连续线", "BUFF_DIST": 30.0, "ORIG_FID": 0, "dist_to_river_m": 12117.36, "dist_along_river_m": 168386.85, "snap_lon": 114.59519041, "snap_lat": 30.56759746 }, "geometry": { "type": "MultiPoint", "coordinates": [ [ 114.539188, 30.487195 ] ] } },
{ "type": "Feature", "properties": { "id": "6478472601008726004", "name": "武汉市黄陂区中医医院", "type": "其他", "city": "黄陂区", "lyyj": "长江干流流域", "lyej": "鄂东南片区", "hsfw": "湖北省白浒山断面对应汇水范围", "kzdy": "长江（湖北省）控制单元", "id_2": "长江_合并线", "河名": "长江", "级别": 0, "province": "湖北省", "city_2": "黄冈市", "descriptio": "由原始线段合并而成的连续线", "BUFF_DIST": 30.0, "ORIG_FID": 0, "dist_to_river_m": 6349.13, "dist_along_river_m": 218236.65, "snap_lon": 114.30068691, "snap_lat": 30.57845409 }, "geometry": { "type": "MultiPoint", "coordinates": [ [ 114.34844, 30.5516 ] ] } },
{ "type": "Feature", "properties": { "id": "6478472601021308925", "name": "武汉高木汽车部件有限公司", "type": "其他", "city": "经开区", "lyyj": "汉江流域", "lyej": "汉江下游片区", "hsfw": "湖北省黄陵大桥断面对应汇水范围", "kzdy": "通顺河（湖北省）控制单元", "id_2": "长江_合并线", "河名": "长江", "级别": 0, "province": "湖北省", "city_2": "黄冈市", "descriptio": "由原始线段合并而成的连续线", "BUFF_DIST": 30.0, "ORIG_FID": 0, "dist_to_river_m": 2558.55, "dist_along_river_m": 257660.73, "snap_lon": 114.1016892, "snap_lat": 30.33339941 }, "geometry": { "type": "MultiPoint", "coordinates": [ [ 114.080445, 30.34097 ] ] } },
{ "type": "Feature", "properties": { "id": "6478472601025503219", "name": "东风本田汽车有限公司第三工厂", "type": "其他", "city": "经开区", "lyyj": "长江干流流域", "lyej": "鄂东南片区", "hsfw": "湖北省白浒山断面对应汇水范围", "kzdy": "长江（湖北省）控制单元", "id_2": "长江_合并线", "河名": "长江", "级别": 0, "province": "湖北省", "city_2": "黄冈市", "descriptio": "由原始线段合并而成的连续线", "BUFF_DIST": 30.0, "ORIG_FID": 0, "dist_to_river_m": 6349.13, "dist_along_river_m": 218236.65, "snap_lon": 114.30068691, "snap_lat": 30.57845409 }, "geometry": { "type": "MultiPoint", "coordinates": [ [ 114.34844, 30.5516 ] ] } },
{ "type": "Feature", "properties": { "id": "6478472601080029176", "name": "华中科技大学同济医学院附属协和医院本部", "type": "其他", "city": "江汉区", "lyyj": "汉江流域", "lyej": "汉江下游片区", "hsfw": "湖北省杨泗港断面对应汇水范围", "kzdy": "长江（湖北省）控制单元", "id_2": "长江_合并线", "河名": "长江", "级别": 0, "province": "湖北省", "city_2": "黄冈市", "descriptio": "由原始线段合并而成的连续线", "BUFF_DIST": 30.0, "ORIG_FID": 0, "dist_to_river_m": 6025.04, "dist_along_river_m": 234945.74, "snap_lon": 114.22335884999998, "snap_lat": 30.46999927 }, "geometry": { "type": "MultiPoint", "coordinates": [ [ 114.180214, 30.498161 ] ] } },
{ "type": "Feature", "properties": { "id": "6478472942026612651", "name": "鄂州航信水环境发展有限公司花湖污水处理厂", "type": "其他", "city": "鄂城区", "lyyj": "长江干流流域", "lyej": "鄂东南片区", "hsfw": "湖北省燕矶断面对应汇水范围", "kzdy": "长江（湖北省）控制单元", "id_2": "长江_合并线", "河名": "长江", "级别": 0, "province": "湖北省", "city_2": "黄冈市", "descriptio": "由原始线段合并而成的连续线", "BUFF_DIST": 30.0, "ORIG_FID": 0, "dist_to_river_m": 4665.74, "dist_along_river_m": 93910.35, "snap_lon": 114.93106931, "snap_lat": 30.41031433 }, "geometry": { "type": "MultiPoint", "coordinates": [ [ 114.926515, 30.374375 ] ] } },
{ "type": "Feature", "properties": { "id": "6478472942055972787", "name": "鄂州蓝工水务有限公司-红莲湖污水处理厂", "type": "其他", "city": "华容区", "lyyj": "长江干流流域", "lyej": "鄂东南片区", "hsfw": "湖北省燕矶断面对应汇水范围", "kzdy": "长江（湖北省）控制单元", "id_2": "长江_合并线", "河名": "长江", "级别": 0, "province": "湖北省", "city_2": "黄冈市", "descriptio": "由原始线段合并而成的连续线", "BUFF_DIST": 30.0, "ORIG_FID": 0, "dist_to_river_m": 5630.59, "dist_along_river_m": 157622.89, "snap_lon": 114.68597445811788, "snap_lat": 30.576384282260349 }, "geometry": { "type": "MultiPoint", "coordinates": [ [ 114.69123, 30.533063 ] ] } },
{ "type": "Feature", "properties": { "id": "6478472942064361337", "name": "武汉国博能源管理有限公司", "type": "其他", "city": "汉阳区", "lyyj": "汉江流域", "lyej": "汉江下游片区", "hsfw": "湖北省杨泗港断面对应汇水范围", "kzdy": "长江（湖北省）控制单元", "id_2": "长江_合并线", "河名": "长江", "级别": 0, "province": "湖北省", "city_2": "黄冈市", "descriptio": "由原始线段合并而成的连续线", "BUFF_DIST": 30.0, "ORIG_FID": 0, "dist_to_river_m": 831.82, "dist_along_river_m": 228843.22, "snap_lon": 114.25659692000001, "snap_lat": 30.50723584 }, "geometry": { "type": "MultiPoint", "coordinates": [ [ 114.25051, 30.51097 ] ] } },
{ "type": "Feature", "properties": { "id": "6478472942064361444", "name": "中冶水务（武汉）有限公司左岭污水处理厂", "type": "其他", "city": "东湖高新开发区", "lyyj": "长江干流流域", "lyej": "鄂东南片区", "hsfw": "湖北省西梁子湖湖心（南北嘴）/牛山湖湖心/西梁子湖湖北/西梁子湖湖南断面对应汇水范围", "kzdy": "梁子湖（湖北省）控制单元", "id_2": "长江_合并线", "河名": "长江", "级别": 0, "province": "湖北省", "city_2": "黄冈市", "descriptio": "由原始线段合并而成的连续线", "BUFF_DIST": 30.0, "ORIG_FID": 0, "dist_to_river_m": 13460.3, "dist_along_river_m": 168113.88, "snap_lon": 114.59730487, "snap_lat": 30.56656008 }, "geometry": { "type": "MultiPoint", "coordinates": [ [ 114.54056, 30.47458 ] ] } },
{ "type": "Feature", "properties": { "id": "6478472942068555557", "name": "武汉车都环境科技有限公司（黄陵污水处理厂）", "type": "其他", "city": "经开区", "lyyj": "汉江流域", "lyej": "汉江下游片区", "hsfw": "湖北省杨泗港断面对应汇水范围", "kzdy": "长江（湖北省）控制单元", "id_2": "长江_合并线", "河名": "长江", "级别": 0, "province": "湖北省", "city_2": "黄冈市", "descriptio": "由原始线段合并而成的连续线", "BUFF_DIST": 30.0, "ORIG_FID": 0, "dist_to_river_m": 5703.19, "dist_along_river_m": 238488.65, "snap_lon": 114.20069343999998, "snap_lat": 30.451683 }, "geometry": { "type": "MultiPoint", "coordinates": [ [ 114.168755, 30.48621 ] ] } },
{ "type": "Feature", "properties": { "id": "6478472942123081645", "name": "鄂州市中心医院", "type": "其他", "city": "鄂城区", "lyyj": "长江干流流域", "lyej": "鄂东南片区", "hsfw": "湖北省燕矶断面对应汇水范围", "kzdy": "长江（湖北省）控制单元", "id_2": "长江_合并线", "河名": "长江", "级别": 0, "province": "湖北省", "city_2": "黄冈市", "descriptio": "由原始线段合并而成的连续线", "BUFF_DIST": 30.0, "ORIG_FID": 0, "dist_to_river_m": 2442.22, "dist_along_river_m": 98767.47, "snap_lon": 114.88855363, "snap_lat": 30.41689079 }, "geometry": { "type": "MultiPoint", "coordinates": [ [ 114.881929, 30.398853 ] ] } },
{ "type": "Feature", "properties": { "id": "6478472942181801984", "name": "武汉博瑞环保能源发展有限公司", "type": "其他", "city": "汉阳区", "lyyj": "汉江流域", "lyej": "汉江下游片区", "hsfw": "湖北省宗关断面对应汇水范围", "kzdy": "汉江（丹江口下）（湖北省）控制单元", "id_2": "长江_合并线", "河名": "长江", "级别": 0, "province": "湖北省", "city_2": "黄冈市", "descriptio": "由原始线段合并而成的连续线", "BUFF_DIST": 30.0, "ORIG_FID": 0, "dist_to_river_m": 11636.61, "dist_along_river_m": 223662.22, "snap_lon": 114.27881721, "snap_lat": 30.54151545 }, "geometry": { "type": "MultiPoint", "coordinates": [ [ 114.17961, 30.569883 ] ] } },
{ "type": "Feature", "properties": { "id": "6478472942206967795", "name": "武钢资源集团鄂州球团有限公司", "type": "其他", "city": "临空经济区", "lyyj": "长江干流流域", "lyej": "鄂东南片区", "hsfw": "湖北省燕矶断面对应汇水范围", "kzdy": "长江（湖北省）控制单元", "id_2": "长江_合并线", "河名": "长江", "级别": 0, "province": "湖北省", "city_2": "黄冈市", "descriptio": "由原始线段合并而成的连续线", "BUFF_DIST": 30.0, "ORIG_FID": 0, "dist_to_river_m": 1076.2, "dist_along_river_m": 97298.4, "snap_lon": 114.90131047, "snap_lat": 30.41439324 }, "geometry": { "type": "MultiPoint", "coordinates": [ [ 114.8986, 30.40639 ] ] } },
{ "type": "Feature", "properties": { "id": "6478472942462820337", "name": "黄冈TCL环境科技有限公司", "type": "其他", "city": "黄州区", "lyyj": "长江干流流域", "lyej": "鄂东五河片区", "hsfw": "湖北省巴河镇河口断面对应汇水范围", "kzdy": "巴河（湖北省）控制单元", "id_2": "长江_合并线", "河名": "长江", "级别": 0, "province": "湖北省", "city_2": "黄冈市", "descriptio": "由原始线段合并而成的连续线", "BUFF_DIST": 30.0, "ORIG_FID": 0, "dist_to_river_m": 13655.89, "dist_along_river_m": 130089.12, "snap_lon": 114.88872126, "snap_lat": 30.59664958 }, "geometry": { "type": "MultiPoint", "coordinates": [ [ 115.006584, 30.567366 ] ] } },
{ "type": "Feature", "properties": { "id": "6478472942517346233", "name": "鼎康（武汉）生物医药有限公司", "type": "其他", "city": "东湖高新开发区", "lyyj": "长江干流流域", "lyej": "鄂东南片区", "hsfw": "湖北省西梁子湖湖心（南北嘴）/牛山湖湖心/西梁子湖湖北/西梁子湖湖南断面对应汇水范围", "kzdy": "梁子湖（湖北省）控制单元", "id_2": "长江_合并线", "河名": "长江", "级别": 0, "province": "湖北省", "city_2": "黄冈市", "descriptio": "由原始线段合并而成的连续线", "BUFF_DIST": 30.0, "ORIG_FID": 0, "dist_to_river_m": 13504.28, "dist_along_river_m": 168113.88, "snap_lon": 114.59730487, "snap_lat": 30.56656008 }, "geometry": { "type": "MultiPoint", "coordinates": [ [ 114.536753, 30.476007 ] ] } },
{ "type": "Feature", "properties": { "id": "6478472942525734822", "name": "浠水美沁水务有限公司", "type": "其他", "city": "浠水县", "lyyj": "长江干流流域", "lyej": "鄂东五河片区", "hsfw": "湖北省风波港（右岸）断面对应汇水范围", "kzdy": "长江（湖北省）控制单元", "id_2": "长江_合并线", "河名": "长江", "级别": 0, "province": "湖北省", "city_2": "黄冈市", "descriptio": "由原始线段合并而成的连续线", "BUFF_DIST": 30.0, "ORIG_FID": 0, "dist_to_river_m": 1186.94, "dist_along_river_m": 43051.37, "snap_lon": 115.16730526947845, "snap_lat": 30.219010481866057 }, "geometry": { "type": "MultiPoint", "coordinates": [ [ 115.16701, 30.22822 ] ] } },
{ "type": "Feature", "properties": { "id": "6478472942529929135", "name": "阳新县环境卫生事业服务中心", "type": null, "city": "阳新县", "lyyj": "长江干流流域", "lyej": "富水片区", "hsfw": "湖北省富池闸断面对应汇水范围", "kzdy": "富水（湖北省，江西省）控制单元", "id_2": "长江_合并线", "河名": "长江", "级别": 0, "province": "湖北省", "city_2": "黄冈市", "descriptio": "由原始线段合并而成的连续线", "BUFF_DIST": 30.0, "ORIG_FID": 0, "dist_to_river_m": 32224.66, "dist_along_river_m": 0.0, "snap_lon": 115.3819062836765, "snap_lat": 29.966159302872203 }, "geometry": { "type": "MultiPoint", "coordinates": [ [ 115.22403, 29.755735 ] ] } },
{ "type": "Feature", "properties": { "id": "6478472942563483547", "name": "台光电子材料（黄石）有限公司", "type": "其他", "city": "经济开发区", "lyyj": "长江干流流域", "lyej": "鄂东南片区", "hsfw": "湖北省大冶湖闸断面对应汇水范围", "kzdy": "长江（湖北省）控制单元", "id_2": "长江_合并线", "河名": "长江", "级别": 0, "province": "湖北省", "city_2": "黄冈市", "descriptio": "由原始线段合并而成的连续线", "BUFF_DIST": 30.0, "ORIG_FID": 0, "dist_to_river_m": 13306.16, "dist_along_river_m": 51903.92, "snap_lon": 115.09331805000001, "snap_lat": 30.2212825 }, "geometry": { "type": "MultiPoint", "coordinates": [ [ 115.01557, 30.1428 ] ] } },
{ "type": "Feature", "properties": { "id": "6478472942676729839", "name": "武汉万宝井汽车部件有限公司", "type": "其他", "city": "经开区", "lyyj": "汉江流域", "lyej": "汉江下游片区", "hsfw": "湖北省杨泗港断面对应汇水范围", "kzdy": "长江（湖北省）控制单元", "id_2": "长江_合并线", "河名": "长江", "级别": 0, "province": "湖北省", "city_2": "黄冈市", "descriptio": "由原始线段合并而成的连续线", "BUFF_DIST": 30.0, "ORIG_FID": 0, "dist_to_river_m": 10396.17, "dist_along_river_m": 242011.14, "snap_lon": 114.18069753999998, "snap_lat": 30.43110499 }, "geometry": { "type": "MultiPoint", "coordinates": [ [ 114.09534, 30.463772 ] ] } },
{ "type": "Feature", "properties": { "id": "6478472942685118454", "name": "湖北中瓷万达陶瓷有限公司", "type": "其他", "city": "蕲春县", "lyyj": "长江干流流域", "lyej": "府澴河片区", "hsfw": "湖北省白浒山断面对应汇水范围", "kzdy": "长江（湖北省）控制单元", "id_2": "长江_合并线", "河名": "长江", "级别": 0, "province": "湖北省", "city_2": "黄冈市", "descriptio": "由原始线段合并而成的连续线", "BUFF_DIST": 30.0, "ORIG_FID": 0, "dist_to_river_m": 1845.36, "dist_along_river_m": 216510.72, "snap_lon": 114.30890107, "snap_lat": 30.58962581 }, "geometry": { "type": "MultiPoint", "coordinates": [ [ 114.294976, 30.597368 ] ] } },
{ "type": "Feature", "properties": { "id": "6478472942693506982", "name": "武汉名杰模塑有限公司", "type": "其他", "city": "经开区", "lyyj": "汉江流域", "lyej": "汉江下游片区", "hsfw": "湖北省杨泗港断面对应汇水范围", "kzdy": "长江（湖北省）控制单元", "id_2": "长江_合并线", "河名": "长江", "级别": 0, "province": "湖北省", "city_2": "黄冈市", "descriptio": "由原始线段合并而成的连续线", "BUFF_DIST": 30.0, "ORIG_FID": 0, "dist_to_river_m": 5067.45, "dist_along_river_m": 240680.38, "snap_lon": 114.18696679, "snap_lat": 30.43977683 }, "geometry": { "type": "MultiPoint", "coordinates": [ [ 114.158765, 30.47058 ] ] } },
{ "type": "Feature", "properties": { "id": "6478472942731255741", "name": "湖北云华安化工有限公司", "type": "其他", "city": "武穴市", "lyyj": "长江干流流域", "lyej": "鄂东五河片区", "hsfw": "湖北省中官铺断面对应汇水范围", "kzdy": "长江（湖北省）控制单元", "id_2": "长江_合并线", "河名": "长江", "级别": 0, "province": "湖北省", "city_2": "黄冈市", "descriptio": "由原始线段合并而成的连续线", "BUFF_DIST": 30.0, "ORIG_FID": 0, "dist_to_river_m": 10383.12, "dist_along_river_m": 0.0, "snap_lon": 115.3819062836765, "snap_lat": 29.966159302872203 }, "geometry": { "type": "MultiPoint", "coordinates": [ [ 115.44357, 29.905514 ] ] } },
{ "type": "Feature", "properties": { "id": "6478472942731255776", "name": "湖北纪源医药科技有限公司", "type": "其他", "city": "黄州区", "lyyj": "长江干流流域", "lyej": "鄂东五河片区", "hsfw": "湖北省巴河镇河口断面对应汇水范围", "kzdy": "巴河（湖北省）控制单元", "id_2": "长江_合并线", "河名": "长江", "级别": 0, "province": "湖北省", "city_2": "黄冈市", "descriptio": "由原始线段合并而成的连续线", "BUFF_DIST": 30.0, "ORIG_FID": 0, "dist_to_river_m": 13767.56, "dist_along_river_m": 130097.33, "snap_lon": 114.88873752000001, "snap_lat": 30.59671149 }, "geometry": { "type": "MultiPoint", "coordinates": [ [ 115.00975, 30.574734 ] ] } },
{ "type": "Feature", "properties": { "id": "6478472942840307638", "name": "黄冈市裕中兴食品有限公司", "type": "其他", "city": "黄州区", "lyyj": "长江干流流域", "lyej": "鄂东五河片区", "hsfw": "湖北省燕矶断面对应汇水范围", "kzdy": "长江（湖北省）控制单元", "id_2": "长江_合并线", "河名": "长江", "级别": 0, "province": "湖北省", "city_2": "黄冈市", "descriptio": "由原始线段合并而成的连续线", "BUFF_DIST": 30.0, "ORIG_FID": 0, "dist_to_river_m": 4569.71, "dist_along_river_m": 90763.45, "snap_lon": 114.9589246394381, "snap_lat": 30.408002585975385 }, "geometry": { "type": "MultiPoint", "coordinates": [ [ 114.9622, 30.443287 ] ] } },
{ "type": "Feature", "properties": { "id": "6478472942844501902", "name": "百威（武汉）啤酒有限公司", "type": "其他", "city": "汉阳区", "lyyj": "长江干流流域", "lyej": "府澴河片区", "hsfw": "湖北省白浒山断面对应汇水范围", "kzdy": "长江（湖北省）控制单元", "id_2": "长江_合并线", "河名": "长江", "级别": 0, "province": "湖北省", "city_2": "黄冈市", "descriptio": "由原始线段合并而成的连续线", "BUFF_DIST": 30.0, "ORIG_FID": 0, "dist_to_river_m": 1845.36, "dist_along_river_m": 216510.72, "snap_lon": 114.30890107, "snap_lat": 30.58962581 }, "geometry": { "type": "MultiPoint", "coordinates": [ [ 114.294976, 30.597368 ] ] } },
{ "type": "Feature", "properties": { "id": "6478472942865473519", "name": "湖北中牧安达药业有限公司", "type": "其他", "city": "武穴市", "lyyj": "长江干流流域", "lyej": "鄂东五河片区", "hsfw": "湖北省中官铺断面对应汇水范围", "kzdy": "长江（湖北省）控制单元", "id_2": "长江_合并线", "河名": "长江", "级别": 0, "province": "湖北省", "city_2": "黄冈市", "descriptio": "由原始线段合并而成的连续线", "BUFF_DIST": 30.0, "ORIG_FID": 0, "dist_to_river_m": 7573.04, "dist_along_river_m": 0.0, "snap_lon": 115.3819062836765, "snap_lat": 29.966159302872203 }, "geometry": { "type": "MultiPoint", "coordinates": [ [ 115.4289, 29.923536 ] ] } },
{ "type": "Feature", "properties": { "id": "6478472942869667840", "name": "青岛啤酒（黄石）有限公司", "type": "其他", "city": "下陆区", "lyyj": "长江干流流域", "lyej": "鄂东南片区", "hsfw": "湖北省风波港（右岸）断面对应汇水范围", "kzdy": "长江（湖北省）控制单元", "id_2": "长江_合并线", "河名": "长江", "级别": 0, "province": "湖北省", "city_2": "黄冈市", "descriptio": "由原始线段合并而成的连续线", "BUFF_DIST": 30.0, "ORIG_FID": 0, "dist_to_river_m": 9192.83, "dist_along_river_m": 54757.83, "snap_lon": 115.07611628000001, "snap_lat": 30.23730731 }, "geometry": { "type": "MultiPoint", "coordinates": [ [ 115.00773, 30.197306 ] ] } },
{ "type": "Feature", "properties": { "id": "6478472942899027871", "name": "瀚蓝（黄石）固废处理有限公司", "type": "其他", "city": "经济开发区", "lyyj": "长江干流流域", "lyej": "鄂东南片区", "hsfw": "湖北省大冶湖闸断面对应汇水范围", "kzdy": "长江（湖北省）控制单元", "id_2": "长江_合并线", "河名": "长江", "级别": 0, "province": "湖北省", "city_2": "黄冈市", "descriptio": "由原始线段合并而成的连续线", "BUFF_DIST": 30.0, "ORIG_FID": 0, "dist_to_river_m": 12864.52, "dist_along_river_m": 54010.48, "snap_lon": 115.08019554999998, "snap_lat": 30.23276922 }, "geometry": { "type": "MultiPoint", "coordinates": [ [ 114.989876, 30.170462 ] ] } },
{ "type": "Feature", "properties": { "id": "6478472942903222202", "name": "湖北燕加隆九方圆板材有限责任公司", "type": null, "city": "蕲春县", "lyyj": "长江干流流域", "lyej": "鄂东南片区", "hsfw": "湖北省白浒山断面对应汇水范围", "kzdy": "长江（湖北省）控制单元", "id_2": "长江_合并线", "河名": "长江", "级别": 0, "province": "湖北省", "city_2": "黄冈市", "descriptio": "由原始线段合并而成的连续线", "BUFF_DIST": 30.0, "ORIG_FID": 0, "dist_to_river_m": 1266.15, "dist_along_river_m": 216991.53, "snap_lon": 114.30670105, "snap_lat": 30.58646976 }, "geometry": { "type": "MultiPoint", "coordinates": [ [ 114.3162, 30.581084 ] ] } },
{ "type": "Feature", "properties": { "id": "6478472943054217189", "name": "武汉生物化学制药有限公司", "type": "其他", "city": "江夏区", "lyyj": "长江干流流域", "lyej": "鄂东南片区", "hsfw": "湖北省杨泗港断面对应汇水范围", "kzdy": "长江（湖北省）控制单元", "id_2": "长江_合并线", "河名": "长江", "级别": 0, "province": "湖北省", "city_2": "黄冈市", "descriptio": "由原始线段合并而成的连续线", "BUFF_DIST": 30.0, "ORIG_FID": 0, "dist_to_river_m": 17864.47, "dist_along_river_m": 228332.31, "snap_lon": 114.25976525999998, "snap_lat": 30.51007037 }, "geometry": { "type": "MultiPoint", "coordinates": [ [ 114.378064, 30.416601 ] ] } },
{ "type": "Feature", "properties": { "id": "6478472943108743037", "name": "洪湖林清环保能源有限公司", "type": "其他", "city": "洪湖市", "lyyj": "长江干流流域", "lyej": "四湖片区", "hsfw": "湖北省新滩断面对应汇水范围", "kzdy": "四湖总干渠（湖北省）控制单元", "id_2": "长江_合并线", "河名": "长江", "级别": 0, "province": "湖北省", "city_2": "黄冈市", "descriptio": "由原始线段合并而成的连续线", "BUFF_DIST": 30.0, "ORIG_FID": 0, "dist_to_river_m": 5217.65, "dist_along_river_m": 415348.38, "snap_lon": 113.56577023788245, "snap_lat": 29.850320737936094 }, "geometry": { "type": "MultiPoint", "coordinates": [ [ 113.534322, 29.88046 ] ] } },
{ "type": "Feature", "properties": { "id": "6478472943138103263", "name": "罗田县人民医院", "type": "其他", "city": "罗田县", "lyyj": "长江干流流域", "lyej": "鄂东南片区", "hsfw": "湖北省白浒山断面对应汇水范围", "kzdy": "长江（湖北省）控制单元", "id_2": "长江_合并线", "河名": "长江", "级别": 0, "province": "湖北省", "city_2": "黄冈市", "descriptio": "由原始线段合并而成的连续线", "BUFF_DIST": 30.0, "ORIG_FID": 0, "dist_to_river_m": 6349.13, "dist_along_river_m": 218236.65, "snap_lon": 114.30068691, "snap_lat": 30.57845409 }, "geometry": { "type": "MultiPoint", "coordinates": [ [ 114.34844, 30.5516 ] ] } },
{ "type": "Feature", "properties": { "id": "6478472943142297536", "name": "宜昌富升化工有限公司", "type": "其他", "city": "枝江市", "lyyj": "长江干流流域", "lyej": "鄂东南片区", "hsfw": "湖北省白浒山断面对应汇水范围", "kzdy": "长江（湖北省）控制单元", "id_2": "长江_合并线", "河名": "长江", "级别": 0, "province": "湖北省", "city_2": "黄冈市", "descriptio": "由原始线段合并而成的连续线", "BUFF_DIST": 30.0, "ORIG_FID": 0, "dist_to_river_m": 1266.15, "dist_along_river_m": 216991.53, "snap_lon": 114.30670105, "snap_lat": 30.58646976 }, "geometry": { "type": "MultiPoint", "coordinates": [ [ 114.3162, 30.581084 ] ] } },
{ "type": "Feature", "properties": { "id": "6478472943284903883", "name": "随州市中心医院龙门院区", "type": "其他", "city": "曾都区", "lyyj": "长江干流流域", "lyej": "府澴河片区", "hsfw": "湖北省白浒山断面对应汇水范围", "kzdy": "长江（湖北省）控制单元", "id_2": "长江_合并线", "河名": "长江", "级别": 0, "province": "湖北省", "city_2": "黄冈市", "descriptio": "由原始线段合并而成的连续线", "BUFF_DIST": 30.0, "ORIG_FID": 0, "dist_to_river_m": 1845.36, "dist_along_river_m": 216510.72, "snap_lon": 114.30890107, "snap_lat": 30.58962581 }, "geometry": { "type": "MultiPoint", "coordinates": [ [ 114.294976, 30.597368 ] ] } },
{ "type": "Feature", "properties": { "id": "6478472943310069720", "name": "周大福珠宝文化产业园（武汉）有限公司", "type": "其他", "city": "黄陂区", "lyyj": "汉江流域", "lyej": "汉江下游片区", "hsfw": "湖北省杨泗港断面对应汇水范围", "kzdy": "长江（湖北省）控制单元", "id_2": "长江_合并线", "河名": "长江", "级别": 0, "province": "湖北省", "city_2": "黄冈市", "descriptio": "由原始线段合并而成的连续线", "BUFF_DIST": 30.0, "ORIG_FID": 0, "dist_to_river_m": 4880.03, "dist_along_river_m": 240664.8, "snap_lon": 114.18707849, "snap_lat": 30.43984954 }, "geometry": { "type": "MultiPoint", "coordinates": [ [ 114.16134, 30.47044 ] ] } },
{ "type": "Feature", "properties": { "id": "6478472943318458272", "name": "中车长江车辆有限公司", "type": "其他", "city": "江夏区", "lyyj": "长江干流流域", "lyej": "鄂东南片区", "hsfw": "湖北省金水闸断面对应汇水范围", "kzdy": "长江（湖北省）控制单元", "id_2": "长江_合并线", "河名": "长江", "级别": 0, "province": "湖北省", "city_2": "黄冈市", "descriptio": "由原始线段合并而成的连续线", "BUFF_DIST": 30.0, "ORIG_FID": 0, "dist_to_river_m": 12821.39, "dist_along_river_m": 338973.67, "snap_lon": 114.08623624, "snap_lat": 30.11782208 }, "geometry": { "type": "MultiPoint", "coordinates": [ [ 114.196, 30.148 ] ] } },
{ "type": "Feature", "properties": { "id": "6478472943335235531", "name": "湖北襄大农牧集团股份有限公司", "type": "其他", "city": "宜城市", "lyyj": "长江干流流域", "lyej": "鄂东南片区", "hsfw": "湖北省白浒山断面对应汇水范围", "kzdy": "长江（湖北省）控制单元", "id_2": "长江_合并线", "河名": "长江", "级别": 0, "province": "湖北省", "city_2": "黄冈市", "descriptio": "由原始线段合并而成的连续线", "BUFF_DIST": 30.0, "ORIG_FID": 0, "dist_to_river_m": 1266.15, "dist_along_river_m": 216991.53, "snap_lon": 114.30670105, "snap_lat": 30.58646976 }, "geometry": { "type": "MultiPoint", "coordinates": [ [ 114.3162, 30.581084 ] ] } },
{ "type": "Feature", "properties": { "id": "6478472943335235550", "name": "湖北宏中药业股份有限公司", "type": "其他", "city": "蕲春县", "lyyj": "长江干流流域", "lyej": "鄂东五河片区", "hsfw": "湖北省中官铺断面对应汇水范围", "kzdy": "长江（湖北省）控制单元", "id_2": "长江_合并线", "河名": "长江", "级别": 0, "province": "湖北省", "city_2": "黄冈市", "descriptio": "由原始线段合并而成的连续线", "BUFF_DIST": 30.0, "ORIG_FID": 0, "dist_to_river_m": 21701.27, "dist_along_river_m": 25042.93, "snap_lon": 115.28420729, "snap_lat": 30.13405664 }, "geometry": { "type": "MultiPoint", "coordinates": [ [ 115.4424, 30.232536 ] ] } },
{ "type": "Feature", "properties": { "id": "6478472943419121543", "name": "湖北美天生物科技股份有限公司", "type": "其他", "city": "武穴市", "lyyj": "长江干流流域", "lyej": "府澴河片区", "hsfw": "湖北省朱家河口断面对应汇水范围", "kzdy": "涢水（湖北省）控制单元", "id_2": "长江_合并线", "河名": "长江", "级别": 0, "province": "湖北省", "city_2": "黄冈市", "descriptio": "由原始线段合并而成的连续线", "BUFF_DIST": 30.0, "ORIG_FID": 0, "dist_to_river_m": 9312.69, "dist_along_river_m": 220159.28, "snap_lon": 114.2913051, "snap_lat": 30.56610793 }, "geometry": { "type": "MultiPoint", "coordinates": [ [ 114.21934, 30.60283 ] ] } },
{ "type": "Feature", "properties": { "id": "6478472943440093099", "name": "湖北远大富驰医药化工股份有限公司", "type": "其他", "city": "阳新县", "lyyj": "长江干流流域", "lyej": "鄂东五河片区", "hsfw": "湖北省富池闸断面对应汇水范围", "kzdy": "富水（湖北省，江西省）控制单元", "id_2": "长江_合并线", "河名": "长江", "级别": 0, "province": "湖北省", "city_2": "黄冈市", "descriptio": "由原始线段合并而成的连续线", "BUFF_DIST": 30.0, "ORIG_FID": 0, "dist_to_river_m": 15158.98, "dist_along_river_m": 0.0, "snap_lon": 115.3819062836765, "snap_lat": 29.966159302872203 }, "geometry": { "type": "MultiPoint", "coordinates": [ [ 115.45089, 29.864393 ] ] } },
{ "type": "Feature", "properties": { "id": "6478472943498813363", "name": "湖北联乐集团嘉鱼县富民酿造有限公司", "type": "其他", "city": "嘉鱼县", "lyyj": "长江干流流域", "lyej": "鄂东南片区", "hsfw": "湖北省纱帽断面对应汇水范围", "kzdy": "长江（湖北省）控制单元", "id_2": "长江_合并线", "河名": "长江", "级别": 0, "province": "湖北省", "city_2": "黄冈市", "descriptio": "由原始线段合并而成的连续线", "BUFF_DIST": 30.0, "ORIG_FID": 0, "dist_to_river_m": 3814.39, "dist_along_river_m": 337748.72, "snap_lon": 114.07997621, "snap_lat": 30.12547605 }, "geometry": { "type": "MultiPoint", "coordinates": [ [ 114.10074, 30.149049 ] ] } },
{ "type": "Feature", "properties": { "id": "6478472943498813419", "name": "武穴市新锦源水务有限公司", "type": "其他", "city": "武穴市", "lyyj": "长江干流流域", "lyej": "鄂东南片区", "hsfw": "湖北省白浒山断面对应汇水范围", "kzdy": "长江（湖北省）控制单元", "id_2": "长江_合并线", "河名": "长江", "级别": 0, "province": "湖北省", "city_2": "黄冈市", "descriptio": "由原始线段合并而成的连续线", "BUFF_DIST": 30.0, "ORIG_FID": 0, "dist_to_river_m": 6349.13, "dist_along_river_m": 218236.65, "snap_lon": 114.30068691, "snap_lat": 30.57845409 }, "geometry": { "type": "MultiPoint", "coordinates": [ [ 114.34844, 30.5516 ] ] } },
{ "type": "Feature", "properties": { "id": "6478472943624642429", "name": "索菲亚家居湖北有限公司", "type": "家具制造", "city": "黄州区", "lyyj": "长江干流流域", "lyej": "鄂东五河片区", "hsfw": "湖北省燕矶断面对应汇水范围", "kzdy": "长江（湖北省）控制单元", "id_2": "长江_合并线", "河名": "长江", "级别": 0, "province": "湖北省", "city_2": "黄冈市", "descriptio": "由原始线段合并而成的连续线", "BUFF_DIST": 30.0, "ORIG_FID": 0, "dist_to_river_m": 2831.29, "dist_along_river_m": 89557.46, "snap_lon": 114.96968796655447, "snap_lat": 30.407729309909055 }, "geometry": { "type": "MultiPoint", "coordinates": [ [ 114.969586, 30.429662 ] ] } },
{ "type": "Feature", "properties": { "id": "6478472943750471592", "name": "湖北鸿鑫化工有限公司", "type": "其他", "city": "武穴市", "lyyj": "长江干流流域", "lyej": "鄂东五河片区", "hsfw": "湖北省姚港断面对应汇水范围", "kzdy": "长江（湖北省）控制单元", "id_2": "长江_合并线", "河名": "长江", "级别": 0, "province": "湖北省", "city_2": "黄冈市", "descriptio": "由原始线段合并而成的连续线", "BUFF_DIST": 30.0, "ORIG_FID": 0, "dist_to_river_m": 25439.76, "dist_along_river_m": 0.0, "snap_lon": 115.3819062836765, "snap_lat": 29.966159302872203 }, "geometry": { "type": "MultiPoint", "coordinates": [ [ 115.56739, 29.850441 ] ] } },
{ "type": "Feature", "properties": { "id": "6478472943771443126", "name": "黄冈市楚雄化工股份有限公司", "type": "其他", "city": "黄州区", "lyyj": "长江干流流域", "lyej": "鄂东五河片区", "hsfw": "湖北省燕矶断面对应汇水范围", "kzdy": "长江（湖北省）控制单元", "id_2": "长江_合并线", "河名": "长江", "级别": 0, "province": "湖北省", "city_2": "黄冈市", "descriptio": "由原始线段合并而成的连续线", "BUFF_DIST": 30.0, "ORIG_FID": 0, "dist_to_river_m": 1154.12, "dist_along_river_m": 128950.92, "snap_lon": 114.88135398, "snap_lat": 30.59089421 }, "geometry": { "type": "MultiPoint", "coordinates": [ [ 114.886536, 30.583164 ] ] } },
{ "type": "Feature", "properties": { "id": "6478472943800803176", "name": "荆门高能时代环境技术有限公司", "type": "其他", "city": "掇刀区", "lyyj": "长江干流流域", "lyej": "鄂东南片区", "hsfw": "湖北省白浒山断面对应汇水范围", "kzdy": "长江（湖北省）控制单元", "id_2": "长江_合并线", "河名": "长江", "级别": 0, "province": "湖北省", "city_2": "黄冈市", "descriptio": "由原始线段合并而成的连续线", "BUFF_DIST": 30.0, "ORIG_FID": 0, "dist_to_river_m": 1266.15, "dist_along_river_m": 216991.53, "snap_lon": 114.30670105, "snap_lat": 30.58646976 }, "geometry": { "type": "MultiPoint", "coordinates": [ [ 114.3162, 30.581084 ] ] } },
{ "type": "Feature", "properties": { "id": "6478472943914049513", "name": "华新水泥（赤壁）有限公司", "type": "水泥", "city": "赤壁市", "lyyj": "长江干流流域", "lyej": "鄂东南片区", "hsfw": "湖北省黄龙镇断面对应汇水范围", "kzdy": "陆水（湖北省）控制单元", "id_2": "长江_合并线", "河名": "长江", "级别": 0, "province": "湖北省", "city_2": "黄冈市", "descriptio": "由原始线段合并而成的连续线", "BUFF_DIST": 30.0, "ORIG_FID": 0, "dist_to_river_m": 31439.46, "dist_along_river_m": 379201.84, "snap_lon": 113.82087141, "snap_lat": 29.93534842 }, "geometry": { "type": "MultiPoint", "coordinates": [ [ 114.01478, 29.757246 ] ] } },
{ "type": "Feature", "properties": { "id": "6478472944010518528", "name": "嘉鱼县嘉能热电有限责任公司", "type": "其他", "city": "嘉鱼县", "lyyj": "长江干流流域", "lyej": "鄂东南片区", "hsfw": "湖北省纱帽断面对应汇水范围", "kzdy": "长江（湖北省）控制单元", "id_2": "长江_合并线", "河名": "长江", "级别": 0, "province": "湖北省", "city_2": "黄冈市", "descriptio": "由原始线段合并而成的连续线", "BUFF_DIST": 30.0, "ORIG_FID": 0, "dist_to_river_m": 8076.08, "dist_along_river_m": 361800.59, "snap_lon": 113.91968430999998, "snap_lat": 30.03504312 }, "geometry": { "type": "MultiPoint", "coordinates": [ [ 113.94557, 29.976353 ] ] } },
{ "type": "Feature", "properties": { "id": "6478472944018907065", "name": "大冶市正明铝业有限责任公司", "type": "其他", "city": "大冶市", "lyyj": "长江干流流域", "lyej": "鄂东南片区", "hsfw": "湖北省大冶湖闸断面对应汇水范围", "kzdy": "长江（湖北省）控制单元", "id_2": "长江_合并线", "河名": "长江", "级别": 0, "province": "湖北省", "city_2": "黄冈市", "descriptio": "由原始线段合并而成的连续线", "BUFF_DIST": 30.0, "ORIG_FID": 0, "dist_to_river_m": 18723.83, "dist_along_river_m": 54343.23, "snap_lon": 115.07833088, "snap_lat": 30.23477003 }, "geometry": { "type": "MultiPoint", "coordinates": [ [ 114.94811, 30.14275 ] ] } },
{ "type": "Feature", "properties": { "id": "6478472944035684352", "name": "湖北黄冈伊利乳业有限责任公司", "type": "其他", "city": "黄州区", "lyyj": "长江干流流域", "lyej": "府澴河片区", "hsfw": "湖北省白浒山断面对应汇水范围", "kzdy": "长江（湖北省）控制单元", "id_2": "长江_合并线", "河名": "长江", "级别": 0, "province": "湖北省", "city_2": "黄冈市", "descriptio": "由原始线段合并而成的连续线", "BUFF_DIST": 30.0, "ORIG_FID": 0, "dist_to_river_m": 1845.36, "dist_along_river_m": 216510.72, "snap_lon": 114.30890107, "snap_lat": 30.58962581 }, "geometry": { "type": "MultiPoint", "coordinates": [ [ 114.294976, 30.597368 ] ] } },
{ "type": "Feature", "properties": { "id": "6478472944065044463", "name": "湖北雄陶陶瓷有限公司", "type": "其他", "city": "浠水县", "lyyj": "长江干流流域", "lyej": "鄂东五河片区", "hsfw": "湖北省兰溪大桥断面对应汇水范围", "kzdy": "浠水（湖北省）控制单元", "id_2": "长江_合并线", "河名": "长江", "级别": 0, "province": "湖北省", "city_2": "黄冈市", "descriptio": "由原始线段合并而成的连续线", "BUFF_DIST": 30.0, "ORIG_FID": 0, "dist_to_river_m": 1313.94, "dist_along_river_m": 70056.12, "snap_lon": 115.11060526, "snap_lat": 30.34536764 }, "geometry": { "type": "MultiPoint", "coordinates": [ [ 115.12215, 30.347488 ] ] } },
{ "type": "Feature", "properties": { "id": "3554004411739048121", "name": "岚图汽车科技有限公司", "type": "其他", "city": "汉阳区", "lyyj": "汉江流域", "lyej": "汉江下游片区", "hsfw": "湖北省宗关断面对应汇水范围", "kzdy": "汉江（丹江口下）（湖北省）控制单元", "id_2": "长江_合并线", "河名": "长江", "级别": 0, "province": "湖北省", "city_2": "黄冈市", "descriptio": "由原始线段合并而成的连续线", "BUFF_DIST": 30.0, "ORIG_FID": 0, "dist_to_river_m": 13934.18, "dist_along_river_m": 230129.91, "snap_lon": 114.2493525, "snap_lat": 30.49955408000001 }, "geometry": { "type": "MultiPoint", "coordinates": [ [ 114.14975, 30.564855 ] ] } },
{ "type": "Feature", "properties": { "id": "3554194501201332411", "name": "湖北迪峰换热器有限公司", "type": "其他", "city": "大冶市", "lyyj": "长江干流流域", "lyej": "鄂东南片区", "hsfw": "湖北省白浒山断面对应汇水范围", "kzdy": "长江（湖北省）控制单元", "id_2": "长江_合并线", "河名": "长江", "级别": 0, "province": "湖北省", "city_2": "黄冈市", "descriptio": "由原始线段合并而成的连续线", "BUFF_DIST": 30.0, "ORIG_FID": 0, "dist_to_river_m": 6349.13, "dist_along_river_m": 218236.65, "snap_lon": 114.30068691, "snap_lat": 30.57845409 }, "geometry": { "type": "MultiPoint", "coordinates": [ [ 114.34844, 30.5516 ] ] } },
{ "type": "Feature", "properties": { "id": "3560308465949772000", "name": "武汉航天城医院（武汉同济航天城医院）", "type": null, "city": "新洲区", "lyyj": "长江干流流域", "lyej": "鄂东五河片区", "hsfw": "湖北省燕矶断面对应汇水范围", "kzdy": "长江（湖北省）控制单元", "id_2": "长江_合并线", "河名": "长江", "级别": 0, "province": "湖北省", "city_2": "黄冈市", "descriptio": "由原始线段合并而成的连续线", "BUFF_DIST": 30.0, "ORIG_FID": 0, "dist_to_river_m": 3410.06, "dist_along_river_m": 161276.33, "snap_lon": 114.6545576, "snap_lat": 30.56973934 }, "geometry": { "type": "MultiPoint", "coordinates": [ [ 114.64432, 30.594595 ] ] } },
{ "type": "Feature", "properties": { "id": "3568097148635482298", "name": "武汉千湖城分布式能源有限公司", "type": "其他", "city": "经开区", "lyyj": "汉江流域", "lyej": "汉江下游片区", "hsfw": "湖北省黄陵大桥断面对应汇水范围", "kzdy": "通顺河（湖北省）控制单元", "id_2": "长江_合并线", "河名": "长江", "级别": 0, "province": "湖北省", "city_2": "黄冈市", "descriptio": "由原始线段合并而成的连续线", "BUFF_DIST": 30.0, "ORIG_FID": 0, "dist_to_river_m": 4545.15, "dist_along_river_m": 262920.83, "snap_lon": 114.08846364999998, "snap_lat": 30.29468973000001 }, "geometry": { "type": "MultiPoint", "coordinates": [ [ 114.04789, 30.298632 ] ] } },
{ "type": "Feature", "properties": { "id": "3572307936994659839", "name": "宜城市中医医院", "type": "其他", "city": "宜城市", "lyyj": "长江干流流域", "lyej": "鄂东南片区", "hsfw": "湖北省白浒山断面对应汇水范围", "kzdy": "长江（湖北省）控制单元", "id_2": "长江_合并线", "河名": "长江", "级别": 0, "province": "湖北省", "city_2": "黄冈市", "descriptio": "由原始线段合并而成的连续线", "BUFF_DIST": 30.0, "ORIG_FID": 0, "dist_to_river_m": 1266.15, "dist_along_river_m": 216991.53, "snap_lon": 114.30670105, "snap_lat": 30.58646976 }, "geometry": { "type": "MultiPoint", "coordinates": [ [ 114.3162, 30.581084 ] ] } },
{ "type": "Feature", "properties": { "id": "3591518704505982443", "name": "湖北省浩飞铜业科技有限公司", "type": null, "city": "大冶市", "lyyj": "长江干流流域", "lyej": "鄂东南片区", "hsfw": "湖北省樊口断面对应汇水范围", "kzdy": "梁子湖（湖北省）控制单元", "id_2": "长江_合并线", "河名": "长江", "级别": 0, "province": "湖北省", "city_2": "黄冈市", "descriptio": "由原始线段合并而成的连续线", "BUFF_DIST": 30.0, "ORIG_FID": 0, "dist_to_river_m": 20712.0, "dist_along_river_m": 54773.14, "snap_lon": 115.0760474, "snap_lat": 30.23741 }, "geometry": { "type": "MultiPoint", "coordinates": [ [ 114.90776, 30.168827 ] ] } },
{ "type": "Feature", "properties": { "id": "3591523216849374701", "name": "湖北博益环保科技有限公司", "type": null, "city": "下陆区", "lyyj": "长江干流流域", "lyej": "鄂东南片区", "hsfw": "湖北省大冶湖闸断面对应汇水范围", "kzdy": "长江（湖北省）控制单元", "id_2": "长江_合并线", "河名": "长江", "级别": 0, "province": "湖北省", "city_2": "黄冈市", "descriptio": "由原始线段合并而成的连续线", "BUFF_DIST": 30.0, "ORIG_FID": 0, "dist_to_river_m": 18650.2, "dist_along_river_m": 54773.14, "snap_lon": 115.0760474, "snap_lat": 30.23741 }, "geometry": { "type": "MultiPoint", "coordinates": [ [ 114.927216, 30.170925 ] ] } },
{ "type": "Feature", "properties": { "id": "3592790710046166509", "name": "咸宁市闽都再生资源有限公司", "type": null, "city": "咸安区", "lyyj": "长江干流流域", "lyej": "鄂东南片区", "hsfw": "湖北省咸宁湖心断面对应汇水范围", "kzdy": "斧头湖（湖北省）控制单元", "id_2": "长江_合并线", "河名": "长江", "级别": 0, "province": "湖北省", "city_2": "黄冈市", "descriptio": "由原始线段合并而成的连续线", "BUFF_DIST": 30.0, "ORIG_FID": 0, "dist_to_river_m": 27476.14, "dist_along_river_m": 343977.43, "snap_lon": 114.06633501, "snap_lat": 30.08601075 }, "geometry": { "type": "MultiPoint", "coordinates": [ [ 114.18624, 29.89916 ] ] } },
{ "type": "Feature", "properties": { "id": "6478425122456330200", "name": "武汉大学人民医院(首义院区)", "type": null, "city": "武昌区", "lyyj": "长江干流流域", "lyej": "鄂东南片区", "hsfw": "湖北省杨泗港断面对应汇水范围", "kzdy": "长江（湖北省）控制单元", "id_2": "长江_合并线", "河名": "长江", "级别": 0, "province": "湖北省", "city_2": "黄冈市", "descriptio": "由原始线段合并而成的连续线", "BUFF_DIST": 30.0, "ORIG_FID": 0, "dist_to_river_m": 22013.24, "dist_along_river_m": 226494.69, "snap_lon": 114.26999417, "snap_lat": 30.52112183 }, "geometry": { "type": "MultiPoint", "coordinates": [ [ 114.448555, 30.447895 ] ] } },
{ "type": "Feature", "properties": { "id": "6478425122519244792", "name": "湖北大江润业再生资源有限公司", "type": "其他", "city": "洪湖市", "lyyj": "长江干流流域", "lyej": "四湖片区", "hsfw": "湖北省新滩断面对应汇水范围", "kzdy": "四湖总干渠（湖北省）控制单元", "id_2": "长江_合并线", "河名": "长江", "级别": 0, "province": "湖北省", "city_2": "黄冈市", "descriptio": "由原始线段合并而成的连续线", "BUFF_DIST": 30.0, "ORIG_FID": 0, "dist_to_river_m": 3982.4, "dist_along_river_m": 311109.34, "snap_lon": 113.87999412, "snap_lat": 30.18532443 }, "geometry": { "type": "MultiPoint", "coordinates": [ [ 113.89062, 30.155792 ] ] } },
{ "type": "Feature", "properties": { "id": "6478472600819982336", "name": "武汉仕全兴聚氨酯科技有限公司", "type": "其他", "city": "嘉鱼县", "lyyj": "长江干流流域", "lyej": "鄂东南片区", "hsfw": "湖北省纱帽断面对应汇水范围", "kzdy": "长江（湖北省）控制单元", "id_2": "长江_合并线", "河名": "长江", "级别": 0, "province": "湖北省", "city_2": "黄冈市", "descriptio": "由原始线段合并而成的连续线", "BUFF_DIST": 30.0, "ORIG_FID": 0, "dist_to_river_m": 4885.15, "dist_along_river_m": 273365.13, "snap_lon": 114.05231713000001, "snap_lat": 30.22271735 }, "geometry": { "type": "MultiPoint", "coordinates": [ [ 114.07906, 30.192648 ] ] } },
{ "type": "Feature", "properties": { "id": "6478472600824176624", "name": "湖北和昌新材料科技股份有限公司", "type": "其他", "city": "嘉鱼县", "lyyj": "汉江流域", "lyej": "汉江下游片区", "hsfw": "湖北省杨泗港断面对应汇水范围", "kzdy": "长江（湖北省）控制单元", "id_2": "长江_合并线", "河名": "长江", "级别": 0, "province": "湖北省", "city_2": "黄冈市", "descriptio": "由原始线段合并而成的连续线", "BUFF_DIST": 30.0, "ORIG_FID": 0, "dist_to_river_m": 8985.26, "dist_along_river_m": 251110.71, "snap_lon": 114.13880523, "snap_lat": 30.37200974 }, "geometry": { "type": "MultiPoint", "coordinates": [ [ 114.07681, 30.416594 ] ] } },
{ "type": "Feature", "properties": { "id": "6478472600845148142", "name": "湖北铭宇水晶饰品有限公司（二厂区）", "type": null, "city": "黄梅县", "lyyj": "长江干流流域", "lyej": "府澴河片区", "hsfw": "湖北省白浒山断面对应汇水范围", "kzdy": "长江（湖北省）控制单元", "id_2": "长江_合并线", "河名": "长江", "级别": 0, "province": "湖北省", "city_2": "黄冈市", "descriptio": "由原始线段合并而成的连续线", "BUFF_DIST": 30.0, "ORIG_FID": 0, "dist_to_river_m": 1845.36, "dist_along_river_m": 216510.72, "snap_lon": 114.30890107, "snap_lat": 30.58962581 }, "geometry": { "type": "MultiPoint", "coordinates": [ [ 114.294976, 30.597368 ] ] } },
{ "type": "Feature", "properties": { "id": "6478472600853536759", "name": "洪湖市人民医院", "type": "其他", "city": "洪湖市", "lyyj": "长江干流流域", "lyej": "四湖片区", "hsfw": "湖北省黄盖湖镇右/洪湖湖心A/杨柴湖/排水闸/洪湖湖心B断面对应汇水范围", "kzdy": "长江（湖北省）控制单元", "id_2": "长江_合并线", "河名": "长江", "级别": 0, "province": "湖北省", "city_2": "黄冈市", "descriptio": "由原始线段合并而成的连续线", "BUFF_DIST": 30.0, "ORIG_FID": 0, "dist_to_river_m": 11365.3, "dist_along_river_m": 415348.38, "snap_lon": 113.56577023788245, "snap_lat": 29.850320737936094 }, "geometry": { "type": "MultiPoint", "coordinates": [ [ 113.47124, 29.816862 ] ] } },
{ "type": "Feature", "properties": { "id": "6478472600903868416", "name": "松林光电科技（湖北）有限公司", "type": "其他", "city": "孝南区", "lyyj": "长江干流流域", "lyej": "鄂东南片区", "hsfw": "湖北省白浒山断面对应汇水范围", "kzdy": "长江（湖北省）控制单元", "id_2": "长江_合并线", "河名": "长江", "级别": 0, "province": "湖北省", "city_2": "黄冈市", "descriptio": "由原始线段合并而成的连续线", "BUFF_DIST": 30.0, "ORIG_FID": 0, "dist_to_river_m": 1266.15, "dist_along_river_m": 216991.53, "snap_lon": 114.30670105, "snap_lat": 30.58646976 }, "geometry": { "type": "MultiPoint", "coordinates": [ [ 114.3162, 30.581084 ] ] } },
{ "type": "Feature", "properties": { "id": "6478472600924839931", "name": "鄂州航信水环境发展有限公司航空都市区再生水厂", "type": "其他", "city": "临空经济区", "lyyj": "长江干流流域", "lyej": "鄂东南片区", "hsfw": "湖北省燕矶断面对应汇水范围", "kzdy": "长江（湖北省）控制单元", "id_2": "长江_合并线", "河名": "长江", "级别": 0, "province": "湖北省", "city_2": "黄冈市", "descriptio": "由原始线段合并而成的连续线", "BUFF_DIST": 30.0, "ORIG_FID": 0, "dist_to_river_m": 4665.74, "dist_along_river_m": 93910.35, "snap_lon": 114.93106931, "snap_lat": 30.41031433 }, "geometry": { "type": "MultiPoint", "coordinates": [ [ 114.926515, 30.374375 ] ] } },
{ "type": "Feature", "properties": { "id": "6478472601000337383", "name": "湖北林泰环境科技有限公司", "type": "其他", "city": "经济开发区", "lyyj": "长江干流流域", "lyej": "鄂东南片区", "hsfw": "湖北省大冶湖闸断面对应汇水范围", "kzdy": "长江（湖北省）控制单元", "id_2": "长江_合并线", "河名": "长江", "级别": 0, "province": "湖北省", "city_2": "黄冈市", "descriptio": "由原始线段合并而成的连续线", "BUFF_DIST": 30.0, "ORIG_FID": 0, "dist_to_river_m": 13062.69, "dist_along_river_m": 53620.62, "snap_lon": 115.08240225, "snap_lat": 30.23044684 }, "geometry": { "type": "MultiPoint", "coordinates": [ [ 114.99442, 30.163338 ] ] } },
{ "type": "Feature", "properties": { "id": "6478472601000337395", "name": "黄石尚容电子科技有限公司", "type": "其他", "city": "西塞山区", "lyyj": "长江干流流域", "lyej": "鄂东南片区", "hsfw": "湖北省风波港（右岸）断面对应汇水范围", "kzdy": "长江（湖北省）控制单元", "id_2": "长江_合并线", "河名": "长江", "级别": 0, "province": "湖北省", "city_2": "黄冈市", "descriptio": "由原始线段合并而成的连续线", "BUFF_DIST": 30.0, "ORIG_FID": 0, "dist_to_river_m": 3332.14, "dist_along_river_m": 37912.85, "snap_lon": 115.21073086, "snap_lat": 30.20970399 }, "geometry": { "type": "MultiPoint", "coordinates": [ [ 115.19838, 30.186138 ] ] } },
{ "type": "Feature", "properties": { "id": "6478472601008726005", "name": "武汉市黄陂区人民医院", "type": "其他", "city": "黄陂区", "lyyj": "长江干流流域", "lyej": "府澴河片区", "hsfw": "湖北省滠口断面对应汇水范围", "kzdy": "滠水（湖北省）控制单元", "id_2": "长江_合并线", "河名": "长江", "级别": 0, "province": "湖北省", "city_2": "黄冈市", "descriptio": "由原始线段合并而成的连续线", "BUFF_DIST": 30.0, "ORIG_FID": 0, "dist_to_river_m": 25954.42, "dist_along_river_m": 196459.49, "snap_lon": 114.42846762, "snap_lat": 30.69411219 }, "geometry": { "type": "MultiPoint", "coordinates": [ [ 114.371378, 30.888302 ] ] } },
{ "type": "Feature", "properties": { "id": "6478472601012920293", "name": "武汉市新华印刷有限责任公司", "type": "印刷", "city": "江夏区", "lyyj": "长江干流流域", "lyej": "鄂东南片区", "hsfw": "湖北省白浒山断面对应汇水范围", "kzdy": "长江（湖北省）控制单元", "id_2": "长江_合并线", "河名": "长江", "级别": 0, "province": "湖北省", "city_2": "黄冈市", "descriptio": "由原始线段合并而成的连续线", "BUFF_DIST": 30.0, "ORIG_FID": 0, "dist_to_river_m": 6349.13, "dist_along_river_m": 218236.65, "snap_lon": 114.30068691, "snap_lat": 30.57845409 }, "geometry": { "type": "MultiPoint", "coordinates": [ [ 114.34844, 30.5516 ] ] } },
{ "type": "Feature", "properties": { "id": "6478472601021308912", "name": "日立安斯泰莫底盘系统（武汉）有限公司", "type": null, "city": "经开区", "lyyj": "汉江流域", "lyej": "汉江下游片区", "hsfw": "湖北省杨泗港断面对应汇水范围", "kzdy": "长江（湖北省）控制单元", "id_2": "长江_合并线", "河名": "长江", "级别": 0, "province": "湖北省", "city_2": "黄冈市", "descriptio": "由原始线段合并而成的连续线", "BUFF_DIST": 30.0, "ORIG_FID": 0, "dist_to_river_m": 12027.08, "dist_along_river_m": 244229.55, "snap_lon": 114.1731438, "snap_lat": 30.41529453000001 }, "geometry": { "type": "MultiPoint", "coordinates": [ [ 114.073471, 30.451242 ] ] } },
{ "type": "Feature", "properties": { "id": "6478472601021308913", "name": "法雷奥市光（中国）车灯有限公司", "type": "其他", "city": "经开区", "lyyj": "汉江流域", "lyej": "汉江下游片区", "hsfw": "湖北省杨泗港断面对应汇水范围", "kzdy": "长江（湖北省）控制单元", "id_2": "长江_合并线", "河名": "长江", "级别": 0, "province": "湖北省", "city_2": "黄冈市", "descriptio": "由原始线段合并而成的连续线", "BUFF_DIST": 30.0, "ORIG_FID": 0, "dist_to_river_m": 6525.64, "dist_along_river_m": 238496.53, "snap_lon": 114.20063811, "snap_lat": 30.45164493 }, "geometry": { "type": "MultiPoint", "coordinates": [ [ 114.16363, 30.490828 ] ] } },
{ "type": "Feature", "properties": { "id": "6478472601080029169", "name": "武汉市中西医结合医院(武汉市第一医院)", "type": "其他", "city": "硚口区", "lyyj": "长江干流流域", "lyej": "府澴河片区", "hsfw": "湖北省朱家河口断面对应汇水范围", "kzdy": "涢水（湖北省）控制单元", "id_2": "长江_合并线", "河名": "长江", "级别": 0, "province": "湖北省", "city_2": "黄冈市", "descriptio": "由原始线段合并而成的连续线", "BUFF_DIST": 30.0, "ORIG_FID": 0, "dist_to_river_m": 12717.88, "dist_along_river_m": 205630.7, "snap_lon": 114.36063826, "snap_lat": 30.66000331 }, "geometry": { "type": "MultiPoint", "coordinates": [ [ 114.262907, 30.710887 ] ] } },
{ "type": "Feature", "properties": { "id": "6478472601080029183", "name": "武汉市第八医院（后湖院区）", "type": "其他", "city": "江岸区", "lyyj": "长江干流流域", "lyej": "府澴河片区", "hsfw": "湖北省朱家河口断面对应汇水范围", "kzdy": "涢水（湖北省）控制单元", "id_2": "长江_合并线", "河名": "长江", "级别": 0, "province": "湖北省", "city_2": "黄冈市", "descriptio": "由原始线段合并而成的连续线", "BUFF_DIST": 30.0, "ORIG_FID": 0, "dist_to_river_m": 5061.13, "dist_along_river_m": 210781.85, "snap_lon": 114.33628765, "snap_lat": 30.62661322 }, "geometry": { "type": "MultiPoint", "coordinates": [ [ 114.29953, 30.649635 ] ] } },
{ "type": "Feature", "properties": { "id": "6478472942026612672", "name": "湖北强森魔芋科技有限公司", "type": "其他", "city": "华容区", "lyyj": "长江干流流域", "lyej": "鄂东南片区", "hsfw": "湖北省燕矶断面对应汇水范围", "kzdy": "长江（湖北省）控制单元", "id_2": "长江_合并线", "河名": "长江", "级别": 0, "province": "湖北省", "city_2": "黄冈市", "descriptio": "由原始线段合并而成的连续线", "BUFF_DIST": 30.0, "ORIG_FID": 0, "dist_to_river_m": 4541.17, "dist_along_river_m": 156651.8, "snap_lon": 114.69427152000002, "snap_lat": 30.57836117 }, "geometry": { "type": "MultiPoint", "coordinates": [ [ 114.707954, 30.545269 ] ] } },
{ "type": "Feature", "properties": { "id": "6478472942076944384", "name": "中粮粮油工业（黄冈）有限公司", "type": "其他", "city": "黄州区", "lyyj": "长江干流流域", "lyej": "鄂东南片区", "hsfw": "湖北省白浒山断面对应汇水范围", "kzdy": "长江（湖北省）控制单元", "id_2": "长江_合并线", "河名": "长江", "级别": 0, "province": "湖北省", "city_2": "黄冈市", "descriptio": "由原始线段合并而成的连续线", "BUFF_DIST": 30.0, "ORIG_FID": 0, "dist_to_river_m": 6349.13, "dist_along_river_m": 218236.65, "snap_lon": 114.30068691, "snap_lat": 30.57845409 }, "geometry": { "type": "MultiPoint", "coordinates": [ [ 114.34844, 30.5516 ] ] } },
{ "type": "Feature", "properties": { "id": "6478472942307631101", "name": "葛洲坝当阳水泥有限公司", "type": "水泥", "city": "当阳市", "lyyj": "长江干流流域", "lyej": "鄂东南片区", "hsfw": "湖北省白浒山断面对应汇水范围", "kzdy": "长江（湖北省）控制单元", "id_2": "长江_合并线", "河名": "长江", "级别": 0, "province": "湖北省", "city_2": "黄冈市", "descriptio": "由原始线段合并而成的连续线", "BUFF_DIST": 30.0, "ORIG_FID": 0, "dist_to_river_m": 1266.15, "dist_along_river_m": 216991.53, "snap_lon": 114.30670105, "snap_lat": 30.58646976 }, "geometry": { "type": "MultiPoint", "coordinates": [ [ 114.3162, 30.581084 ] ] } },
{ "type": "Feature", "properties": { "id": "6478472942500568980", "name": "武汉市泮水碳素制品有限公司", "type": "其他", "city": "青山区", "lyyj": "长江干流流域", "lyej": "鄂东南片区", "hsfw": "湖北省白浒山断面对应汇水范围", "kzdy": "长江（湖北省）控制单元", "id_2": "长江_合并线", "河名": "长江", "级别": 0, "province": "湖北省", "city_2": "黄冈市", "descriptio": "由原始线段合并而成的连续线", "BUFF_DIST": 30.0, "ORIG_FID": 0, "dist_to_river_m": 5219.85, "dist_along_river_m": 176031.02, "snap_lon": 114.56556067, "snap_lat": 30.61951443 }, "geometry": { "type": "MultiPoint", "coordinates": [ [ 114.52249, 30.60356 ] ] } },
{ "type": "Feature", "properties": { "id": "6478472942508957613", "name": "黄冈鲁班药业股份有限公司", "type": "其他", "city": "黄州区", "lyyj": "长江干流流域", "lyej": "鄂东五河片区", "hsfw": "湖北省巴河镇河口断面对应汇水范围", "kzdy": "巴河（湖北省）控制单元", "id_2": "长江_合并线", "河名": "长江", "级别": 0, "province": "湖北省", "city_2": "黄冈市", "descriptio": "由原始线段合并而成的连续线", "BUFF_DIST": 30.0, "ORIG_FID": 0, "dist_to_river_m": 14529.91, "dist_along_river_m": 130097.33, "snap_lon": 114.88873752000001, "snap_lat": 30.59671149 }, "geometry": { "type": "MultiPoint", "coordinates": [ [ 115.01722, 30.576914 ] ] } },
{ "type": "Feature", "properties": { "id": "6478472942576066547", "name": "延锋汽车饰件系统武汉有限公司", "type": "其他", "city": "江夏区", "lyyj": "长江干流流域", "lyej": "鄂东南片区", "hsfw": "湖北省杨泗港断面对应汇水范围", "kzdy": "长江（湖北省）控制单元", "id_2": "长江_合并线", "河名": "长江", "级别": 0, "province": "湖北省", "city_2": "黄冈市", "descriptio": "由原始线段合并而成的连续线", "BUFF_DIST": 30.0, "ORIG_FID": 0, "dist_to_river_m": 3741.76, "dist_along_river_m": 246186.89, "snap_lon": 114.16628081, "snap_lat": 30.40145924 }, "geometry": { "type": "MultiPoint", "coordinates": [ [ 114.19571, 30.387451 ] ] } },
{ "type": "Feature", "properties": { "id": "6478472942601232384", "name": "广东鸿图武汉压铸有限公司", "type": "其他", "city": "江夏区", "lyyj": "长江干流流域", "lyej": "鄂东南片区", "hsfw": "湖北省杨泗港断面对应汇水范围", "kzdy": "长江（湖北省）控制单元", "id_2": "长江_合并线", "河名": "长江", "级别": 0, "province": "湖北省", "city_2": "黄冈市", "descriptio": "由原始线段合并而成的连续线", "BUFF_DIST": 30.0, "ORIG_FID": 0, "dist_to_river_m": 3278.64, "dist_along_river_m": 247497.64, "snap_lon": 114.15968347, "snap_lat": 30.39312127 }, "geometry": { "type": "MultiPoint", "coordinates": [ [ 114.18117, 30.375744 ] ] } },
{ "type": "Feature", "properties": { "id": "6478472942643175408", "name": "东风彼欧汽车外饰系统有限公司", "type": "其他", "city": "经开区", "lyyj": "长江干流流域", "lyej": "鄂东南片区", "hsfw": "湖北省白浒山断面对应汇水范围", "kzdy": "长江（湖北省）控制单元", "id_2": "长江_合并线", "河名": "长江", "级别": 0, "province": "湖北省", "city_2": "黄冈市", "descriptio": "由原始线段合并而成的连续线", "BUFF_DIST": 30.0, "ORIG_FID": 0, "dist_to_river_m": 1266.15, "dist_along_river_m": 216991.53, "snap_lon": 114.30670105, "snap_lat": 30.58646976 }, "geometry": { "type": "MultiPoint", "coordinates": [ [ 114.3162, 30.581084 ] ] } },
{ "type": "Feature", "properties": { "id": "6478472942651563976", "name": "湖北犇腾化学有限公司", "type": null, "city": "老河口市", "lyyj": "长江干流流域", "lyej": "鄂东南片区", "hsfw": "湖北省西梁子湖湖心（南北嘴）/牛山湖湖心/西梁子湖湖北/西梁子湖湖南断面对应汇水范围", "kzdy": "梁子湖（湖北省）控制单元", "id_2": "长江_合并线", "河名": "长江", "级别": 0, "province": "湖北省", "city_2": "黄冈市", "descriptio": "由原始线段合并而成的连续线", "BUFF_DIST": 30.0, "ORIG_FID": 0, "dist_to_river_m": 12699.89, "dist_along_river_m": 168113.88, "snap_lon": 114.59730487, "snap_lat": 30.56656008 }, "geometry": { "type": "MultiPoint", "coordinates": [ [ 114.542274, 30.480474 ] ] } },
{ "type": "Feature", "properties": { "id": "6478472942655758325", "name": "湖北科莱维生物制药技术有限公司", "type": null, "city": "咸安区", "lyyj": "长江干流流域", "lyej": "鄂东南片区", "hsfw": "湖北省咸宁湖心断面对应汇水范围", "kzdy": "斧头湖（湖北省）控制单元", "id_2": "长江_合并线", "河名": "长江", "级别": 0, "province": "湖北省", "city_2": "黄冈市", "descriptio": "由原始线段合并而成的连续线", "BUFF_DIST": 30.0, "ORIG_FID": 0, "dist_to_river_m": 33896.48, "dist_along_river_m": 343338.42, "snap_lon": 114.071324, "snap_lat": 30.08836224 }, "geometry": { "type": "MultiPoint", "coordinates": [ [ 114.243872, 29.871041 ] ] } },
{ "type": "Feature", "properties": { "id": "6478472942680924119", "name": "湖北楚维药业有限公司", "type": "其他", "city": "黄州区", "lyyj": "长江干流流域", "lyej": "鄂东五河片区", "hsfw": "湖北省燕矶断面对应汇水范围", "kzdy": "长江（湖北省）控制单元", "id_2": "长江_合并线", "河名": "长江", "级别": 0, "province": "湖北省", "city_2": "黄冈市", "descriptio": "由原始线段合并而成的连续线", "BUFF_DIST": 30.0, "ORIG_FID": 0, "dist_to_river_m": 4023.48, "dist_along_river_m": 96074.68, "snap_lon": 114.91207067000002, "snap_lat": 30.41294493 }, "geometry": { "type": "MultiPoint", "coordinates": [ [ 114.917, 30.443819 ] ] } },
{ "type": "Feature", "properties": { "id": "6478472942697701185", "name": "武汉海尔热水器有限公司", "type": "其他", "city": "经开区", "lyyj": "汉江流域", "lyej": "汉江下游片区", "hsfw": "湖北省杨泗港断面对应汇水范围", "kzdy": "长江（湖北省）控制单元", "id_2": "长江_合并线", "河名": "长江", "级别": 0, "province": "湖北省", "city_2": "黄冈市", "descriptio": "由原始线段合并而成的连续线", "BUFF_DIST": 30.0, "ORIG_FID": 0, "dist_to_river_m": 5042.91, "dist_along_river_m": 240893.17, "snap_lon": 114.18559037, "snap_lat": 30.43863791 }, "geometry": { "type": "MultiPoint", "coordinates": [ [ 114.147076, 30.459199 ] ] } },
{ "type": "Feature", "properties": { "id": "6478472942735450067", "name": "大冶华晨铝业科技有限公司", "type": "其他", "city": "大冶市", "lyyj": "长江干流流域", "lyej": "鄂东南片区", "hsfw": "湖北省大冶湖闸断面对应汇水范围", "kzdy": "长江（湖北省）控制单元", "id_2": "长江_合并线", "河名": "长江", "级别": 0, "province": "湖北省", "city_2": "黄冈市", "descriptio": "由原始线段合并而成的连续线", "BUFF_DIST": 30.0, "ORIG_FID": 0, "dist_to_river_m": 19461.13, "dist_along_river_m": 51895.61, "snap_lon": 115.09337591000001, "snap_lat": 30.22124171 }, "geometry": { "type": "MultiPoint", "coordinates": [ [ 114.986435, 30.101667 ] ] } },
{ "type": "Feature", "properties": { "id": "6478472942739644292", "name": "老河口市环洁固体废弃物处理有限公司（辛店岗垃圾填埋场）", "type": null, "city": "老河口市", "lyyj": "长江干流流域", "lyej": "鄂东南片区", "hsfw": "湖北省白浒山断面对应汇水范围", "kzdy": "长江（湖北省）控制单元", "id_2": "长江_合并线", "河名": "长江", "级别": 0, "province": "湖北省", "city_2": "黄冈市", "descriptio": "由原始线段合并而成的连续线", "BUFF_DIST": 30.0, "ORIG_FID": 0, "dist_to_river_m": 6349.13, "dist_along_river_m": 218236.65, "snap_lon": 114.30068691, "snap_lat": 30.57845409 }, "geometry": { "type": "MultiPoint", "coordinates": [ [ 114.34844, 30.5516 ] ] } },
{ "type": "Feature", "properties": { "id": "6478472942739644361", "name": "武汉蓝颖新能源有限公司", "type": "其他", "city": "经开区", "lyyj": "汉江流域", "lyej": "汉江下游片区", "hsfw": "湖北省杨泗港断面对应汇水范围", "kzdy": "长江（湖北省）控制单元", "id_2": "长江_合并线", "河名": "长江", "级别": 0, "province": "湖北省", "city_2": "黄冈市", "descriptio": "由原始线段合并而成的连续线", "BUFF_DIST": 30.0, "ORIG_FID": 0, "dist_to_river_m": 5672.46, "dist_along_river_m": 238808.74, "snap_lon": 114.19859468, "snap_lat": 30.449991 }, "geometry": { "type": "MultiPoint", "coordinates": [ [ 114.16267, 30.48114 ] ] } },
{ "type": "Feature", "properties": { "id": "6478472942836113379", "name": "武汉燎原模塑有限公司", "type": "其他", "city": "经开区", "lyyj": "长江干流流域", "lyej": "鄂东南片区", "hsfw": "湖北省白浒山断面对应汇水范围", "kzdy": "长江（湖北省）控制单元", "id_2": "长江_合并线", "河名": "长江", "级别": 0, "province": "湖北省", "city_2": "黄冈市", "descriptio": "由原始线段合并而成的连续线", "BUFF_DIST": 30.0, "ORIG_FID": 0, "dist_to_river_m": 1266.15, "dist_along_river_m": 216991.53, "snap_lon": 114.30670105, "snap_lat": 30.58646976 }, "geometry": { "type": "MultiPoint", "coordinates": [ [ 114.3162, 30.581084 ] ] } },
{ "type": "Feature", "properties": { "id": "6478472942903222201", "name": "名幸电子（武汉）有限公司", "type": "其他", "city": "经开区", "lyyj": "汉江流域", "lyej": "汉江下游片区", "hsfw": "湖北省杨泗港断面对应汇水范围", "kzdy": "长江（湖北省）控制单元", "id_2": "长江_合并线", "河名": "长江", "级别": 0, "province": "湖北省", "city_2": "黄冈市", "descriptio": "由原始线段合并而成的连续线", "BUFF_DIST": 30.0, "ORIG_FID": 0, "dist_to_river_m": 3877.14, "dist_along_river_m": 234278.67, "snap_lon": 114.22685503, "snap_lat": 30.47416303 }, "geometry": { "type": "MultiPoint", "coordinates": [ [ 114.198333, 30.491389 ] ] } },
{ "type": "Feature", "properties": { "id": "6478472942974525398", "name": "湖北中烟工业有限责任公司武汉卷烟厂", "type": "其他", "city": "东西湖区", "lyyj": "汉江流域", "lyej": "汉江下游片区", "hsfw": "湖北省杨泗港断面对应汇水范围", "kzdy": "长江（湖北省）控制单元", "id_2": "长江_合并线", "河名": "长江", "级别": 0, "province": "湖北省", "city_2": "黄冈市", "descriptio": "由原始线段合并而成的连续线", "BUFF_DIST": 30.0, "ORIG_FID": 0, "dist_to_river_m": 7632.37, "dist_along_river_m": 223662.22, "snap_lon": 114.27881721, "snap_lat": 30.54151545 }, "geometry": { "type": "MultiPoint", "coordinates": [ [ 114.21387, 30.560436 ] ] } },
{ "type": "Feature", "properties": { "id": "6478472943008079872", "name": "黄石法姆药业股份有限公司", "type": "其他", "city": "西塞山区", "lyyj": "长江干流流域", "lyej": "鄂东南片区", "hsfw": "湖北省风波港（右岸）断面对应汇水范围", "kzdy": "长江（湖北省）控制单元", "id_2": "长江_合并线", "河名": "长江", "级别": 0, "province": "湖北省", "city_2": "黄冈市", "descriptio": "由原始线段合并而成的连续线", "BUFF_DIST": 30.0, "ORIG_FID": 0, "dist_to_river_m": 1915.76, "dist_along_river_m": 36351.83, "snap_lon": 115.22181384, "snap_lat": 30.20271983 }, "geometry": { "type": "MultiPoint", "coordinates": [ [ 115.2085, 30.193295 ] ] } },
{ "type": "Feature", "properties": { "id": "6478472943012274078", "name": "湖北健丰牧业有限公司", "type": "其他", "city": "黄石港区", "lyyj": "长江干流流域", "lyej": "鄂东五河片区", "hsfw": "湖北省风波港（右岸）断面对应汇水范围", "kzdy": "长江（湖北省）控制单元", "id_2": "长江_合并线", "河名": "长江", "级别": 0, "province": "湖北省", "city_2": "黄冈市", "descriptio": "由原始线段合并而成的连续线", "BUFF_DIST": 30.0, "ORIG_FID": 0, "dist_to_river_m": 4486.36, "dist_along_river_m": 43455.6, "snap_lon": 115.16397713, "snap_lat": 30.21783118 }, "geometry": { "type": "MultiPoint", "coordinates": [ [ 115.145882, 30.248944 ] ] } },
{ "type": "Feature", "properties": { "id": "6478472943037439943", "name": "湖北集诚织造有限公司", "type": "其他", "city": "罗田县", "lyyj": "长江干流流域", "lyej": "鄂东南片区", "hsfw": "湖北省白浒山断面对应汇水范围", "kzdy": "长江（湖北省）控制单元", "id_2": "长江_合并线", "河名": "长江", "级别": 0, "province": "湖北省", "city_2": "黄冈市", "descriptio": "由原始线段合并而成的连续线", "BUFF_DIST": 30.0, "ORIG_FID": 0, "dist_to_river_m": 1266.15, "dist_along_river_m": 216991.53, "snap_lon": 114.30670105, "snap_lat": 30.58646976 }, "geometry": { "type": "MultiPoint", "coordinates": [ [ 114.3162, 30.581084 ] ] } },
{ "type": "Feature", "properties": { "id": "6478472943041634296", "name": "黄冈市强龙化工新材料有限公司", "type": "其他", "city": "黄州区", "lyyj": "长江干流流域", "lyej": "鄂东五河片区", "hsfw": "湖北省巴河镇河口断面对应汇水范围", "kzdy": "巴河（湖北省）控制单元", "id_2": "长江_合并线", "河名": "长江", "级别": 0, "province": "湖北省", "city_2": "黄冈市", "descriptio": "由原始线段合并而成的连续线", "BUFF_DIST": 30.0, "ORIG_FID": 0, "dist_to_river_m": 14529.91, "dist_along_river_m": 130097.33, "snap_lon": 114.88873752000001, "snap_lat": 30.59671149 }, "geometry": { "type": "MultiPoint", "coordinates": [ [ 115.01722, 30.576914 ] ] } },
{ "type": "Feature", "properties": { "id": "6478472943226183605", "name": "湖北佳农食品有限公司", "type": "其他", "city": "黄州区", "lyyj": "长江干流流域", "lyej": "鄂东南片区", "hsfw": "湖北省白浒山断面对应汇水范围", "kzdy": "长江（湖北省）控制单元", "id_2": "长江_合并线", "河名": "长江", "级别": 0, "province": "湖北省", "city_2": "黄冈市", "descriptio": "由原始线段合并而成的连续线", "BUFF_DIST": 30.0, "ORIG_FID": 0, "dist_to_river_m": 1266.15, "dist_along_river_m": 216991.53, "snap_lon": 114.30670105, "snap_lat": 30.58646976 }, "geometry": { "type": "MultiPoint", "coordinates": [ [ 114.3162, 30.581084 ] ] } },
{ "type": "Feature", "properties": { "id": "6478472943226183624", "name": "湖北新春纺织印染有限公司", "type": "其他", "city": "团风县", "lyyj": "长江干流流域", "lyej": "鄂东五河片区", "hsfw": "湖北省燕矶断面对应汇水范围", "kzdy": "长江（湖北省）控制单元", "id_2": "长江_合并线", "河名": "长江", "级别": 0, "province": "湖北省", "city_2": "黄冈市", "descriptio": "由原始线段合并而成的连续线", "BUFF_DIST": 30.0, "ORIG_FID": 0, "dist_to_river_m": 4251.79, "dist_along_river_m": 134998.92, "snap_lon": 114.86544309, "snap_lat": 30.62672587 }, "geometry": { "type": "MultiPoint", "coordinates": [ [ 114.886116, 30.654358 ] ] } },
{ "type": "Feature", "properties": { "id": "6478472943251349421", "name": "湖北中迅长青科技有限公司", "type": "其他", "city": "掇刀区", "lyyj": "长江干流流域", "lyej": "鄂东南片区", "hsfw": "湖北省白浒山断面对应汇水范围", "kzdy": "长江（湖北省）控制单元", "id_2": "长江_合并线", "河名": "长江", "级别": 0, "province": "湖北省", "city_2": "黄冈市", "descriptio": "由原始线段合并而成的连续线", "BUFF_DIST": 30.0, "ORIG_FID": 0, "dist_to_river_m": 6349.13, "dist_along_river_m": 218236.65, "snap_lon": 114.30068691, "snap_lat": 30.57845409 }, "geometry": { "type": "MultiPoint", "coordinates": [ [ 114.34844, 30.5516 ] ] } },
{ "type": "Feature", "properties": { "id": "6478472943284903913", "name": "襄大农牧（武穴）有限公司", "type": "其他", "city": "武穴市", "lyyj": "长江干流流域", "lyej": "鄂东五河片区", "hsfw": "湖北省姚港断面对应汇水范围", "kzdy": "长江（湖北省）控制单元", "id_2": "长江_合并线", "河名": "长江", "级别": 0, "province": "湖北省", "city_2": "黄冈市", "descriptio": "由原始线段合并而成的连续线", "BUFF_DIST": 30.0, "ORIG_FID": 0, "dist_to_river_m": 11269.27, "dist_along_river_m": 0.0, "snap_lon": 115.3819062836765, "snap_lat": 29.966159302872203 }, "geometry": { "type": "MultiPoint", "coordinates": [ [ 115.48302, 29.970425 ] ] } },
{ "type": "Feature", "properties": { "id": "6478472943293292529", "name": "通山县通羊污水处理有限公司", "type": null, "city": "通山县", "lyyj": "长江干流流域", "lyej": "鄂东南片区", "hsfw": "湖北省白浒山断面对应汇水范围", "kzdy": "长江（湖北省）控制单元", "id_2": "长江_合并线", "河名": "长江", "级别": 0, "province": "湖北省", "city_2": "黄冈市", "descriptio": "由原始线段合并而成的连续线", "BUFF_DIST": 30.0, "ORIG_FID": 0, "dist_to_river_m": 1266.15, "dist_along_river_m": 216991.53, "snap_lon": 114.30670105, "snap_lat": 30.58646976 }, "geometry": { "type": "MultiPoint", "coordinates": [ [ 114.3162, 30.581084 ] ] } },
{ "type": "Feature", "properties": { "id": "6478472943301681056", "name": "华润雪花啤酒（武汉）有限公司黄石分公司", "type": "其他", "city": "经济开发区", "lyyj": "长江干流流域", "lyej": "鄂东南片区", "hsfw": "湖北省大冶湖闸断面对应汇水范围", "kzdy": "长江（湖北省）控制单元", "id_2": "长江_合并线", "河名": "长江", "级别": 0, "province": "湖北省", "city_2": "黄冈市", "descriptio": "由原始线段合并而成的连续线", "BUFF_DIST": 30.0, "ORIG_FID": 0, "dist_to_river_m": 13306.16, "dist_along_river_m": 51903.92, "snap_lon": 115.09331805000001, "snap_lat": 30.2212825 }, "geometry": { "type": "MultiPoint", "coordinates": [ [ 115.01557, 30.1428 ] ] } },
{ "type": "Feature", "properties": { "id": "6478472943368790000", "name": "湖北金禄科技有限公司", "type": "其他", "city": "安陆市", "lyyj": "长江干流流域", "lyej": "四湖片区", "hsfw": "湖北省新滩断面对应汇水范围", "kzdy": "四湖总干渠（湖北省）控制单元", "id_2": "长江_合并线", "河名": "长江", "级别": 0, "province": "湖北省", "city_2": "黄冈市", "descriptio": "由原始线段合并而成的连续线", "BUFF_DIST": 30.0, "ORIG_FID": 0, "dist_to_river_m": 2006.59, "dist_along_river_m": 310945.8, "snap_lon": 113.87854844999998, "snap_lat": 30.18513156 }, "geometry": { "type": "MultiPoint", "coordinates": [ [ 113.87959, 30.169575 ] ] } },
{ "type": "Feature", "properties": { "id": "6478472943398150076", "name": "湖北明丰纤维科技有限公司", "type": "其他", "city": "洪湖市", "lyyj": "长江干流流域", "lyej": "四湖片区", "hsfw": "湖北省新滩断面对应汇水范围", "kzdy": "四湖总干渠（湖北省）控制单元", "id_2": "长江_合并线", "河名": "长江", "级别": 0, "province": "湖北省", "city_2": "黄冈市", "descriptio": "由原始线段合并而成的连续线", "BUFF_DIST": 30.0, "ORIG_FID": 0, "dist_to_river_m": 15215.2, "dist_along_river_m": 369426.97, "snap_lon": 113.87007535, "snap_lat": 29.99697402 }, "geometry": { "type": "MultiPoint", "coordinates": [ [ 113.75393, 30.059357 ] ] } },
{ "type": "Feature", "properties": { "id": "6478472943423315931", "name": "鄂州市中医医院", "type": "其他", "city": "鄂城区", "lyyj": "长江干流流域", "lyej": "鄂东南片区", "hsfw": "湖北省燕矶断面对应汇水范围", "kzdy": "长江（湖北省）控制单元", "id_2": "长江_合并线", "河名": "长江", "级别": 0, "province": "湖北省", "city_2": "黄冈市", "descriptio": "由原始线段合并而成的连续线", "BUFF_DIST": 30.0, "ORIG_FID": 0, "dist_to_river_m": 2176.37, "dist_along_river_m": 97282.53, "snap_lon": 114.90144867000001, "snap_lat": 30.41436357 }, "geometry": { "type": "MultiPoint", "coordinates": [ [ 114.89764, 30.397825 ] ] } },
{ "type": "Feature", "properties": { "id": "6478472943498813382", "name": "湖北芳通药业股份有限公司", "type": "其他", "city": "西塞山区", "lyyj": "长江干流流域", "lyej": "鄂东南片区", "hsfw": "湖北省风波港（右岸）断面对应汇水范围", "kzdy": "长江（湖北省）控制单元", "id_2": "长江_合并线", "河名": "长江", "级别": 0, "province": "湖北省", "city_2": "黄冈市", "descriptio": "由原始线段合并而成的连续线", "BUFF_DIST": 30.0, "ORIG_FID": 0, "dist_to_river_m": 1490.94, "dist_along_river_m": 50890.5, "snap_lon": 115.10136178, "snap_lat": 30.217685 }, "geometry": { "type": "MultiPoint", "coordinates": [ [ 115.095, 30.2075 ] ] } },
{ "type": "Feature", "properties": { "id": "6478472943553339346", "name": "湖北军峰建材有限公司", "type": "水泥", "city": "鄂城区", "lyyj": "长江干流流域", "lyej": "鄂东南片区", "hsfw": "湖北省白浒山断面对应汇水范围", "kzdy": "长江（湖北省）控制单元", "id_2": "长江_合并线", "河名": "长江", "级别": 0, "province": "湖北省", "city_2": "黄冈市", "descriptio": "由原始线段合并而成的连续线", "BUFF_DIST": 30.0, "ORIG_FID": 0, "dist_to_river_m": 1266.15, "dist_along_river_m": 216991.53, "snap_lon": 114.30670105, "snap_lat": 30.58646976 }, "geometry": { "type": "MultiPoint", "coordinates": [ [ 114.3162, 30.581084 ] ] } },
{ "type": "Feature", "properties": { "id": "6478472943670779810", "name": "神龙汽车有限公司武汉工厂", "type": "其他", "city": "经开区", "lyyj": "长江干流流域", "lyej": "鄂东南片区", "hsfw": "湖北省白浒山断面对应汇水范围", "kzdy": "长江（湖北省）控制单元", "id_2": "长江_合并线", "河名": "长江", "级别": 0, "province": "湖北省", "city_2": "黄冈市", "descriptio": "由原始线段合并而成的连续线", "BUFF_DIST": 30.0, "ORIG_FID": 0, "dist_to_river_m": 6349.13, "dist_along_river_m": 218236.65, "snap_lon": 114.30068691, "snap_lat": 30.57845409 }, "geometry": { "type": "MultiPoint", "coordinates": [ [ 114.34844, 30.5516 ] ] } },
{ "type": "Feature", "properties": { "id": "6478472943758860204", "name": "武汉华科大生命科技有限公司", "type": "其他", "city": "东湖高新开发区", "lyyj": "长江干流流域", "lyej": "鄂东南片区", "hsfw": "湖北省杨泗港断面对应汇水范围", "kzdy": "长江（湖北省）控制单元", "id_2": "长江_合并线", "河名": "长江", "级别": 0, "province": "湖北省", "city_2": "黄冈市", "descriptio": "由原始线段合并而成的连续线", "BUFF_DIST": 30.0, "ORIG_FID": 0, "dist_to_river_m": 17438.65, "dist_along_river_m": 226502.34, "snap_lon": 114.26996276, "snap_lat": 30.52106919 }, "geometry": { "type": "MultiPoint", "coordinates": [ [ 114.407347, 30.456204 ] ] } },
{ "type": "Feature", "properties": { "id": "6478472943788220305", "name": "武汉虹之彩包装印刷有限公司", "type": "印刷", "city": "东西湖区", "lyyj": "长江干流流域", "lyej": "府澴河片区", "hsfw": "湖北省朱家河口断面对应汇水范围", "kzdy": "涢水（湖北省）控制单元", "id_2": "长江_合并线", "河名": "长江", "级别": 0, "province": "湖北省", "city_2": "黄冈市", "descriptio": "由原始线段合并而成的连续线", "BUFF_DIST": 30.0, "ORIG_FID": 0, "dist_to_river_m": 16445.99, "dist_along_river_m": 218497.7, "snap_lon": 114.29932843, "snap_lat": 30.57682352 }, "geometry": { "type": "MultiPoint", "coordinates": [ [ 114.17394, 30.644064 ] ] } },
{ "type": "Feature", "properties": { "id": "6478472943813386192", "name": "湖北高能鹏富环保科技有限公司", "type": "其他", "city": "阳新县", "lyyj": "长江干流流域", "lyej": "富水片区", "hsfw": "湖北省富池闸断面对应汇水范围", "kzdy": "富水（湖北省，江西省）控制单元", "id_2": "长江_合并线", "河名": "长江", "级别": 0, "province": "湖北省", "city_2": "黄冈市", "descriptio": "由原始线段合并而成的连续线", "BUFF_DIST": 30.0, "ORIG_FID": 0, "dist_to_river_m": 10238.49, "dist_along_river_m": 0.0, "snap_lon": 115.3819062836765, "snap_lat": 29.966159302872203 }, "geometry": { "type": "MultiPoint", "coordinates": [ [ 115.41178, 29.890772 ] ] } },
{ "type": "Feature", "properties": { "id": "6478472943817580488", "name": "湖北振华化学股份有限公司", "type": "其他", "city": "西塞山区", "lyyj": "长江干流流域", "lyej": "鄂东五河片区", "hsfw": "湖北省风波港（右岸）断面对应汇水范围", "kzdy": "长江（湖北省）控制单元", "id_2": "长江_合并线", "河名": "长江", "级别": 0, "province": "湖北省", "city_2": "黄冈市", "descriptio": "由原始线段合并而成的连续线", "BUFF_DIST": 30.0, "ORIG_FID": 0, "dist_to_river_m": 103.83, "dist_along_river_m": 41757.07, "snap_lon": 115.17890638409789, "snap_lat": 30.218948123665314 }, "geometry": { "type": "MultiPoint", "coordinates": [ [ 115.179167, 30.219722 ] ] } },
{ "type": "Feature", "properties": { "id": "6478472943842746368", "name": "湖北陈贵顺富纺织服装有限公司", "type": "其他", "city": "大冶市", "lyyj": "长江干流流域", "lyej": "鄂东南片区", "hsfw": "湖北省大冶湖闸断面对应汇水范围", "kzdy": "长江（湖北省）控制单元", "id_2": "长江_合并线", "河名": "长江", "级别": 0, "province": "湖北省", "city_2": "黄冈市", "descriptio": "由原始线段合并而成的连续线", "BUFF_DIST": 30.0, "ORIG_FID": 0, "dist_to_river_m": 33858.75, "dist_along_river_m": 53628.6, "snap_lon": 115.08235552, "snap_lat": 30.23049381 }, "geometry": { "type": "MultiPoint", "coordinates": [ [ 114.847685, 30.063167 ] ] } },
{ "type": "Feature", "properties": { "id": "6478472943851134849", "name": "武汉市城市排水发展有限公司黄家湖污水处理厂", "type": "其他", "city": "洪山区", "lyyj": "长江干流流域", "lyej": "鄂东南片区", "hsfw": "湖北省白浒山断面对应汇水范围", "kzdy": "长江（湖北省）控制单元", "id_2": "长江_合并线", "河名": "长江", "级别": 0, "province": "湖北省", "city_2": "黄冈市", "descriptio": "由原始线段合并而成的连续线", "BUFF_DIST": 30.0, "ORIG_FID": 0, "dist_to_river_m": 3664.54, "dist_along_river_m": 180470.71, "snap_lon": 114.54806005, "snap_lat": 30.65010207 }, "geometry": { "type": "MultiPoint", "coordinates": [ [ 114.51871, 30.637276 ] ] } },
{ "type": "Feature", "properties": { "id": "6478472943893077867", "name": "黄石市晨茂铝业有限公司", "type": "其他", "city": "大冶市", "lyyj": "长江干流流域", "lyej": "鄂东南片区", "hsfw": "湖北省大冶湖闸断面对应汇水范围", "kzdy": "长江（湖北省）控制单元", "id_2": "长江_合并线", "河名": "长江", "级别": 0, "province": "湖北省", "city_2": "黄冈市", "descriptio": "由原始线段合并而成的连续线", "BUFF_DIST": 30.0, "ORIG_FID": 0, "dist_to_river_m": 15369.01, "dist_along_river_m": 53612.6, "snap_lon": 115.08245085999998, "snap_lat": 30.23040085 }, "geometry": { "type": "MultiPoint", "coordinates": [ [ 114.981064, 30.1494 ] ] } },
{ "type": "Feature", "properties": { "id": "6478472943909855232", "name": "稳健医疗（崇阳）有限公司", "type": null, "city": "崇阳县", "lyyj": "长江干流流域", "lyej": "鄂东南片区", "hsfw": "湖北省白浒山断面对应汇水范围", "kzdy": "长江（湖北省）控制单元", "id_2": "长江_合并线", "河名": "长江", "级别": 0, "province": "湖北省", "city_2": "黄冈市", "descriptio": "由原始线段合并而成的连续线", "BUFF_DIST": 30.0, "ORIG_FID": 0, "dist_to_river_m": 1266.15, "dist_along_river_m": 216991.53, "snap_lon": 114.30670105, "snap_lat": 30.58646976 }, "geometry": { "type": "MultiPoint", "coordinates": [ [ 114.3162, 30.581084 ] ] } },
{ "type": "Feature", "properties": { "id": "6478472943989546970", "name": "大冶市新冶特钢有限责任公司", "type": "其他", "city": "大冶市", "lyyj": "长江干流流域", "lyej": "鄂东南片区", "hsfw": "湖北省大冶湖闸断面对应汇水范围", "kzdy": "长江（湖北省）控制单元", "id_2": "长江_合并线", "河名": "长江", "级别": 0, "province": "湖北省", "city_2": "黄冈市", "descriptio": "由原始线段合并而成的连续线", "BUFF_DIST": 30.0, "ORIG_FID": 0, "dist_to_river_m": 27157.86, "dist_along_river_m": 51912.3, "snap_lon": 115.09326097999997, "snap_lat": 30.22132487 }, "geometry": { "type": "MultiPoint", "coordinates": [ [ 114.931944, 30.063056 ] ] } },
{ "type": "Feature", "properties": { "id": "6478472943993741296", "name": "大冶博润水务有限公司大冶市城西北污水处理厂", "type": "其他", "city": "大冶市", "lyyj": "长江干流流域", "lyej": "鄂东南片区", "hsfw": "湖北省大冶湖闸断面对应汇水范围", "kzdy": "长江（湖北省）控制单元", "id_2": "长江_合并线", "河名": "长江", "级别": 0, "province": "湖北省", "city_2": "黄冈市", "descriptio": "由原始线段合并而成的连续线", "BUFF_DIST": 30.0, "ORIG_FID": 0, "dist_to_river_m": 20316.02, "dist_along_river_m": 53612.6, "snap_lon": 115.08245085999998, "snap_lat": 30.23040085 }, "geometry": { "type": "MultiPoint", "coordinates": [ [ 114.94944, 30.122375 ] ] } },
{ "type": "Feature", "properties": { "id": "6478472943993741312", "name": "阳新县人民医院", "type": "其他", "city": "阳新县", "lyyj": "长江干流流域", "lyej": "富水片区", "hsfw": "湖北省富池闸断面对应汇水范围", "kzdy": "富水（湖北省，江西省）控制单元", "id_2": "长江_合并线", "河名": "长江", "级别": 0, "province": "湖北省", "city_2": "黄冈市", "descriptio": "由原始线段合并而成的连续线", "BUFF_DIST": 30.0, "ORIG_FID": 0, "dist_to_river_m": 24333.89, "dist_along_river_m": 807.35, "snap_lon": 115.37671713, "snap_lat": 29.9705484 }, "geometry": { "type": "MultiPoint", "coordinates": [ [ 115.21923, 29.839136 ] ] } },
{ "type": "Feature", "properties": { "id": "6478472944153124847", "name": "黄石市佳美铝业有限公司", "type": "其他", "city": "经济开发区", "lyyj": "长江干流流域", "lyej": "鄂东南片区", "hsfw": "湖北省大冶湖闸断面对应汇水范围", "kzdy": "长江（湖北省）控制单元", "id_2": "长江_合并线", "河名": "长江", "级别": 0, "province": "湖北省", "city_2": "黄冈市", "descriptio": "由原始线段合并而成的连续线", "BUFF_DIST": 30.0, "ORIG_FID": 0, "dist_to_river_m": 10960.65, "dist_along_river_m": 50388.13, "snap_lon": 115.10535333999998, "snap_lat": 30.21591117000001 }, "geometry": { "type": "MultiPoint", "coordinates": [ [ 115.064043, 30.138648 ] ] } },
{ "type": "Feature", "properties": { "id": "6478472944165707672", "name": "大冶市华兴玻璃有限公司", "type": "其他", "city": "大冶市", "lyyj": "长江干流流域", "lyej": "鄂东南片区", "hsfw": "湖北省大冶湖闸断面对应汇水范围", "kzdy": "长江（湖北省）控制单元", "id_2": "长江_合并线", "河名": "长江", "级别": 0, "province": "湖北省", "city_2": "黄冈市", "descriptio": "由原始线段合并而成的连续线", "BUFF_DIST": 30.0, "ORIG_FID": 0, "dist_to_river_m": 15369.01, "dist_along_river_m": 53612.6, "snap_lon": 115.08245085999998, "snap_lat": 30.23040085 }, "geometry": { "type": "MultiPoint", "coordinates": [ [ 114.981064, 30.1494 ] ] } },
{ "type": "Feature", "properties": { "id": "6478472944169901969", "name": "武汉市阳逻污水处理有限公司", "type": "其他", "city": "长江新区", "lyyj": "汉江流域", "lyej": "汉江下游片区", "hsfw": "湖北省杨泗港断面对应汇水范围", "kzdy": "长江（湖北省）控制单元", "id_2": "长江_合并线", "河名": "长江", "级别": 0, "province": "湖北省", "city_2": "黄冈市", "descriptio": "由原始线段合并而成的连续线", "BUFF_DIST": 30.0, "ORIG_FID": 0, "dist_to_river_m": 21995.26, "dist_along_river_m": 242011.14, "snap_lon": 114.18069753999998, "snap_lat": 30.43110499 }, "geometry": { "type": "MultiPoint", "coordinates": [ [ 114.0, 30.5 ] ] } },
{ "type": "Feature", "properties": { "id": "6478472944169901994", "name": "武汉科亮污水处理有限公司（王家店污水处理厂）", "type": null, "city": "东湖高新开发区", "lyyj": "长江干流流域", "lyej": "鄂东南片区", "hsfw": "湖北省白浒山断面对应汇水范围", "kzdy": "长江（湖北省）控制单元", "id_2": "长江_合并线", "河名": "长江", "级别": 0, "province": "湖北省", "city_2": "黄冈市", "descriptio": "由原始线段合并而成的连续线", "BUFF_DIST": 30.0, "ORIG_FID": 0, "dist_to_river_m": 14566.49, "dist_along_river_m": 169840.31, "snap_lon": 114.58628675999998, "snap_lat": 30.57546243 }, "geometry": { "type": "MultiPoint", "coordinates": [ [ 114.477731, 30.512538 ] ] } }
]
}
