{
  "type": "FeatureCollection",
  "generator": "overpass-turbo",
  "copyright": "The data included in this document is from www.openstreetmap.org. The data is made available under ODbL.",
  "timestamp": "2026-04-21T07:44:59Z",
  "features": [
    {
      "type": "Feature",
      "properties": {
        "@id": "relation/3258831",
        "admin_level": "6",
        "alt_name": "潜江",
        "alt_name:en": "Qianjiang",
        "alt_name:zh": "潜江",
        "boundary": "administrative",
        "division_code": "429005",
        "name": "潜江市",
        "name:cs": "Čchien-ťiang",
        "name:en": "Qianjiang",
        "name:ko": "첸장시",
        "name:uk": "Цзяньцзян",
        "name:zh": "潜江市",
        "name:zh-Hans": "潜江市",
        "name:zh-Hant": "潛江市",
        "name:zh-Latn-pinyin": "Qiánjiāng Shì",
        "population": "886547",
        "population:date": "2020-11-01",
        "postal_code": "433100",
        "source:population": "wikipedia",
        "type": "boundary",
        "wikidata": "Q71489"
      },
      "geometry": {
        "type": "Polygon",
        "coordinates": [
          [
            [
              112.8978696,
              30.5770216
            ],
            [
              112.893614,
              30.5759748
            ],
            [
              112.8878146,
              30.5702928
            ],
            [
              112.8812532,
              30.5649858
            ],
            [
              112.8742643,
              30.5589677
            ],
            [
              112.8712508,
              30.5532588
            ],
            [
              112.8710512,
              30.5468947
            ],
            [
              112.8704501,
              30.5425812
            ],
            [
              112.8732531,
              30.5358562
            ],
            [
              112.8780209,
              30.5271293
            ],
            [
              112.8796073,
              30.5187595
            ],
            [
              112.8802153,
              30.5127862
            ],
            [
              112.8805785,
              30.5086086
            ],
            [
              112.87764,
              30.5036069
            ],
            [
              112.8719142,
              30.4983333
            ],
            [
              112.867205,
              30.4959662
            ],
            [
              112.8573301,
              30.4959662
            ],
            [
              112.8459849,
              30.4985388
            ],
            [
              112.8382377,
              30.4981965
            ],
            [
              112.8309469,
              30.5007432
            ],
            [
              112.8238139,
              30.5067182
            ],
            [
              112.807703,
              30.5183874
            ],
            [
              112.8060722,
              30.5286275
            ],
            [
              112.802124,
              30.5402712
            ],
            [
              112.7994203,
              30.5504352
            ],
            [
              112.7956008,
              30.5597481
            ],
            [
              112.7889061,
              30.5702795
            ],
            [
              112.7817392,
              30.5788886
            ],
            [
              112.7770185,
              30.5831744
            ],
            [
              112.7733278,
              30.5845783
            ],
            [
              112.765131,
              30.5849108
            ],
            [
              112.7584323,
              30.584107
            ],
            [
              112.7552084,
              30.5830779
            ],
            [
              112.7444487,
              30.5789818
            ],
            [
              112.7091264,
              30.5698731
            ],
            [
              112.7050924,
              30.5663627
            ],
            [
              112.7020454,
              30.5589721
            ],
            [
              112.7008867,
              30.5515809
            ],
            [
              112.6983762,
              30.54831
            ],
            [
              112.6969385,
              30.5480329
            ],
            [
              112.6956081,
              30.5481437
            ],
            [
              112.6932478,
              30.5499917
            ],
            [
              112.6896858,
              30.5537983
            ],
            [
              112.6882911,
              30.5585101
            ],
            [
              112.68857,
              30.5624088
            ],
            [
              112.6894283,
              30.5691341
            ],
            [
              112.6884412,
              30.5727552
            ],
            [
              112.6868534,
              30.5795536
            ],
            [
              112.6822614,
              30.587423
            ],
            [
              112.6762103,
              30.5956612
            ],
            [
              112.6733779,
              30.6076292
            ],
            [
              112.6732971,
              30.6189521
            ],
            [
              112.6737641,
              30.622837
            ],
            [
              112.6771507,
              30.6244265
            ],
            [
              112.6823644,
              30.6249703
            ],
            [
              112.6886047,
              30.6253834
            ],
            [
              112.6941963,
              30.627858
            ],
            [
              112.7021554,
              30.6301865
            ],
            [
              112.7053714,
              30.6318008
            ],
            [
              112.7087831,
              30.6333518
            ],
            [
              112.7099418,
              30.6343118
            ],
            [
              112.7064228,
              30.6361027
            ],
            [
              112.7002644,
              30.640109
            ],
            [
              112.6964021,
              30.6418998
            ],
            [
              112.6889133,
              30.6439121
            ],
            [
              112.6896107,
              30.6465797
            ],
            [
              112.6859629,
              30.6475027
            ],
            [
              112.6836884,
              30.6477796
            ],
            [
              112.6835596,
              30.647032
            ],
            [
              112.6830768,
              30.6470135
            ],
            [
              112.6827764,
              30.6465889
            ],
            [
              112.6807272,
              30.6468289
            ],
            [
              112.678796,
              30.6423152
            ],
            [
              112.6777875,
              30.6422875
            ],
            [
              112.6773798,
              30.6414752
            ],
            [
              112.6762104,
              30.641946
            ],
            [
              112.6758349,
              30.6420013
            ],
            [
              112.6750946,
              30.6401459
            ],
            [
              112.6720798,
              30.6406352
            ],
            [
              112.6722729,
              30.6413275
            ],
            [
              112.670567,
              30.6415306
            ],
            [
              112.6703524,
              30.6423152
            ],
            [
              112.6690543,
              30.6424998
            ],
            [
              112.6692796,
              30.6433029
            ],
            [
              112.6638508,
              30.6433583
            ],
            [
              112.6636684,
              30.6404413
            ],
            [
              112.6690113,
              30.640229
            ],
            [
              112.6688611,
              30.638429
            ],
            [
              112.6660073,
              30.6383644
            ],
            [
              112.665739,
              30.6396106
            ],
            [
              112.6650953,
              30.6395736
            ],
            [
              112.6651275,
              30.6382536
            ],
            [
              112.6645374,
              30.6382444
            ],
            [
              112.6645374,
              30.6367489
            ],
            [
              112.6664257,
              30.6367489
            ],
            [
              112.6663399,
              30.6326132
            ],
            [
              112.662456,
              30.632244
            ],
            [
              112.6568341,
              30.6289851
            ],
            [
              112.6556003,
              30.6299452
            ],
            [
              112.6561367,
              30.6303053
            ],
            [
              112.6551604,
              30.6311823
            ],
            [
              112.6575851,
              30.6329086
            ],
            [
              112.6561475,
              30.6339426
            ],
            [
              112.6571774,
              30.6346257
            ],
            [
              112.6594949,
              30.6323547
            ],
            [
              112.660718,
              30.6331394
            ],
            [
              112.6574564,
              30.6360289
            ],
            [
              112.6570701,
              30.6358258
            ],
            [
              112.6551282,
              30.6370074
            ],
            [
              112.6545167,
              30.6364073
            ],
            [
              112.6539588,
              30.6368135
            ],
            [
              112.6550531,
              30.6377551
            ],
            [
              112.6575637,
              30.6362135
            ],
            [
              112.6581001,
              30.6364073
            ],
            [
              112.6578748,
              30.6377182
            ],
            [
              112.6596236,
              30.6381613
            ],
            [
              112.6597202,
              30.6399059
            ],
            [
              112.6604175,
              30.6399521
            ],
            [
              112.6606107,
              30.6410229
            ],
            [
              112.6621127,
              30.6412167
            ],
            [
              112.662102,
              30.6416229
            ],
            [
              112.6601171,
              30.6414013
            ],
            [
              112.6588833,
              30.6414937
            ],
            [
              112.6577675,
              30.6412629
            ],
            [
              112.6563406,
              30.6415213
            ],
            [
              112.654345,
              30.6411337
            ],
            [
              112.6526606,
              30.6393244
            ],
            [
              112.6513839,
              30.6387244
            ],
            [
              112.6506114,
              30.6404413
            ],
            [
              112.6465452,
              30.6396106
            ],
            [
              112.6465344,
              30.6377459
            ],
            [
              112.6471674,
              30.6377736
            ],
            [
              112.6472747,
              30.6368043
            ],
            [
              112.6464057,
              30.6364073
            ],
            [
              112.6449895,
              30.6360289
            ],
            [
              112.6449573,
              30.6358812
            ],
            [
              112.6456225,
              30.6359458
            ],
            [
              112.6456869,
              30.6356227
            ],
            [
              112.6447642,
              30.6353365
            ],
            [
              112.6443565,
              30.634838
            ],
            [
              112.6447964,
              30.6342287
            ],
            [
              112.6443243,
              30.6338502
            ],
            [
              112.6438415,
              30.6336102
            ],
            [
              112.6440239,
              30.6329917
            ],
            [
              112.6443779,
              30.6330563
            ],
            [
              112.6441955,
              30.6322163
            ],
            [
              112.6439273,
              30.631607
            ],
            [
              112.6433158,
              30.6315146
            ],
            [
              112.6428223,
              30.6292067
            ],
            [
              112.6438522,
              30.6288466
            ],
            [
              112.6432514,
              30.6269633
            ],
            [
              112.6426935,
              30.6266679
            ],
            [
              112.6422858,
              30.6253753
            ],
            [
              112.6397753,
              30.624766
            ],
            [
              112.6397967,
              30.623732
            ],
            [
              112.6381445,
              30.6238058
            ],
            [
              112.6378441,
              30.6248214
            ],
            [
              112.6347112,
              30.6250984
            ],
            [
              112.6345181,
              30.6285512
            ],
            [
              112.6321363,
              30.6284958
            ],
            [
              112.632072,
              30.6279604
            ],
            [
              112.6300335,
              30.627628
            ],
            [
              112.6297331,
              30.6251168
            ],
            [
              112.628746,
              30.6249876
            ],
            [
              112.6280594,
              30.6227533
            ],
            [
              112.6283383,
              30.6218116
            ],
            [
              112.6278448,
              30.6215346
            ],
            [
              112.6276946,
              30.6203897
            ],
            [
              112.6203561,
              30.6203159
            ],
            [
              112.6204419,
              30.6217008
            ],
            [
              112.6219654,
              30.6218116
            ],
            [
              112.6214933,
              30.6237689
            ],
            [
              112.6201629,
              30.6233627
            ],
            [
              112.6204419,
              30.6225317
            ],
            [
              112.6185751,
              30.6216085
            ],
            [
              112.6179957,
              30.6231596
            ],
            [
              112.6167083,
              30.6224394
            ],
            [
              112.6169228,
              30.621313
            ],
            [
              112.6173305,
              30.6211838
            ],
            [
              112.6173091,
              30.6206483
            ],
            [
              112.6161933,
              30.6204451
            ],
            [
              112.6163006,
              30.6188756
            ],
            [
              112.6169443,
              30.6171028
            ],
            [
              112.6187253,
              30.6174167
            ],
            [
              112.6198625,
              30.6132433
            ],
            [
              112.6219868,
              30.6132987
            ],
            [
              112.6220083,
              30.6124492
            ],
            [
              112.6249265,
              30.6112673
            ],
            [
              112.6255703,
              30.6121353
            ],
            [
              112.6270509,
              30.6115628
            ],
            [
              112.6270509,
              30.6088665
            ],
            [
              112.6308703,
              30.6103624
            ],
            [
              112.6312995,
              30.6092359
            ],
            [
              112.630924,
              30.6075091
            ],
            [
              112.6320934,
              30.6063733
            ],
            [
              112.6327693,
              30.6053391
            ],
            [
              112.6331556,
              30.6034276
            ],
            [
              112.6336491,
              30.6028089
            ],
            [
              112.6312136,
              30.5982285
            ],
            [
              112.6305485,
              30.5961229
            ],
            [
              112.6301837,
              30.5942019
            ],
            [
              112.6304626,
              30.592558
            ],
            [
              112.6286709,
              30.5920316
            ],
            [
              112.6286816,
              30.5894364
            ],
            [
              112.6273942,
              30.5893625
            ],
            [
              112.6273191,
              30.5886236
            ],
            [
              112.6257098,
              30.5885313
            ],
            [
              112.6252055,
              30.5901014
            ],
            [
              112.6260853,
              30.5902122
            ],
            [
              112.6261067,
              30.5913944
            ],
            [
              112.6256776,
              30.5913205
            ],
            [
              112.6243472,
              30.5930383
            ],
            [
              112.6247334,
              30.5944605
            ],
            [
              112.621665,
              30.5949592
            ],
            [
              112.6209354,
              30.5931306
            ],
            [
              112.6199913,
              30.5931306
            ],
            [
              112.619884,
              30.5920593
            ],
            [
              112.6213002,
              30.5920039
            ],
            [
              112.6213431,
              30.5911358
            ],
            [
              112.6218796,
              30.5910988
            ],
            [
              112.6218045,
              30.5890115
            ],
            [
              112.6198625,
              30.5889561
            ],
            [
              112.6208067,
              30.5855573
            ],
            [
              112.6212573,
              30.5779464
            ],
            [
              112.6196694,
              30.5777247
            ],
            [
              112.6197552,
              30.574344
            ],
            [
              112.6162576,
              30.574695
            ],
            [
              112.6164722,
              30.5711294
            ],
            [
              112.6149702,
              30.5702056
            ],
            [
              112.6160431,
              30.5636652
            ],
            [
              112.606945,
              30.5623718
            ],
            [
              112.6066017,
              30.5648477
            ],
            [
              112.6073313,
              30.5654574
            ],
            [
              112.6067304,
              30.5659193
            ],
            [
              112.604413,
              30.563776
            ],
            [
              112.6034474,
              30.564589
            ],
            [
              112.6005292,
              30.5626305
            ],
            [
              112.6011729,
              30.5615589
            ],
            [
              112.5992417,
              30.5603209
            ],
            [
              112.6001,
              30.5589536
            ],
            [
              112.5993705,
              30.5584732
            ],
            [
              112.5984907,
              30.5585471
            ],
            [
              112.5939417,
              30.5548146
            ],
            [
              112.595669,
              30.5498253
            ],
            [
              112.5964844,
              30.5499085
            ],
            [
              112.5992632,
              30.5443369
            ],
            [
              112.600379,
              30.5419714
            ],
            [
              112.6016664,
              30.5393102
            ],
            [
              112.6037693,
              30.5383861
            ],
            [
              112.6064086,
              30.5378132
            ],
            [
              112.6080608,
              30.5368152
            ],
            [
              112.6099062,
              30.5348007
            ],
            [
              112.6115799,
              30.5332112
            ],
            [
              112.6134574,
              30.5319544
            ],
            [
              112.6145303,
              30.5301062
            ],
            [
              112.6154315,
              30.5281932
            ],
            [
              112.6159251,
              30.5265666
            ],
            [
              112.6166654,
              30.5259289
            ],
            [
              112.616204,
              30.5249123
            ],
            [
              112.6165151,
              30.5240898
            ],
            [
              112.6159572,
              30.5234336
            ],
            [
              112.6155281,
              30.5210769
            ],
            [
              112.618103,
              30.5209475
            ],
            [
              112.6182318,
              30.5193301
            ],
            [
              112.618736,
              30.5193023
            ],
            [
              112.619369,
              30.5165481
            ],
            [
              112.6195943,
              30.5154759
            ],
            [
              112.6185697,
              30.5146718
            ],
            [
              112.6186126,
              30.5143436
            ],
            [
              112.6174593,
              30.5143483
            ],
            [
              112.6173949,
              30.5134702
            ],
            [
              112.6168746,
              30.5134055
            ],
            [
              112.6164481,
              30.5125413
            ],
            [
              112.6165688,
              30.5124604
            ],
            [
              112.6162577,
              30.5111409
            ],
            [
              112.6155281,
              30.5112149
            ],
            [
              112.6153672,
              30.5104477
            ],
            [
              112.6142943,
              30.5102998
            ],
            [
              112.6164293,
              30.5070553
            ],
            [
              112.6148629,
              30.5063621
            ],
            [
              112.6144659,
              30.5070923
            ],
            [
              112.6115692,
              30.5061772
            ],
            [
              112.6094019,
              30.5061772
            ],
            [
              112.609595,
              30.50492
            ],
            [
              112.6092839,
              30.504615
            ],
            [
              112.6113653,
              30.5014258
            ],
            [
              112.6074815,
              30.5018233
            ],
            [
              112.6031363,
              30.5013334
            ],
            [
              112.5997782,
              30.5056688
            ],
            [
              112.5960445,
              30.509699
            ],
            [
              112.5921607,
              30.5079982
            ],
            [
              112.591238,
              30.5092183
            ],
            [
              112.5946283,
              30.5112519
            ],
            [
              112.590487,
              30.5165203
            ],
            [
              112.5895428,
              30.515023
            ],
            [
              112.5887596,
              30.5162615
            ],
            [
              112.590251,
              30.5170194
            ],
            [
              112.5889635,
              30.5189789
            ],
            [
              112.5863242,
              30.5221767
            ],
            [
              112.5834489,
              30.5239697
            ],
            [
              112.5782561,
              30.5270749
            ],
            [
              112.5772261,
              30.5257441
            ],
            [
              112.5745225,
              30.5256332
            ],
            [
              112.5742864,
              30.5239697
            ],
            [
              112.5734925,
              30.5237663
            ],
            [
              112.5733423,
              30.5223246
            ],
            [
              112.5734496,
              30.5205316
            ],
            [
              112.5740719,
              30.518794
            ],
            [
              112.5738573,
              30.5186461
            ],
            [
              112.5750589,
              30.5172043
            ],
            [
              112.5739002,
              30.5165573
            ],
            [
              112.5747371,
              30.5146348
            ],
            [
              112.5713467,
              30.5139323
            ],
            [
              112.5710034,
              30.5153742
            ],
            [
              112.568407,
              30.5152633
            ],
            [
              112.5690079,
              30.5131744
            ],
            [
              112.5679993,
              30.5130265
            ],
            [
              112.5674844,
              30.5140987
            ],
            [
              112.5629782,
              30.5138769
            ],
            [
              112.5622916,
              30.5128232
            ],
            [
              112.5621414,
              30.511714
            ],
            [
              112.5623989,
              30.506131
            ],
            [
              112.5631499,
              30.5057797
            ],
            [
              112.563107,
              30.5039864
            ],
            [
              112.5616264,
              30.5038015
            ],
            [
              112.5607466,
              30.5010283
            ],
            [
              112.5600385,
              30.4978483
            ],
            [
              112.5586009,
              30.493152
            ],
            [
              112.561326,
              30.4931335
            ],
            [
              112.5614118,
              30.4918946
            ],
            [
              112.5652098,
              30.4918762
            ],
            [
              112.5649953,
              30.4899901
            ],
            [
              112.5651455,
              30.489306
            ],
            [
              112.564019,
              30.489306
            ],
            [
              112.5643945,
              30.4881966
            ],
            [
              112.5654673,
              30.4865878
            ],
            [
              112.566669,
              30.4853489
            ],
            [
              112.56742,
              30.4858667
            ],
            [
              112.5663471,
              30.4874754
            ],
            [
              112.5690508,
              30.4881781
            ],
            [
              112.5698662,
              30.4869577
            ],
            [
              112.5717759,
              30.4874384
            ],
            [
              112.5736213,
              30.4845168
            ],
            [
              112.5761747,
              30.4850531
            ],
            [
              112.5757026,
              30.4861071
            ],
            [
              112.57905,
              30.4868467
            ],
            [
              112.5808739,
              30.4833888
            ],
            [
              112.5781703,
              30.4821499
            ],
            [
              112.5750375,
              30.4812068
            ],
            [
              112.5730419,
              30.4811883
            ],
            [
              112.5728273,
              30.4808
            ],
            [
              112.5713038,
              30.4812438
            ],
            [
              112.5706816,
              30.4806705
            ],
            [
              112.5705099,
              30.4801342
            ],
            [
              112.5713682,
              30.4787843
            ],
            [
              112.5718617,
              30.4789877
            ],
            [
              112.5723982,
              30.4788398
            ],
            [
              112.5725055,
              30.478285
            ],
            [
              112.5735569,
              30.4778227
            ],
            [
              112.5736642,
              30.476861
            ],
            [
              112.5747371,
              30.4763247
            ],
            [
              112.575016,
              30.4768056
            ],
            [
              112.5758958,
              30.4763802
            ],
            [
              112.5757456,
              30.4759549
            ],
            [
              112.5766253,
              30.475548
            ],
            [
              112.5771618,
              30.475659
            ],
            [
              112.5773978,
              30.475511
            ],
            [
              112.5775909,
              30.4745679
            ],
            [
              112.5775695,
              30.4740131
            ],
            [
              112.5780844,
              30.4736802
            ],
            [
              112.5780415,
              30.4726815
            ],
            [
              112.5769472,
              30.4726076
            ],
            [
              112.5768828,
              30.4693341
            ],
            [
              112.5754237,
              30.4693526
            ],
            [
              112.5748229,
              30.4666339
            ],
            [
              112.5740075,
              30.4630828
            ],
            [
              112.5745225,
              30.462454
            ],
            [
              112.5738573,
              30.4593096
            ],
            [
              112.5728059,
              30.4539086
            ],
            [
              112.5695014,
              30.4512634
            ],
            [
              112.5669908,
              30.4492471
            ],
            [
              112.5628066,
              30.4462504
            ],
            [
              112.5608539,
              30.444974
            ],
            [
              112.5591373,
              30.4446595
            ],
            [
              112.556498,
              30.4441415
            ],
            [
              112.5494814,
              30.4429206
            ],
            [
              112.5452328,
              30.4421251
            ],
            [
              112.5399112,
              30.4416626
            ],
            [
              112.5347829,
              30.4407006
            ],
            [
              112.530148,
              30.4393131
            ],
            [
              112.5241828,
              30.4368156
            ],
            [
              112.5208568,
              30.434725
            ],
            [
              112.5195908,
              30.4325418
            ],
            [
              112.5190758,
              30.4306547
            ],
            [
              112.5191831,
              30.4280459
            ],
            [
              112.5188184,
              30.4245674
            ],
            [
              112.5190544,
              30.4242899
            ],
            [
              112.519784,
              30.4244749
            ],
            [
              112.5199342,
              30.4235498
            ],
            [
              112.5206423,
              30.4230502
            ],
            [
              112.5208568,
              30.4226061
            ],
            [
              112.5221443,
              30.422199
            ],
            [
              112.5222087,
              30.4215329
            ],
            [
              112.5224018,
              30.4212554
            ],
            [
              112.5255668,
              30.4217364
            ],
            [
              112.5257063,
              30.4199046
            ],
            [
              112.525599,
              30.4191274
            ],
            [
              112.5246978,
              30.4183503
            ],
            [
              112.5249767,
              30.4176656
            ],
            [
              112.5236892,
              30.417351
            ],
            [
              112.5233888,
              30.4155746
            ],
            [
              112.5240326,
              30.4157597
            ],
            [
              112.5240326,
              30.4152415
            ],
            [
              112.5243115,
              30.4147419
            ],
            [
              112.5216079,
              30.4096345
            ],
            [
              112.521404,
              30.4062293
            ],
            [
              112.5211573,
              30.4030647
            ],
            [
              112.5200414,
              30.4002794
            ],
            [
              112.5225949,
              30.3982713
            ],
            [
              112.5217366,
              30.3973644
            ],
            [
              112.5236356,
              30.3963187
            ],
            [
              112.5233781,
              30.3957449
            ],
            [
              112.5215917,
              30.3958004
            ],
            [
              112.522012,
              30.395444
            ],
            [
              112.523666,
              30.394601
            ],
            [
              112.525135,
              30.394552
            ],
            [
              112.525277,
              30.392623
            ],
            [
              112.526079,
              30.39255
            ],
            [
              112.526616,
              30.392169
            ],
            [
              112.526704,
              30.391451
            ],
            [
              112.526401,
              30.390277
            ],
            [
              112.525696,
              30.389376
            ],
            [
              112.523496,
              30.388385
            ],
            [
              112.523105,
              30.387897
            ],
            [
              112.522578,
              30.387346
            ],
            [
              112.518489,
              30.386356
            ],
            [
              112.516178,
              30.385387
            ],
            [
              112.508989,
              30.385096
            ],
            [
              112.508662,
              30.382306
            ],
            [
              112.507783,
              30.382177
            ],
            [
              112.503935,
              30.383185
            ],
            [
              112.503089,
              30.382777
            ],
            [
              112.502621,
              30.382033
            ],
            [
              112.501054,
              30.38127
            ],
            [
              112.49936,
              30.381059
            ],
            [
              112.498224,
              30.380432
            ],
            [
              112.497096,
              30.379059
            ],
            [
              112.495493,
              30.376039
            ],
            [
              112.495311,
              30.374887
            ],
            [
              112.494974,
              30.374251
            ],
            [
              112.49519,
              30.373662
            ],
            [
              112.495242,
              30.37304
            ],
            [
              112.495947,
              30.370882
            ],
            [
              112.496264,
              30.37015
            ],
            [
              112.497648,
              30.369565
            ],
            [
              112.498162,
              30.369666
            ],
            [
              112.500462,
              30.37003
            ],
            [
              112.500721,
              30.369569
            ],
            [
              112.501719,
              30.364808
            ],
            [
              112.502862,
              30.362777
            ],
            [
              112.50507,
              30.360535
            ],
            [
              112.50639,
              30.359193
            ],
            [
              112.508267,
              30.357516
            ],
            [
              112.50975,
              30.356645
            ],
            [
              112.511525,
              30.35619
            ],
            [
              112.514505,
              30.356136
            ],
            [
              112.515691,
              30.353863
            ],
            [
              112.515654,
              30.351471
            ],
            [
              112.516379,
              30.348746
            ],
            [
              112.516695,
              30.346534
            ],
            [
              112.516398,
              30.343575
            ],
            [
              112.515494,
              30.337969
            ],
            [
              112.51515,
              30.333706
            ],
            [
              112.51474,
              30.33137
            ],
            [
              112.511552,
              30.320195
            ],
            [
              112.511392,
              30.316469
            ],
            [
              112.512324,
              30.304987
            ],
            [
              112.515812,
              30.290443
            ],
            [
              112.5208273,
              30.2802561
            ],
            [
              112.52194,
              30.278106
            ],
            [
              112.524121,
              30.275932
            ],
            [
              112.528157,
              30.272424
            ],
            [
              112.534407,
              30.267652
            ],
            [
              112.54086,
              30.262602
            ],
            [
              112.543697,
              30.257986
            ],
            [
              112.546399,
              30.254009
            ],
            [
              112.552563,
              30.248127
            ],
            [
              112.560225,
              30.23947
            ],
            [
              112.564218,
              30.234617
            ],
            [
              112.565542,
              30.232225
            ],
            [
              112.566248,
              30.229674
            ],
            [
              112.567577,
              30.226608
            ],
            [
              112.569151,
              30.221549
            ],
            [
              112.570947,
              30.216759
            ],
            [
              112.572529,
              30.214745
            ],
            [
              112.575139,
              30.212549
            ],
            [
              112.568401,
              30.20759
            ],
            [
              112.567408,
              30.20745
            ],
            [
              112.566104,
              30.207508
            ],
            [
              112.564448,
              30.207298
            ],
            [
              112.564438,
              30.1951
            ],
            [
              112.5647,
              30.180751
            ],
            [
              112.570803,
              30.181479
            ],
            [
              112.568812,
              30.177034
            ],
            [
              112.568255,
              30.17291
            ],
            [
              112.568711,
              30.172131
            ],
            [
              112.569863,
              30.170978
            ],
            [
              112.570355,
              30.170952
            ],
            [
              112.585387,
              30.172874
            ],
            [
              112.592986,
              30.170708
            ],
            [
              112.591332,
              30.169298
            ],
            [
              112.591072,
              30.168507
            ],
            [
              112.591556,
              30.16715
            ],
            [
              112.590909,
              30.166065
            ],
            [
              112.590339,
              30.165674
            ],
            [
              112.587277,
              30.165108
            ],
            [
              112.586929,
              30.164663
            ],
            [
              112.587107,
              30.163842
            ],
            [
              112.587157,
              30.161716
            ],
            [
              112.587433,
              30.157649
            ],
            [
              112.586969,
              30.157256
            ],
            [
              112.585122,
              30.154296
            ],
            [
              112.584814,
              30.152072
            ],
            [
              112.584413,
              30.151958
            ],
            [
              112.58392,
              30.151632
            ],
            [
              112.583055,
              30.150025
            ],
            [
              112.582686,
              30.149831
            ],
            [
              112.581285,
              30.150007
            ],
            [
              112.580384,
              30.149925
            ],
            [
              112.580286,
              30.147606
            ],
            [
              112.580088,
              30.146667
            ],
            [
              112.579921,
              30.145754
            ],
            [
              112.579627,
              30.144538
            ],
            [
              112.579194,
              30.144186
            ],
            [
              112.577616,
              30.143727
            ],
            [
              112.577271,
              30.14218
            ],
            [
              112.576526,
              30.141367
            ],
            [
              112.57639,
              30.140534
            ],
            [
              112.577106,
              30.140485
            ],
            [
              112.578014,
              30.140254
            ],
            [
              112.579497,
              30.138322
            ],
            [
              112.579765,
              30.136953
            ],
            [
              112.580615,
              30.136704
            ],
            [
              112.579734,
              30.134603
            ],
            [
              112.575168,
              30.134649
            ],
            [
              112.574398,
              30.134167
            ],
            [
              112.573124,
              30.132711
            ],
            [
              112.573191,
              30.132153
            ],
            [
              112.576467,
              30.130006
            ],
            [
              112.576902,
              30.128546
            ],
            [
              112.576342,
              30.127271
            ],
            [
              112.57346,
              30.122151
            ],
            [
              112.572604,
              30.120259
            ],
            [
              112.58556,
              30.120018
            ],
            [
              112.589269,
              30.122299
            ],
            [
              112.590825,
              30.12228
            ],
            [
              112.591049,
              30.122594
            ],
            [
              112.597564,
              30.122515
            ],
            [
              112.603782,
              30.12208
            ],
            [
              112.60401,
              30.1222
            ],
            [
              112.604302,
              30.123327
            ],
            [
              112.604833,
              30.123658
            ],
            [
              112.606162,
              30.124058
            ],
            [
              112.608816,
              30.124502
            ],
            [
              112.609295,
              30.124456
            ],
            [
              112.610375,
              30.122122
            ],
            [
              112.610646,
              30.121941
            ],
            [
              112.617943,
              30.121712
            ],
            [
              112.623644,
              30.121294
            ],
            [
              112.624383,
              30.118312
            ],
            [
              112.628545,
              30.118446
            ],
            [
              112.629223,
              30.117934
            ],
            [
              112.630527,
              30.117481
            ],
            [
              112.631674,
              30.117678
            ],
            [
              112.632496,
              30.118503
            ],
            [
              112.635248,
              30.118933
            ],
            [
              112.635423,
              30.119815
            ],
            [
              112.639458,
              30.120159
            ],
            [
              112.641527,
              30.120578
            ],
            [
              112.643638,
              30.120786
            ],
            [
              112.643965,
              30.11087
            ],
            [
              112.644298,
              30.107213
            ],
            [
              112.643885,
              30.107153
            ],
            [
              112.644335,
              30.103216
            ],
            [
              112.646103,
              30.103181
            ],
            [
              112.647915,
              30.102986
            ],
            [
              112.648396,
              30.10168
            ],
            [
              112.648756,
              30.101305
            ],
            [
              112.651096,
              30.100838
            ],
            [
              112.651619,
              30.100401
            ],
            [
              112.652113,
              30.098904
            ],
            [
              112.656156,
              30.098597
            ],
            [
              112.658662,
              30.100118
            ],
            [
              112.657215,
              30.107379
            ],
            [
              112.667077,
              30.107573
            ],
            [
              112.668289,
              30.107228
            ],
            [
              112.669669,
              30.105688
            ],
            [
              112.670798,
              30.105015
            ],
            [
              112.672516,
              30.103784
            ],
            [
              112.675184,
              30.10096
            ],
            [
              112.675259,
              30.099015
            ],
            [
              112.67588,
              30.098014
            ],
            [
              112.677168,
              30.096939
            ],
            [
              112.681231,
              30.094863
            ],
            [
              112.685194,
              30.093747
            ],
            [
              112.690085,
              30.092835
            ],
            [
              112.693448,
              30.092627
            ],
            [
              112.69461,
              30.093146
            ],
            [
              112.695368,
              30.09328
            ],
            [
              112.696823,
              30.092852
            ],
            [
              112.700184,
              30.092033
            ],
            [
              112.701508,
              30.091496
            ],
            [
              112.705885,
              30.091163
            ],
            [
              112.707657,
              30.091408
            ],
            [
              112.709419,
              30.092243
            ],
            [
              112.717089,
              30.093737
            ],
            [
              112.718927,
              30.094289
            ],
            [
              112.735125,
              30.092667
            ],
            [
              112.736584,
              30.09225
            ],
            [
              112.736508,
              30.085391
            ],
            [
              112.736283,
              30.081389
            ],
            [
              112.740676,
              30.081305
            ],
            [
              112.750576,
              30.08162
            ],
            [
              112.76577,
              30.081702
            ],
            [
              112.791795,
              30.081886
            ],
            [
              112.801624,
              30.08173
            ],
            [
              112.801748,
              30.077699
            ],
            [
              112.806033,
              30.077598
            ],
            [
              112.806065,
              30.076633
            ],
            [
              112.808406,
              30.076622
            ],
            [
              112.808253,
              30.077696
            ],
            [
              112.808346,
              30.080095
            ],
            [
              112.810967,
              30.081944
            ],
            [
              112.807677,
              30.086683
            ],
            [
              112.804579,
              30.09249
            ],
            [
              112.802571,
              30.094553
            ],
            [
              112.793948,
              30.100136
            ],
            [
              112.785198,
              30.105569
            ],
            [
              112.783098,
              30.106712
            ],
            [
              112.783573,
              30.108463
            ],
            [
              112.784557,
              30.108343
            ],
            [
              112.784609,
              30.111213
            ],
            [
              112.784363,
              30.11126
            ],
            [
              112.785034,
              30.112901
            ],
            [
              112.785429,
              30.112981
            ],
            [
              112.786155,
              30.114419
            ],
            [
              112.792083,
              30.111721
            ],
            [
              112.792565,
              30.112317
            ],
            [
              112.797524,
              30.108753
            ],
            [
              112.803653,
              30.106006
            ],
            [
              112.805761,
              30.109617
            ],
            [
              112.80459,
              30.112079
            ],
            [
              112.804735,
              30.112839
            ],
            [
              112.806247,
              30.114309
            ],
            [
              112.806782,
              30.114734
            ],
            [
              112.806489,
              30.115214
            ],
            [
              112.806946,
              30.115644
            ],
            [
              112.80655,
              30.116588
            ],
            [
              112.808641,
              30.118133
            ],
            [
              112.808954,
              30.123373
            ],
            [
              112.80804,
              30.125997
            ],
            [
              112.807022,
              30.124668
            ],
            [
              112.80639,
              30.127225
            ],
            [
              112.807517,
              30.127745
            ],
            [
              112.806302,
              30.131702
            ],
            [
              112.806224,
              30.132493
            ],
            [
              112.805084,
              30.136534
            ],
            [
              112.804029,
              30.136477
            ],
            [
              112.802912,
              30.137773
            ],
            [
              112.802251,
              30.139444
            ],
            [
              112.802288,
              30.139769
            ],
            [
              112.803413,
              30.140687
            ],
            [
              112.804077,
              30.141083
            ],
            [
              112.802749,
              30.145297
            ],
            [
              112.800064,
              30.145192
            ],
            [
              112.799895,
              30.146593
            ],
            [
              112.799525,
              30.146611
            ],
            [
              112.801915,
              30.149246
            ],
            [
              112.802667,
              30.149879
            ],
            [
              112.803881,
              30.150587
            ],
            [
              112.803476,
              30.1536
            ],
            [
              112.802732,
              30.153896
            ],
            [
              112.802657,
              30.157767
            ],
            [
              112.801487,
              30.159073
            ],
            [
              112.808477,
              30.163046
            ],
            [
              112.808803,
              30.163363
            ],
            [
              112.809363,
              30.16432
            ],
            [
              112.812264,
              30.165158
            ],
            [
              112.813624,
              30.165354
            ],
            [
              112.817541,
              30.16515
            ],
            [
              112.820015,
              30.165601
            ],
            [
              112.821178,
              30.165941
            ],
            [
              112.822104,
              30.166001
            ],
            [
              112.824154,
              30.166465
            ],
            [
              112.826552,
              30.162967
            ],
            [
              112.827149,
              30.163238
            ],
            [
              112.827984,
              30.163055
            ],
            [
              112.828386,
              30.163478
            ],
            [
              112.828509,
              30.163433
            ],
            [
              112.828865,
              30.162699
            ],
            [
              112.831732,
              30.164374
            ],
            [
              112.83524,
              30.167346
            ],
            [
              112.837902,
              30.169714
            ],
            [
              112.837648,
              30.17008
            ],
            [
              112.839889,
              30.171802
            ],
            [
              112.8411,
              30.171467
            ],
            [
              112.840718,
              30.172425
            ],
            [
              112.841482,
              30.175009
            ],
            [
              112.841785,
              30.177035
            ],
            [
              112.844891,
              30.183609
            ],
            [
              112.848086,
              30.185165
            ],
            [
              112.849041,
              30.185076
            ],
            [
              112.851983,
              30.185216
            ],
            [
              112.852186,
              30.184881
            ],
            [
              112.851938,
              30.182814
            ],
            [
              112.852328,
              30.182265
            ],
            [
              112.852389,
              30.181811
            ],
            [
              112.852641,
              30.181354
            ],
            [
              112.852508,
              30.180706
            ],
            [
              112.852863,
              30.180202
            ],
            [
              112.853316,
              30.180226
            ],
            [
              112.853416,
              30.180935
            ],
            [
              112.854008,
              30.180941
            ],
            [
              112.855558,
              30.181992
            ],
            [
              112.856195,
              30.182558
            ],
            [
              112.856872,
              30.181566
            ],
            [
              112.857046,
              30.181563
            ],
            [
              112.856949,
              30.182879
            ],
            [
              112.859684,
              30.185893
            ],
            [
              112.860343,
              30.18673
            ],
            [
              112.862111,
              30.188246
            ],
            [
              112.8631389,
              30.1898084
            ],
            [
              112.8691471,
              30.1886028
            ],
            [
              112.8732423,
              30.1871949
            ],
            [
              112.8752398,
              30.1850263
            ],
            [
              112.8754475,
              30.1819459
            ],
            [
              112.8737391,
              30.1748905
            ],
            [
              112.8754271,
              30.172365
            ],
            [
              112.8778085,
              30.172365
            ],
            [
              112.8805453,
              30.1736959
            ],
            [
              112.8857311,
              30.1748913
            ],
            [
              112.8898934,
              30.1735419
            ],
            [
              112.8941957,
              30.1696738
            ],
            [
              112.8984599,
              30.166423
            ],
            [
              112.9039097,
              30.1653923
            ],
            [
              112.9131686,
              30.1680607
            ],
            [
              112.9168001,
              30.1682102
            ],
            [
              112.9226557,
              30.1665722
            ],
            [
              112.9292867,
              30.163932
            ],
            [
              112.9402763,
              30.1618535
            ],
            [
              112.9430618,
              30.1604988
            ],
            [
              112.9438272,
              30.1584906
            ],
            [
              112.9405044,
              30.1497597
            ],
            [
              112.9415206,
              30.1460982
            ],
            [
              112.9481947,
              30.1426945
            ],
            [
              112.9527205,
              30.1386543
            ],
            [
              112.9562886,
              30.1364502
            ],
            [
              112.9591624,
              30.137035
            ],
            [
              112.9679201,
              30.1404506
            ],
            [
              112.971496,
              30.1409298
            ],
            [
              112.975649,
              30.1397326
            ],
            [
              112.9817157,
              30.1355472
            ],
            [
              112.9852793,
              30.1346667
            ],
            [
              112.995544,
              30.1377737
            ],
            [
              112.9983853,
              30.1394266
            ],
            [
              113.0018796,
              30.1426637
            ],
            [
              113.0046383,
              30.1441548
            ],
            [
              113.0096235,
              30.1463846
            ],
            [
              113.0126921,
              30.1474165
            ],
            [
              113.0143243,
              30.1496398
            ],
            [
              113.014723,
              30.1521044
            ],
            [
              113.0132958,
              30.1571593
            ],
            [
              113.0109511,
              30.1611395
            ],
            [
              113.0100854,
              30.1656306
            ],
            [
              113.0126964,
              30.1690919
            ],
            [
              113.0180455,
              30.1701361
            ],
            [
              113.0212772,
              30.1711654
            ],
            [
              113.0231329,
              30.1734991
            ],
            [
              113.0227949,
              30.176129
            ],
            [
              113.0194733,
              30.1812041
            ],
            [
              113.019015,
              30.1847624
            ],
            [
              113.0196513,
              30.1872038
            ],
            [
              113.0209708,
              30.1886862
            ],
            [
              113.0232131,
              30.1899846
            ],
            [
              113.0248547,
              30.1911252
            ],
            [
              113.024486,
              30.192263
            ],
            [
              113.027101,
              30.193703
            ],
            [
              113.02604,
              30.196435
            ],
            [
              113.025689,
              30.19644
            ],
            [
              113.025046,
              30.197752
            ],
            [
              113.024726,
              30.197674
            ],
            [
              113.02402,
              30.199015
            ],
            [
              113.017743,
              30.196454
            ],
            [
              113.014544,
              30.198512
            ],
            [
              113.013253,
              30.210356
            ],
            [
              113.013057,
              30.210394
            ],
            [
              113.013452,
              30.212451
            ],
            [
              113.013766,
              30.213352
            ],
            [
              113.010924,
              30.214658
            ],
            [
              113.012656,
              30.216876
            ],
            [
              113.011336,
              30.2171
            ],
            [
              113.012558,
              30.221206
            ],
            [
              113.005974,
              30.222822
            ],
            [
              113.004913,
              30.219984
            ],
            [
              113.004514,
              30.220077
            ],
            [
              113.00346,
              30.22191
            ],
            [
              113.00319,
              30.221998
            ],
            [
              113.003042,
              30.221699
            ],
            [
              113.003321,
              30.220739
            ],
            [
              113.003806,
              30.219546
            ],
            [
              113.001284,
              30.216849
            ],
            [
              113.000359,
              30.21751
            ],
            [
              113.00061,
              30.217766
            ],
            [
              113.000053,
              30.218508
            ],
            [
              112.999753,
              30.218513
            ],
            [
              112.998869,
              30.217911
            ],
            [
              112.998132,
              30.221849
            ],
            [
              112.999867,
              30.221468
            ],
            [
              112.999564,
              30.222608
            ],
            [
              113.000055,
              30.222671
            ],
            [
              113.000061,
              30.22428
            ],
            [
              112.998969,
              30.224202
            ],
            [
              112.998577,
              30.226337
            ],
            [
              112.996147,
              30.226066
            ],
            [
              112.995421,
              30.228614
            ],
            [
              112.994735,
              30.232315
            ],
            [
              112.996116,
              30.235316
            ],
            [
              112.996885,
              30.238308
            ],
            [
              112.996913,
              30.239975
            ],
            [
              112.998915,
              30.244924
            ],
            [
              113.001436,
              30.244109
            ],
            [
              113.002084,
              30.247889
            ],
            [
              112.999774,
              30.248107
            ],
            [
              112.999383,
              30.249012
            ],
            [
              112.998713,
              30.252309
            ],
            [
              112.999457,
              30.255313
            ],
            [
              112.999674,
              30.257567
            ],
            [
              113.000081,
              30.258944
            ],
            [
              113.000967,
              30.260496
            ],
            [
              113.001408,
              30.261676
            ],
            [
              113.001305,
              30.264509
            ],
            [
              113.000823,
              30.265523
            ],
            [
              113.001028,
              30.265695
            ],
            [
              113.002263,
              30.265779
            ],
            [
              113.00777,
              30.264628
            ],
            [
              113.008426,
              30.2638
            ],
            [
              113.010423,
              30.262718
            ],
            [
              113.010324,
              30.261172
            ],
            [
              113.010792,
              30.261048
            ],
            [
              113.01085,
              30.26055
            ],
            [
              113.011521,
              30.260482
            ],
            [
              113.011518,
              30.260306
            ],
            [
              113.010936,
              30.259848
            ],
            [
              113.010815,
              30.258857
            ],
            [
              113.01115,
              30.258793
            ],
            [
              113.012166,
              30.259128
            ],
            [
              113.01255,
              30.258158
            ],
            [
              113.01292,
              30.258123
            ],
            [
              113.013773,
              30.253759
            ],
            [
              113.013973,
              30.253668
            ],
            [
              113.017327,
              30.254843
            ],
            [
              113.017602,
              30.255102
            ],
            [
              113.016995,
              30.256688
            ],
            [
              113.015795,
              30.258897
            ],
            [
              113.015704,
              30.259366
            ],
            [
              113.016052,
              30.259915
            ],
            [
              113.014897,
              30.260951
            ],
            [
              113.008241,
              30.26465
            ],
            [
              113.007985,
              30.265297
            ],
            [
              113.008106,
              30.269559
            ],
            [
              113.007742,
              30.269886
            ],
            [
              113.007175,
              30.270128
            ],
            [
              113.007288,
              30.270711
            ],
            [
              113.005789,
              30.271464
            ],
            [
              113.00525,
              30.271443
            ],
            [
              113.004447,
              30.27166
            ],
            [
              113.003119,
              30.272696
            ],
            [
              113.002793,
              30.273811
            ],
            [
              113.002406,
              30.273881
            ],
            [
              113.000687,
              30.27853
            ],
            [
              113.001844,
              30.281016
            ],
            [
              113.000784,
              30.28185
            ],
            [
              113.001589,
              30.283357
            ],
            [
              113.000893,
              30.283893
            ],
            [
              113.003084,
              30.285729
            ],
            [
              113.002956,
              30.286052
            ],
            [
              113.001996,
              30.286856
            ],
            [
              113.006788,
              30.294084
            ],
            [
              113.006858,
              30.294612
            ],
            [
              113.0066,
              30.294788
            ],
            [
              113.007047,
              30.295248
            ],
            [
              113.00619,
              30.296138
            ],
            [
              113.00623,
              30.296429
            ],
            [
              113.005073,
              30.297469
            ],
            [
              113.004732,
              30.29727
            ],
            [
              113.003794,
              30.299153
            ],
            [
              113.002022,
              30.3014
            ],
            [
              113.002742,
              30.302003
            ],
            [
              113.002477,
              30.303876
            ],
            [
              113.002308,
              30.303878
            ],
            [
              113.000739,
              30.302822
            ],
            [
              112.99887,
              30.305752
            ],
            [
              112.998591,
              30.306422
            ],
            [
              112.996996,
              30.306223
            ],
            [
              112.990379,
              30.310287
            ],
            [
              112.990532,
              30.310665
            ],
            [
              112.982265,
              30.311836
            ],
            [
              112.982007,
              30.311745
            ],
            [
              112.981819,
              30.311462
            ],
            [
              112.981526,
              30.311435
            ],
            [
              112.979248,
              30.312579
            ],
            [
              112.978609,
              30.311669
            ],
            [
              112.977114,
              30.311787
            ],
            [
              112.976851,
              30.311443
            ],
            [
              112.976052,
              30.311645
            ],
            [
              112.976014,
              30.311582
            ],
            [
              112.975505,
              30.311716
            ],
            [
              112.974616,
              30.311064
            ],
            [
              112.974509,
              30.311224
            ],
            [
              112.974998,
              30.311946
            ],
            [
              112.974671,
              30.312014
            ],
            [
              112.973852,
              30.311234
            ],
            [
              112.973392,
              30.310164
            ],
            [
              112.97321,
              30.310167
            ],
            [
              112.972968,
              30.310867
            ],
            [
              112.973098,
              30.311911
            ],
            [
              112.974915,
              30.315053
            ],
            [
              112.97481,
              30.315308
            ],
            [
              112.977084,
              30.32108
            ],
            [
              112.973609,
              30.322615
            ],
            [
              112.974018,
              30.323147
            ],
            [
              112.974364,
              30.323998
            ],
            [
              112.974107,
              30.323938
            ],
            [
              112.973156,
              30.323889
            ],
            [
              112.971778,
              30.324417
            ],
            [
              112.971683,
              30.325147
            ],
            [
              112.971567,
              30.326638
            ],
            [
              112.971208,
              30.326961
            ],
            [
              112.971179,
              30.327341
            ],
            [
              112.971118,
              30.329751
            ],
            [
              112.970509,
              30.330362
            ],
            [
              112.970603,
              30.331375
            ],
            [
              112.970955,
              30.332574
            ],
            [
              112.971045,
              30.333778
            ],
            [
              112.969875,
              30.333653
            ],
            [
              112.968804,
              30.33362
            ],
            [
              112.969167,
              30.338375
            ],
            [
              112.969763,
              30.338436
            ],
            [
              112.969772,
              30.338858
            ],
            [
              112.97045,
              30.338965
            ],
            [
              112.970515,
              30.339527
            ],
            [
              112.972439,
              30.339756
            ],
            [
              112.972788,
              30.34097
            ],
            [
              112.974112,
              30.34095
            ],
            [
              112.974121,
              30.341395
            ],
            [
              112.974526,
              30.341366
            ],
            [
              112.974491,
              30.340944
            ],
            [
              112.975462,
              30.340859
            ],
            [
              112.97555,
              30.34121
            ],
            [
              112.977545,
              30.340898
            ],
            [
              112.977657,
              30.341084
            ],
            [
              112.97825,
              30.341005
            ],
            [
              112.978258,
              30.341403
            ],
            [
              112.977826,
              30.341457
            ],
            [
              112.977812,
              30.34209
            ],
            [
              112.977515,
              30.342094
            ],
            [
              112.977495,
              30.342447
            ],
            [
              112.977065,
              30.34257
            ],
            [
              112.976994,
              30.343258
            ],
            [
              112.977747,
              30.343999
            ],
            [
              112.98114,
              30.345065
            ],
            [
              112.983729,
              30.345554
            ],
            [
              112.98382,
              30.345957
            ],
            [
              112.983352,
              30.347009
            ],
            [
              112.983229,
              30.348485
            ],
            [
              112.983026,
              30.348797
            ],
            [
              112.980149,
              30.348995
            ],
            [
              112.975596,
              30.349402
            ],
            [
              112.973382,
              30.350421
            ],
            [
              112.971435,
              30.352032
            ],
            [
              112.970431,
              30.353367
            ],
            [
              112.969867,
              30.353091
            ],
            [
              112.965667,
              30.356672
            ],
            [
              112.965393,
              30.356489
            ],
            [
              112.965991,
              30.35533
            ],
            [
              112.966392,
              30.355066
            ],
            [
              112.966439,
              30.354737
            ],
            [
              112.966328,
              30.354598
            ],
            [
              112.965462,
              30.354541
            ],
            [
              112.96515,
              30.353795
            ],
            [
              112.964417,
              30.353844
            ],
            [
              112.964353,
              30.354531
            ],
            [
              112.960213,
              30.358946
            ],
            [
              112.95965,
              30.359668
            ],
            [
              112.960896,
              30.360144
            ],
            [
              112.963852,
              30.357872
            ],
            [
              112.964327,
              30.357278
            ],
            [
              112.964425,
              30.356761
            ],
            [
              112.96477,
              30.356451
            ],
            [
              112.966843,
              30.357725
            ],
            [
              112.96684,
              30.357859
            ],
            [
              112.965141,
              30.359409
            ],
            [
              112.961852,
              30.361295
            ],
            [
              112.958026,
              30.364119
            ],
            [
              112.956138,
              30.364897
            ],
            [
              112.954829,
              30.366225
            ],
            [
              112.954554,
              30.367344
            ],
            [
              112.955762,
              30.368158
            ],
            [
              112.955667,
              30.368324
            ],
            [
              112.955668,
              30.368386
            ],
            [
              112.955057,
              30.369048
            ],
            [
              112.956158,
              30.370493
            ],
            [
              112.956171,
              30.370553
            ],
            [
              112.956001,
              30.37073
            ],
            [
              112.955836,
              30.371389
            ],
            [
              112.956832,
              30.371989
            ],
            [
              112.957012,
              30.372197
            ],
            [
              112.955642,
              30.376434
            ],
            [
              112.95486,
              30.377286
            ],
            [
              112.95373,
              30.378978
            ],
            [
              112.952518,
              30.380275
            ],
            [
              112.951501,
              30.382176
            ],
            [
              112.9518,
              30.38328
            ],
            [
              112.951649,
              30.385135
            ],
            [
              112.95137,
              30.388929
            ],
            [
              112.952711,
              30.388909
            ],
            [
              112.952801,
              30.38933
            ],
            [
              112.955194,
              30.389294
            ],
            [
              112.955124,
              30.388042
            ],
            [
              112.954691,
              30.388072
            ],
            [
              112.95456,
              30.385883
            ],
            [
              112.95605,
              30.385879
            ],
            [
              112.958025,
              30.38913
            ],
            [
              112.95846,
              30.390153
            ],
            [
              112.958825,
              30.39053
            ],
            [
              112.958404,
              30.392456
            ],
            [
              112.958919,
              30.392559
            ],
            [
              112.960264,
              30.392187
            ],
            [
              112.961443,
              30.394327
            ],
            [
              112.962494,
              30.394123
            ],
            [
              112.962858,
              30.396088
            ],
            [
              112.962764,
              30.396793
            ],
            [
              112.961082,
              30.399257
            ],
            [
              112.959558,
              30.400171
            ],
            [
              112.962215,
              30.405876
            ],
            [
              112.957685,
              30.407984
            ],
            [
              112.957698,
              30.408641
            ],
            [
              112.959713,
              30.40793
            ],
            [
              112.959854,
              30.408233
            ],
            [
              112.960205,
              30.408181
            ],
            [
              112.960259,
              30.40818
            ],
            [
              112.960567,
              30.408715
            ],
            [
              112.961989,
              30.408084
            ],
            [
              112.961821,
              30.407805
            ],
            [
              112.963699,
              30.407026
            ],
            [
              112.964931,
              30.409118
            ],
            [
              112.967252,
              30.408802
            ],
            [
              112.969416,
              30.411489
            ],
            [
              112.971069,
              30.412965
            ],
            [
              112.970747,
              30.413111
            ],
            [
              112.970834,
              30.413368
            ],
            [
              112.970976,
              30.413717
            ],
            [
              112.970598,
              30.413746
            ],
            [
              112.970469,
              30.414053
            ],
            [
              112.970473,
              30.414288
            ],
            [
              112.970932,
              30.41421
            ],
            [
              112.971013,
              30.414232
            ],
            [
              112.971042,
              30.414326
            ],
            [
              112.971772,
              30.414268
            ],
            [
              112.972335,
              30.415362
            ],
            [
              112.974596,
              30.414811
            ],
            [
              112.974707,
              30.414927
            ],
            [
              112.977834,
              30.419734
            ],
            [
              112.97907,
              30.419317
            ],
            [
              112.979628,
              30.420129
            ],
            [
              112.980003,
              30.419959
            ],
            [
              112.980089,
              30.420169
            ],
            [
              112.980599,
              30.419973
            ],
            [
              112.98085,
              30.420368
            ],
            [
              112.978816,
              30.421454
            ],
            [
              112.97912,
              30.421778
            ],
            [
              112.980139,
              30.421294
            ],
            [
              112.980411,
              30.42272
            ],
            [
              112.982744,
              30.423036
            ],
            [
              112.982714,
              30.425523
            ],
            [
              112.9812,
              30.425592
            ],
            [
              112.981152,
              30.425921
            ],
            [
              112.979421,
              30.425948
            ],
            [
              112.979319,
              30.427614
            ],
            [
              112.977859,
              30.42766
            ],
            [
              112.977776,
              30.428927
            ],
            [
              112.979481,
              30.428925
            ],
            [
              112.979572,
              30.429416
            ],
            [
              112.983469,
              30.429404
            ],
            [
              112.983537,
              30.430106
            ],
            [
              112.98746,
              30.43007
            ],
            [
              112.987544,
              30.430186
            ],
            [
              112.988075,
              30.432382
            ],
            [
              112.989338,
              30.433254
            ],
            [
              112.988075,
              30.436369
            ],
            [
              112.986501,
              30.438832
            ],
            [
              112.983953,
              30.441309
            ],
            [
              112.981814,
              30.442585
            ],
            [
              112.978294,
              30.443834
            ],
            [
              112.9736829,
              30.4454771
            ],
            [
              112.973926,
              30.446011
            ],
            [
              112.974763,
              30.449938
            ],
            [
              112.975495,
              30.45002
            ],
            [
              112.975516,
              30.451052
            ],
            [
              112.975109,
              30.451011
            ],
            [
              112.975259,
              30.451712
            ],
            [
              112.977424,
              30.451703
            ],
            [
              112.979484,
              30.453172
            ],
            [
              112.981427,
              30.454245
            ],
            [
              112.981408,
              30.454644
            ],
            [
              112.98206,
              30.454728
            ],
            [
              112.983805,
              30.456718
            ],
            [
              112.983754,
              30.456883
            ],
            [
              112.982626,
              30.457275
            ],
            [
              112.983815,
              30.463894
            ],
            [
              112.9934,
              30.463982
            ],
            [
              112.993006,
              30.464598
            ],
            [
              112.992876,
              30.464858
            ],
            [
              112.993391,
              30.464897
            ],
            [
              112.993616,
              30.467942
            ],
            [
              112.994212,
              30.467956
            ],
            [
              112.99424,
              30.469363
            ],
            [
              112.994002,
              30.469648
            ],
            [
              112.99398,
              30.471196
            ],
            [
              112.994497,
              30.471329
            ],
            [
              112.993274,
              30.473763
            ],
            [
              112.991462,
              30.473861
            ],
            [
              112.991469,
              30.476839
            ],
            [
              112.990605,
              30.476969
            ],
            [
              112.990626,
              30.479314
            ],
            [
              112.989522,
              30.480972
            ],
            [
              112.989117,
              30.481025
            ],
            [
              112.987724,
              30.480437
            ],
            [
              112.987717,
              30.480062
            ],
            [
              112.987952,
              30.479636
            ],
            [
              112.988439,
              30.479629
            ],
            [
              112.988352,
              30.479325
            ],
            [
              112.9877,
              30.479241
            ],
            [
              112.98735,
              30.47798
            ],
            [
              112.986939,
              30.477776
            ],
            [
              112.986922,
              30.476908
            ],
            [
              112.985539,
              30.476812
            ],
            [
              112.985367,
              30.476369
            ],
            [
              112.984067,
              30.476318
            ],
            [
              112.983452,
              30.47668
            ],
            [
              112.982924,
              30.476054
            ],
            [
              112.982652,
              30.475965
            ],
            [
              112.981772,
              30.476611
            ],
            [
              112.981917,
              30.477102
            ],
            [
              112.982412,
              30.477493
            ],
            [
              112.982471,
              30.477703
            ],
            [
              112.981383,
              30.478798
            ],
            [
              112.980557,
              30.478131
            ],
            [
              112.980318,
              30.478369
            ],
            [
              112.980813,
              30.47876
            ],
            [
              112.980606,
              30.479209
            ],
            [
              112.980417,
              30.479258
            ],
            [
              112.980005,
              30.478936
            ],
            [
              112.979939,
              30.478374
            ],
            [
              112.97964,
              30.478309
            ],
            [
              112.978562,
              30.477199
            ],
            [
              112.976812,
              30.477718
            ],
            [
              112.97646,
              30.4777
            ],
            [
              112.976331,
              30.478031
            ],
            [
              112.976006,
              30.478012
            ],
            [
              112.975346,
              30.477506
            ],
            [
              112.975123,
              30.475868
            ],
            [
              112.973748,
              30.476147
            ],
            [
              112.973122,
              30.475969
            ],
            [
              112.972832,
              30.475035
            ],
            [
              112.972183,
              30.475068
            ],
            [
              112.971465,
              30.475689
            ],
            [
              112.968997,
              30.479525
            ],
            [
              112.966617,
              30.481015
            ],
            [
              112.962987,
              30.483602
            ],
            [
              112.962771,
              30.483629
            ],
            [
              112.962632,
              30.483444
            ],
            [
              112.962477,
              30.482484
            ],
            [
              112.961441,
              30.482125
            ],
            [
              112.960517,
              30.480614
            ],
            [
              112.960034,
              30.480786
            ],
            [
              112.959737,
              30.480837
            ],
            [
              112.957655,
              30.476952
            ],
            [
              112.958593,
              30.476446
            ],
            [
              112.958486,
              30.476061
            ],
            [
              112.95808,
              30.47609
            ],
            [
              112.948,
              30.480293
            ],
            [
              112.945248,
              30.480919
            ],
            [
              112.943252,
              30.481793
            ],
            [
              112.943199,
              30.482249
            ],
            [
              112.943188,
              30.482975
            ],
            [
              112.944288,
              30.484701
            ],
            [
              112.945051,
              30.485353
            ],
            [
              112.948723,
              30.487115
            ],
            [
              112.948608,
              30.48941
            ],
            [
              112.946422,
              30.490053
            ],
            [
              112.946262,
              30.491146
            ],
            [
              112.944175,
              30.492249
            ],
            [
              112.944198,
              30.494601
            ],
            [
              112.944095,
              30.494837
            ],
            [
              112.942277,
              30.496036
            ],
            [
              112.942204,
              30.49646
            ],
            [
              112.940592,
              30.497093
            ],
            [
              112.940546,
              30.497493
            ],
            [
              112.940007,
              30.497641
            ],
            [
              112.939907,
              30.498065
            ],
            [
              112.939421,
              30.498096
            ],
            [
              112.939304,
              30.497675
            ],
            [
              112.939372,
              30.495634
            ],
            [
              112.936717,
              30.495603
            ],
            [
              112.934397,
              30.498757
            ],
            [
              112.934703,
              30.499198
            ],
            [
              112.934103,
              30.500309
            ],
            [
              112.934567,
              30.500548
            ],
            [
              112.935453,
              30.502149
            ],
            [
              112.935805,
              30.502278
            ],
            [
              112.936763,
              30.501658
            ],
            [
              112.937731,
              30.501543
            ],
            [
              112.937816,
              30.501878
            ],
            [
              112.937265,
              30.5035
            ],
            [
              112.93754,
              30.50363
            ],
            [
              112.937307,
              30.505617
            ],
            [
              112.937687,
              30.507124
            ],
            [
              112.936424,
              30.508084
            ],
            [
              112.936756,
              30.511105
            ],
            [
              112.938771,
              30.510873
            ],
            [
              112.938297,
              30.51636
            ],
            [
              112.938355,
              30.517301
            ],
            [
              112.938782,
              30.517294
            ],
            [
              112.938716,
              30.5218
            ],
            [
              112.938456,
              30.522409
            ],
            [
              112.940632,
              30.522511
            ],
            [
              112.940841,
              30.523214
            ],
            [
              112.941415,
              30.522802
            ],
            [
              112.941434,
              30.523777
            ],
            [
              112.941862,
              30.523804
            ],
            [
              112.94196,
              30.524811
            ],
            [
              112.942699,
              30.524867
            ],
            [
              112.943535,
              30.523947
            ],
            [
              112.943925,
              30.524042
            ],
            [
              112.944489,
              30.525076
            ],
            [
              112.944339,
              30.525347
            ],
            [
              112.943805,
              30.525825
            ],
            [
              112.943886,
              30.525992
            ],
            [
              112.9452467,
              30.5268716
            ],
            [
              112.947392,
              30.5293276
            ],
            [
              112.9448228,
              30.5361366
            ],
            [
              112.9414416,
              30.5450442
            ],
            [
              112.9380521,
              30.5553467
            ],
            [
              112.9322422,
              30.5625924
            ],
            [
              112.9230381,
              30.5672441
            ],
            [
              112.915119,
              30.5694601
            ],
            [
              112.9123463,
              30.5728706
            ],
            [
              112.9063287,
              30.5759791
            ],
            [
              112.9006856,
              30.5777142
            ],
            [
              112.8978696,
              30.5770216
            ]
          ],
          [
            [
              112.6444439,
              30.4855382
            ],
            [
              112.6450901,
              30.4856802
            ],
            [
              112.6470337,
              30.4855003
            ],
            [
              112.6473067,
              30.4874381
            ],
            [
              112.6551132,
              30.4872305
            ],
            [
              112.6549044,
              30.4808631
            ],
            [
              112.6549686,
              30.469276
            ],
            [
              112.6543903,
              30.4694836
            ],
            [
              112.6505353,
              30.4720448
            ],
            [
              112.6465678,
              30.4713803
            ],
            [
              112.6455559,
              30.4714911
            ],
            [
              112.6452989,
              30.4721417
            ],
            [
              112.6439336,
              30.4718925
            ],
            [
              112.6434999,
              30.4731662
            ],
            [
              112.6455398,
              30.475312
            ],
            [
              112.6437729,
              30.4766132
            ],
            [
              112.6438854,
              30.476807
            ],
            [
              112.6444439,
              30.4855382
            ]
          ],
          [
            [
              112.6417408,
              30.6171219
            ],
            [
              112.6417958,
              30.6159536
            ],
            [
              112.6424989,
              30.6159544
            ],
            [
              112.642346,
              30.61236
            ],
            [
              112.6400607,
              30.6125421
            ],
            [
              112.6396093,
              30.6124086
            ],
            [
              112.6391156,
              30.612445
            ],
            [
              112.6387347,
              30.611583
            ],
            [
              112.6367033,
              30.6118865
            ],
            [
              112.6368162,
              30.6126271
            ],
            [
              112.635067,
              30.6128092
            ],
            [
              112.6349682,
              30.6136105
            ],
            [
              112.633346,
              30.6156622
            ],
            [
              112.6334729,
              30.6165242
            ],
            [
              112.6341359,
              30.6165727
            ],
            [
              112.6344039,
              30.6168519
            ],
            [
              112.6345309,
              30.6171554
            ],
            [
              112.6358992,
              30.617034
            ],
            [
              112.6361955,
              30.6178353
            ],
            [
              112.6383397,
              30.6176532
            ],
            [
              112.6380576,
              30.6157472
            ],
            [
              112.6417408,
              30.6171219
            ]
          ]
        ]
      },
      "id": "relation/3258831"
    },
    {
      "type": "Feature",
      "properties": {
        "@id": "relation/3258833",
        "admin_level": "6",
        "alt_name": "天门",
        "alt_name:en": "Tianmen",
        "alt_name:zh": "天门",
        "boundary": "administrative",
        "division_code": "429006",
        "name": "天门市",
        "name:cs": "Tchien-men",
        "name:de": "Tianmen",
        "name:en": "Tianmen",
        "name:fa": "تیانمن",
        "name:fi": "Tianmen",
        "name:fr": "Tianmen",
        "name:it": "Tianmen",
        "name:ja": "天門市",
        "name:ki": "Tianmen",
        "name:ko": "톈먼시",
        "name:mg": "Tianmen",
        "name:nan": "Thian-bûn-chhī",
        "name:nl": "Tianmen",
        "name:nn": "Tianmen",
        "name:no": "Tianmen",
        "name:pam": "Tianmen",
        "name:pl": "Tianmen",
        "name:pt": "Tianmen",
        "name:ru": "Тяньмэнь",
        "name:sr": "Тјенмен",
        "name:sv": "Tianmen",
        "name:tr": "Tianmen",
        "name:uk": "Тяньминь",
        "name:ur": "تیانمین",
        "name:vi": "Thiên Môn",
        "name:war": "Tianmen",
        "name:wuu": "天门市",
        "name:yue": "天門市",
        "name:zh": "天门市",
        "name:zh-Hans": "天门市",
        "name:zh-Hant": "天門市",
        "name:zh-Latn-pinyin": "Tiānmén Shì",
        "note": "Tianmen is a sub-prefecture-level city with no counties/districts",
        "population": "1158640",
        "population:date": "2020-11-01",
        "postal_code": "431700",
        "source:population": "wikipedia",
        "type": "boundary",
        "wikidata": "Q71468"
      },
      "geometry": {
        "type": "MultiPolygon",
        "coordinates": [
          [
            [
              [
                113.4510465,
                30.5144785
              ],
              [
                113.4507762,
                30.5142504
              ],
              [
                113.450572,
                30.5140568
              ],
              [
                113.450415,
                30.5139668
              ],
              [
                113.450221,
                30.5139555
              ],
              [
                113.450013,
                30.5140047
              ],
              [
                113.4494255,
                30.5141886
              ],
              [
                113.4491398,
                30.5141773
              ],
              [
                113.4489158,
                30.5140971
              ],
              [
                113.4485132,
                30.5135422
              ],
              [
                113.4472514,
                30.5116704
              ],
              [
                113.4471126,
                30.5114208
              ],
              [
                113.4465725,
                30.5103522
              ],
              [
                113.4459871,
                30.5104205
              ],
              [
                113.4457564,
                30.510365
              ],
              [
                113.4455943,
                30.5101866
              ],
              [
                113.4453628,
                30.5098139
              ],
              [
                113.4452438,
                30.5094808
              ],
              [
                113.4452703,
                30.509186
              ],
              [
                113.4454386,
                30.5084059
              ],
              [
                113.44599,
                30.5075389
              ],
              [
                113.4447037,
                30.5029559
              ],
              [
                113.4443885,
                30.5020927
              ],
              [
                113.4415961,
                30.4952864
              ],
              [
                113.4414884,
                30.4947216
              ],
              [
                113.4417399,
                30.4942224
              ],
              [
                113.4423147,
                30.4939889
              ],
              [
                113.444383,
                30.4938479
              ],
              [
                113.4451152,
                30.4940516
              ],
              [
                113.4457811,
                30.4943207
              ],
              [
                113.4470469,
                30.4967752
              ],
              [
                113.4483505,
                30.4993071
              ],
              [
                113.4497327,
                30.503021
              ],
              [
                113.4497441,
                30.5035198
              ],
              [
                113.4501107,
                30.5043362
              ],
              [
                113.4506985,
                30.5055953
              ],
              [
                113.4512832,
                30.5072654
              ],
              [
                113.4531718,
                30.5090714
              ],
              [
                113.4522536,
                30.5097655
              ],
              [
                113.4528607,
                30.5108376
              ],
              [
                113.4535597,
                30.5119776
              ],
              [
                113.4537408,
                30.5123645
              ],
              [
                113.4537688,
                30.5126986
              ],
              [
                113.4536633,
                30.5130761
              ],
              [
                113.4533978,
                30.5133846
              ],
              [
                113.4524403,
                30.5138439
              ],
              [
                113.4522218,
                30.5140779
              ],
              [
                113.4520956,
                30.5143262
              ],
              [
                113.451891,
                30.5145261
              ],
              [
                113.4515778,
                30.514652
              ],
              [
                113.4513178,
                30.5145919
              ],
              [
                113.4510465,
                30.5144785
              ]
            ]
          ],
          [
            [
              [
                112.6017991,
                30.7134358
              ],
              [
                112.6003966,
                30.7067454
              ],
              [
                112.6039429,
                30.7062172
              ],
              [
                112.6056616,
                30.7056233
              ],
              [
                112.6072036,
                30.7054576
              ],
              [
                112.6082477,
                30.7055404
              ],
              [
                112.6088741,
                30.7058995
              ],
              [
                112.6095166,
                30.7069905
              ],
              [
                112.6106731,
                30.7095178
              ],
              [
                112.6099985,
                30.7110507
              ],
              [
                112.6085231,
                30.7123226
              ],
              [
                112.6047522,
                30.7132991
              ],
              [
                112.6017991,
                30.7134358
              ]
            ]
          ],
          [
            [
              [
                112.8978696,
                30.5770216
              ],
              [
                112.9006856,
                30.5777142
              ],
              [
                112.9063287,
                30.5759791
              ],
              [
                112.9123463,
                30.5728706
              ],
              [
                112.915119,
                30.5694601
              ],
              [
                112.9230381,
                30.5672441
              ],
              [
                112.9322422,
                30.5625924
              ],
              [
                112.9380521,
                30.5553467
              ],
              [
                112.9414416,
                30.5450442
              ],
              [
                112.9448228,
                30.5361366
              ],
              [
                112.947392,
                30.5293276
              ],
              [
                112.9526816,
                30.5257835
              ],
              [
                112.9579661,
                30.5251091
              ],
              [
                112.9632863,
                30.5264669
              ],
              [
                112.9752247,
                30.5312659
              ],
              [
                112.9885944,
                30.5345315
              ],
              [
                113.0063481,
                30.5343598
              ],
              [
                113.0142281,
                30.5327741
              ],
              [
                113.0184981,
                30.5319149
              ],
              [
                113.0276906,
                30.5265787
              ],
              [
                113.0356474,
                30.5200673
              ],
              [
                113.0455527,
                30.514606
              ],
              [
                113.0510623,
                30.5135889
              ],
              [
                113.0599881,
                30.5144433
              ],
              [
                113.0668091,
                30.5149619
              ],
              [
                113.0695021,
                30.5137126
              ],
              [
                113.0715349,
                30.5093342
              ],
              [
                113.0703298,
                30.5027586
              ],
              [
                113.0675309,
                30.497074
              ],
              [
                113.0629741,
                30.490416
              ],
              [
                113.0629741,
                30.484651
              ],
              [
                113.0649421,
                30.478545
              ],
              [
                113.0706116,
                30.4743329
              ],
              [
                113.0794503,
                30.47501
              ],
              [
                113.0867693,
                30.4784196
              ],
              [
                113.0941168,
                30.4828691
              ],
              [
                113.1005182,
                30.4873512
              ],
              [
                113.110741,
                30.4885604
              ],
              [
                113.1124699,
                30.4883476
              ],
              [
                113.1133598,
                30.488238
              ],
              [
                113.1163949,
                30.4878644
              ],
              [
                113.1206631,
                30.4843613
              ],
              [
                113.1212721,
                30.4798135
              ],
              [
                113.1188754,
                30.4732724
              ],
              [
                113.1178908,
                30.4693689
              ],
              [
                113.1188682,
                30.4654937
              ],
              [
                113.127016,
                30.4565862
              ],
              [
                113.1299915,
                30.4500881
              ],
              [
                113.13412,
                30.4473763
              ],
              [
                113.1403099,
                30.4442778
              ],
              [
                113.1451138,
                30.4387556
              ],
              [
                113.1480753,
                30.4343298
              ],
              [
                113.1521332,
                30.4326637
              ],
              [
                113.1563776,
                30.4339945
              ],
              [
                113.1599267,
                30.4390945
              ],
              [
                113.1637128,
                30.4442484
              ],
              [
                113.1679286,
                30.4489213
              ],
              [
                113.1723993,
                30.4503227
              ],
              [
                113.1788513,
                30.4494537
              ],
              [
                113.1852729,
                30.4458206
              ],
              [
                113.1886957,
                30.4423491
              ],
              [
                113.1906987,
                30.4369953
              ],
              [
                113.1924788,
                30.4303446
              ],
              [
                113.1966012,
                30.4269592
              ],
              [
                113.2007041,
                30.4249376
              ],
              [
                113.206789,
                30.4257839
              ],
              [
                113.2149485,
                30.4285296
              ],
              [
                113.2283111,
                30.4300773
              ],
              [
                113.2432543,
                30.4302799
              ],
              [
                113.2533148,
                30.4304163
              ],
              [
                113.268493,
                30.4314889
              ],
              [
                113.2869316,
                30.4304148
              ],
              [
                113.3013802,
                30.4265483
              ],
              [
                113.3145289,
                30.4224837
              ],
              [
                113.3216644,
                30.422908
              ],
              [
                113.3222527,
                30.4231757
              ],
              [
                113.3306135,
                30.4269807
              ],
              [
                113.3411247,
                30.4280597
              ],
              [
                113.3516232,
                30.4259042
              ],
              [
                113.3593747,
                30.4224544
              ],
              [
                113.3695685,
                30.414307
              ],
              [
                113.377274,
                30.411215
              ],
              [
                113.3865665,
                30.4113247
              ],
              [
                113.3912178,
                30.4095977
              ],
              [
                113.4001435,
                30.4020095
              ],
              [
                113.404827,
                30.39928
              ],
              [
                113.4097302,
                30.3974367
              ],
              [
                113.4122211,
                30.3977435
              ],
              [
                113.4141227,
                30.3979779
              ],
              [
                113.420256,
                30.3995208
              ],
              [
                113.4269349,
                30.3989669
              ],
              [
                113.4319902,
                30.3974017
              ],
              [
                113.4345724,
                30.3930585
              ],
              [
                113.4367853,
                30.3886912
              ],
              [
                113.441584,
                30.3845517
              ],
              [
                113.4424643,
                30.3837923
              ],
              [
                113.4483824,
                30.3808141
              ],
              [
                113.4532537,
                30.3801838
              ],
              [
                113.4566286,
                30.3820554
              ],
              [
                113.4585822,
                30.3862685
              ],
              [
                113.4583332,
                30.3920677
              ],
              [
                113.4590561,
                30.3939006
              ],
              [
                113.4603594,
                30.3956185
              ],
              [
                113.4586752,
                30.3975006
              ],
              [
                113.4574937,
                30.4017092
              ],
              [
                113.4586015,
                30.4075094
              ],
              [
                113.4587022,
                30.4090254
              ],
              [
                113.4593521,
                30.410499
              ],
              [
                113.4591518,
                30.4134477
              ],
              [
                113.4591837,
                30.4141166
              ],
              [
                113.4566334,
                30.4143119
              ],
              [
                113.4590296,
                30.4289486
              ],
              [
                113.4572672,
                30.4292503
              ],
              [
                113.4579017,
                30.4315137
              ],
              [
                113.4553862,
                30.4325592
              ],
              [
                113.4565831,
                30.4360623
              ],
              [
                113.4584775,
                30.4422222
              ],
              [
                113.4584837,
                30.4425832
              ],
              [
                113.458388,
                30.4430878
              ],
              [
                113.4494785,
                30.4416992
              ],
              [
                113.4490296,
                30.4417073
              ],
              [
                113.4485882,
                30.4417523
              ],
              [
                113.4481462,
                30.4418233
              ],
              [
                113.4477223,
                30.4419223
              ],
              [
                113.4558319,
                30.4644267
              ],
              [
                113.4277359,
                30.4727944
              ],
              [
                113.4364143,
                30.4945162
              ],
              [
                113.4311602,
                30.4966893
              ],
              [
                113.4324641,
                30.500616
              ],
              [
                113.4325845,
                30.5009052
              ],
              [
                113.4327007,
                30.5010523
              ],
              [
                113.4332837,
                30.5016335
              ],
              [
                113.4347267,
                30.5028717
              ],
              [
                113.4358584,
                30.5041079
              ],
              [
                113.4363207,
                30.5047255
              ],
              [
                113.4366424,
                30.5052171
              ],
              [
                113.4370083,
                30.5060072
              ],
              [
                113.437716,
                30.5079911
              ],
              [
                113.4379859,
                30.5089918
              ],
              [
                113.4382128,
                30.5096216
              ],
              [
                113.4389047,
                30.511458
              ],
              [
                113.4394132,
                30.5126408
              ],
              [
                113.4399538,
                30.513633
              ],
              [
                113.4404399,
                30.5145931
              ],
              [
                113.4414914,
                30.5163599
              ],
              [
                113.4416871,
                30.5167116
              ],
              [
                113.4421314,
                30.5172166
              ],
              [
                113.4426266,
                30.5177543
              ],
              [
                113.4434083,
                30.5184175
              ],
              [
                113.4444176,
                30.5193798
              ],
              [
                113.4452442,
                30.5201041
              ],
              [
                113.4456816,
                30.5205268
              ],
              [
                113.4458797,
                30.5208421
              ],
              [
                113.4460901,
                30.5212457
              ],
              [
                113.4461883,
                30.5216493
              ],
              [
                113.446138,
                30.5220493
              ],
              [
                113.4453815,
                30.5238569
              ],
              [
                113.4423796,
                30.5326551
              ],
              [
                113.4411475,
                30.5351416
              ],
              [
                113.4410239,
                30.5353773
              ],
              [
                113.4408397,
                30.5356182
              ],
              [
                113.4403769,
                30.5360715
              ],
              [
                113.4395821,
                30.5368548
              ],
              [
                113.4379209,
                30.5381182
              ],
              [
                113.4367787,
                30.5388377
              ],
              [
                113.4356182,
                30.5394156
              ],
              [
                113.4347539,
                30.5397157
              ],
              [
                113.4334296,
                30.5400671
              ],
              [
                113.4326388,
                30.5401589
              ],
              [
                113.4315262,
                30.5402027
              ],
              [
                113.4299711,
                30.5401881
              ],
              [
                113.4295637,
                30.5402867
              ],
              [
                113.4294256,
                30.5404052
              ],
              [
                113.4293896,
                30.5405413
              ],
              [
                113.4293416,
                30.5410209
              ],
              [
                113.4293281,
                30.5413152
              ],
              [
                113.4293023,
                30.5420795
              ],
              [
                113.429371,
                30.5422564
              ],
              [
                113.4295399,
                30.5424324
              ],
              [
                113.4297826,
                30.5425589
              ],
              [
                113.430064,
                30.5426183
              ],
              [
                113.4310809,
                30.5427424
              ],
              [
                113.4321152,
                30.5428767
              ],
              [
                113.4326639,
                30.5430117
              ],
              [
                113.4331558,
                30.5432146
              ],
              [
                113.4335151,
                30.5435823
              ],
              [
                113.4338025,
                30.5442408
              ],
              [
                113.4341619,
                30.5449601
              ],
              [
                113.4346867,
                30.5458055
              ],
              [
                113.43492,
                30.5462777
              ],
              [
                113.4340336,
                30.5465855
              ],
              [
                113.4336294,
                30.5458641
              ],
              [
                113.433236,
                30.5454952
              ],
              [
                113.4331101,
                30.5454234
              ],
              [
                113.4329445,
                30.5454182
              ],
              [
                113.4328067,
                30.5454717
              ],
              [
                113.4327658,
                30.5455754
              ],
              [
                113.4327112,
                30.546164
              ],
              [
                113.4324707,
                30.5469172
              ],
              [
                113.4323841,
                30.5476551
              ],
              [
                113.4326083,
                30.5480911
              ],
              [
                113.433148,
                30.5483942
              ],
              [
                113.4338944,
                30.5485925
              ],
              [
                113.4347593,
                30.5489476
              ],
              [
                113.435029,
                30.5493582
              ],
              [
                113.4350647,
                30.5497439
              ],
              [
                113.4350085,
                30.5501619
              ],
              [
                113.4348354,
                30.5504096
              ],
              [
                113.4345164,
                30.5506905
              ],
              [
                113.4340389,
                30.5508592
              ],
              [
                113.43345,
                30.5511191
              ],
              [
                113.432694,
                30.5516163
              ],
              [
                113.4310175,
                30.5529522
              ],
              [
                113.4305082,
                30.5534607
              ],
              [
                113.4300649,
                30.5539561
              ],
              [
                113.429211,
                30.5549528
              ],
              [
                113.4283103,
                30.5557839
              ],
              [
                113.4277026,
                30.5565165
              ],
              [
                113.4271545,
                30.5575706
              ],
              [
                113.4261569,
                30.558511
              ],
              [
                113.4255891,
                30.5590514
              ],
              [
                113.4251268,
                30.5594364
              ],
              [
                113.4250487,
                30.5598425
              ],
              [
                113.4252544,
                30.5602346
              ],
              [
                113.4256257,
                30.5605625
              ],
              [
                113.4261623,
                30.5609576
              ],
              [
                113.4271187,
                30.5612943
              ],
              [
                113.4274909,
                30.5613565
              ],
              [
                113.4277965,
                30.5615622
              ],
              [
                113.4282313,
                30.5621882
              ],
              [
                113.4284425,
                30.5628126
              ],
              [
                113.4286772,
                30.5631283
              ],
              [
                113.4290546,
                30.5633325
              ],
              [
                113.4299779,
                30.5636003
              ],
              [
                113.4301387,
                30.5644097
              ],
              [
                113.4307855,
                30.56802
              ],
              [
                113.4297742,
                30.5685365
              ],
              [
                113.4294371,
                30.5687813
              ],
              [
                113.4292508,
                30.5689826
              ],
              [
                113.4292455,
                30.5692449
              ],
              [
                113.4294135,
                30.5695597
              ],
              [
                113.4299521,
                30.5699735
              ],
              [
                113.4309444,
                30.5707348
              ],
              [
                113.4311137,
                30.5709072
              ],
              [
                113.4311905,
                30.5711325
              ],
              [
                113.4310308,
                30.5718615
              ],
              [
                113.4307515,
                30.5728328
              ],
              [
                113.4307535,
                30.5731392
              ],
              [
                113.4309959,
                30.5736842
              ],
              [
                113.4311141,
                30.5741669
              ],
              [
                113.4310278,
                30.5744661
              ],
              [
                113.43072,
                30.5748166
              ],
              [
                113.4303731,
                30.5751205
              ],
              [
                113.4300987,
                30.5754349
              ],
              [
                113.4300357,
                30.5756882
              ],
              [
                113.4300329,
                30.5759006
              ],
              [
                113.4302181,
                30.5763203
              ],
              [
                113.4305265,
                30.5769818
              ],
              [
                113.4306908,
                30.5777479
              ],
              [
                113.4308014,
                30.5779378
              ],
              [
                113.4309622,
                30.5780516
              ],
              [
                113.4311868,
                30.5781088
              ],
              [
                113.4316968,
                30.5780287
              ],
              [
                113.432866,
                30.5776932
              ],
              [
                113.4331859,
                30.5776452
              ],
              [
                113.433498,
                30.5776815
              ],
              [
                113.4338232,
                30.577774
              ],
              [
                113.4341658,
                30.577981
              ],
              [
                113.4344428,
                30.578224
              ],
              [
                113.4347781,
                30.5785508
              ],
              [
                113.4348346,
                30.5787029
              ],
              [
                113.4348099,
                30.5789455
              ],
              [
                113.4347118,
                30.5792146
              ],
              [
                113.4347338,
                30.5794968
              ],
              [
                113.4349226,
                30.5797337
              ],
              [
                113.4352771,
                30.5800089
              ],
              [
                113.4360551,
                30.580458
              ],
              [
                113.4364007,
                30.5807812
              ],
              [
                113.4366979,
                30.5811009
              ],
              [
                113.4369785,
                30.5812935
              ],
              [
                113.4375105,
                30.5816576
              ],
              [
                113.4415448,
                30.5883218
              ],
              [
                113.4445678,
                30.5934003
              ],
              [
                113.4410127,
                30.5943359
              ],
              [
                113.4428592,
                30.5976312
              ],
              [
                113.4441782,
                30.5999945
              ],
              [
                113.4472372,
                30.6000146
              ],
              [
                113.4470093,
                30.6022301
              ],
              [
                113.4468488,
                30.6024586
              ],
              [
                113.4451046,
                30.602781
              ],
              [
                113.4446746,
                30.6029281
              ],
              [
                113.4444738,
                30.6042574
              ],
              [
                113.4441972,
                30.6043851
              ],
              [
                113.4436507,
                30.6043682
              ],
              [
                113.4432909,
                30.6045562
              ],
              [
                113.4428842,
                30.6081487
              ],
              [
                113.4472314,
                30.6094596
              ],
              [
                113.4477006,
                30.6099835
              ],
              [
                113.4477175,
                30.6123628
              ],
              [
                113.4476506,
                30.6160992
              ],
              [
                113.4514101,
                30.6169467
              ],
              [
                113.4535403,
                30.6174189
              ],
              [
                113.4537921,
                30.6196729
              ],
              [
                113.4556384,
                30.6192511
              ],
              [
                113.4554841,
                30.6226321
              ],
              [
                113.4553903,
                30.627139
              ],
              [
                113.4553012,
                30.6297234
              ],
              [
                113.4554309,
                30.6343713
              ],
              [
                113.4555107,
                30.6387199
              ],
              [
                113.4539349,
                30.6389045
              ],
              [
                113.4536534,
                30.6372999
              ],
              [
                113.4493627,
                30.6387894
              ],
              [
                113.4463969,
                30.6398074
              ],
              [
                113.4465399,
                30.64011
              ],
              [
                113.4467461,
                30.6403099
              ],
              [
                113.4471593,
                30.6405487
              ],
              [
                113.447501,
                30.6407436
              ],
              [
                113.4477094,
                30.6410434
              ],
              [
                113.4479803,
                30.6418814
              ],
              [
                113.4481626,
                30.6424362
              ],
              [
                113.4483751,
                30.6427293
              ],
              [
                113.4486383,
                30.6429915
              ],
              [
                113.4480839,
                30.6433148
              ],
              [
                113.4467069,
                30.6442172
              ],
              [
                113.4484635,
                30.6456888
              ],
              [
                113.4489166,
                30.6494952
              ],
              [
                113.4494438,
                30.6532793
              ],
              [
                113.4498622,
                30.6566797
              ],
              [
                113.4475316,
                30.6568642
              ],
              [
                113.448437,
                30.6641499
              ],
              [
                113.444246,
                30.6644013
              ],
              [
                113.4433947,
                30.6570734
              ],
              [
                113.442024,
                30.6571686
              ],
              [
                113.4416827,
                30.6558693
              ],
              [
                113.4394873,
                30.6495523
              ],
              [
                113.4312741,
                30.6555311
              ],
              [
                113.4306395,
                30.656033
              ],
              [
                113.4304115,
                30.6562459
              ],
              [
                113.4302129,
                30.656538
              ],
              [
                113.4299953,
                30.6578426
              ],
              [
                113.4292613,
                30.6622098
              ],
              [
                113.4280034,
                30.6698901
              ],
              [
                113.4272405,
                30.6748455
              ],
              [
                113.4267442,
                30.6782029
              ],
              [
                113.4369683,
                30.6790521
              ],
              [
                113.4369624,
                30.6821712
              ],
              [
                113.4369179,
                30.6884926
              ],
              [
                113.4401117,
                30.6880282
              ],
              [
                113.4406614,
                30.6888615
              ],
              [
                113.4406415,
                30.6894827
              ],
              [
                113.4401798,
                30.6918641
              ],
              [
                113.4396445,
                30.6927855
              ],
              [
                113.4388909,
                30.6933595
              ],
              [
                113.4369625,
                30.6941506
              ],
              [
                113.4368107,
                30.6943941
              ],
              [
                113.436785,
                30.6947204
              ],
              [
                113.4367803,
                30.6949864
              ],
              [
                113.4368883,
                30.6951436
              ],
              [
                113.4370188,
                30.6952132
              ],
              [
                113.4379339,
                30.6951893
              ],
              [
                113.4386472,
                30.6951406
              ],
              [
                113.4390546,
                30.695098
              ],
              [
                113.4391933,
                30.6950856
              ],
              [
                113.439306,
                30.6951569
              ],
              [
                113.4395196,
                30.6952857
              ],
              [
                113.4395456,
                30.695427
              ],
              [
                113.4393938,
                30.6956783
              ],
              [
                113.43916,
                30.69608
              ],
              [
                113.4387382,
                30.6967808
              ],
              [
                113.4379335,
                30.6977426
              ],
              [
                113.437175,
                30.6989333
              ],
              [
                113.4366811,
                30.7000778
              ],
              [
                113.4367197,
                30.7003816
              ],
              [
                113.4370201,
                30.7012331
              ],
              [
                113.4370388,
                30.7014081
              ],
              [
                113.436898,
                30.7014948
              ],
              [
                113.436646,
                30.7016234
              ],
              [
                113.4364663,
                30.7016103
              ],
              [
                113.4358771,
                30.7007392
              ],
              [
                113.435386,
                30.7000503
              ],
              [
                113.4348455,
                30.6997022
              ],
              [
                113.4343256,
                30.6992357
              ],
              [
                113.4340404,
                30.6987933
              ],
              [
                113.4338518,
                30.6985047
              ],
              [
                113.4335792,
                30.698478
              ],
              [
                113.4320752,
                30.6990014
              ],
              [
                113.4316437,
                30.6990982
              ],
              [
                113.4313095,
                30.6989655
              ],
              [
                113.4311419,
                30.6987155
              ],
              [
                113.4312042,
                30.69851
              ],
              [
                113.4313878,
                30.6983439
              ],
              [
                113.4316502,
                30.6982352
              ],
              [
                113.4320567,
                30.6982182
              ],
              [
                113.4328141,
                30.6982399
              ],
              [
                113.4331041,
                30.698222
              ],
              [
                113.4336481,
                30.6981312
              ],
              [
                113.4340489,
                30.6980834
              ],
              [
                113.434133,
                30.6979901
              ],
              [
                113.4341041,
                30.6978499
              ],
              [
                113.4339526,
                30.6978054
              ],
              [
                113.4334424,
                30.6979363
              ],
              [
                113.432888,
                30.6980645
              ],
              [
                113.4324203,
                30.6980163
              ],
              [
                113.4321738,
                30.6979462
              ],
              [
                113.4316477,
                30.6976205
              ],
              [
                113.4311693,
                30.6971745
              ],
              [
                113.4310069,
                30.697043
              ],
              [
                113.4308463,
                30.6970197
              ],
              [
                113.4306977,
                30.6971049
              ],
              [
                113.4301994,
                30.6976547
              ],
              [
                113.4298848,
                30.6978844
              ],
              [
                113.4293731,
                30.6985416
              ],
              [
                113.4290622,
                30.6986962
              ],
              [
                113.4287731,
                30.6987492
              ],
              [
                113.4277755,
                30.6987579
              ],
              [
                113.427109,
                30.6988102
              ],
              [
                113.4253495,
                30.6990805
              ],
              [
                113.4240417,
                30.6992002
              ],
              [
                113.4234015,
                30.6991929
              ],
              [
                113.4226945,
                30.6991171
              ],
              [
                113.4222579,
                30.6987978
              ],
              [
                113.42186,
                30.6984931
              ],
              [
                113.4208333,
                30.6982439
              ],
              [
                113.4203352,
                30.6980153
              ],
              [
                113.4195576,
                30.6980399
              ],
              [
                113.4176601,
                30.6978738
              ],
              [
                113.4173549,
                30.6979422
              ],
              [
                113.4171614,
                30.6982409
              ],
              [
                113.4170245,
                30.6987814
              ],
              [
                113.4168742,
                30.6994199
              ],
              [
                113.4168888,
                30.7001357
              ],
              [
                113.4170145,
                30.7005692
              ],
              [
                113.4172849,
                30.7010453
              ],
              [
                113.4174908,
                30.7014152
              ],
              [
                113.4174944,
                30.7018415
              ],
              [
                113.4172643,
                30.7022067
              ],
              [
                113.4171198,
                30.7027554
              ],
              [
                113.4171244,
                30.7034683
              ],
              [
                113.4172589,
                30.7038709
              ],
              [
                113.4176844,
                30.7040961
              ],
              [
                113.4198649,
                30.7045543
              ],
              [
                113.4231972,
                30.7053647
              ],
              [
                113.4237801,
                30.7054157
              ],
              [
                113.4244988,
                30.7054558
              ],
              [
                113.4247782,
                30.7055799
              ],
              [
                113.4248788,
                30.705806
              ],
              [
                113.4250228,
                30.7062938
              ],
              [
                113.4252438,
                30.706622
              ],
              [
                113.4256403,
                30.7068592
              ],
              [
                113.4265649,
                30.707017
              ],
              [
                113.4270287,
                30.7071354
              ],
              [
                113.4274098,
                30.7072861
              ],
              [
                113.4275995,
                30.7075369
              ],
              [
                113.427844,
                30.7083192
              ],
              [
                113.4284821,
                30.7108314
              ],
              [
                113.4287688,
                30.7127642
              ],
              [
                113.4287163,
                30.7140076
              ],
              [
                113.4281796,
                30.7147838
              ],
              [
                113.4269773,
                30.7152564
              ],
              [
                113.4268326,
                30.7154755
              ],
              [
                113.4269017,
                30.7158163
              ],
              [
                113.427178,
                30.7160113
              ],
              [
                113.4277336,
                30.7160055
              ],
              [
                113.4284352,
                30.7159704
              ],
              [
                113.4286982,
                30.7161239
              ],
              [
                113.4287387,
                30.7165215
              ],
              [
                113.4287441,
                30.7174805
              ],
              [
                113.4289158,
                30.7179669
              ],
              [
                113.4293723,
                30.7184043
              ],
              [
                113.4298544,
                30.7186189
              ],
              [
                113.4304953,
                30.718697
              ],
              [
                113.4319754,
                30.7189945
              ],
              [
                113.4329544,
                30.7193751
              ],
              [
                113.4335432,
                30.7199068
              ],
              [
                113.4339477,
                30.7207876
              ],
              [
                113.4338388,
                30.7234249
              ],
              [
                113.4335461,
                30.7240587
              ],
              [
                113.4331157,
                30.7247635
              ],
              [
                113.4324029,
                30.7258542
              ],
              [
                113.432273,
                30.7266649
              ],
              [
                113.4323545,
                30.7275218
              ],
              [
                113.4323139,
                30.7281107
              ],
              [
                113.4319666,
                30.7290185
              ],
              [
                113.4317694,
                30.7305002
              ],
              [
                113.4315441,
                30.731044
              ],
              [
                113.4306914,
                30.7318111
              ],
              [
                113.4297685,
                30.7322527
              ],
              [
                113.42812,
                30.7324299
              ],
              [
                113.4246224,
                30.7324291
              ],
              [
                113.4234543,
                30.73267
              ],
              [
                113.4225853,
                30.7333164
              ],
              [
                113.4222942,
                30.734394
              ],
              [
                113.4219645,
                30.7358247
              ],
              [
                113.4217689,
                30.736
              ],
              [
                113.4214127,
                30.7361751
              ],
              [
                113.4207826,
                30.7362005
              ],
              [
                113.4189174,
                30.7361635
              ],
              [
                113.4180917,
                30.7361353
              ],
              [
                113.4177812,
                30.736311
              ],
              [
                113.417562,
                30.736627
              ],
              [
                113.4175928,
                30.7384135
              ],
              [
                113.4176394,
                30.7395336
              ],
              [
                113.4177317,
                30.7417556
              ],
              [
                113.4179571,
                30.7422633
              ],
              [
                113.4184655,
                30.7424703
              ],
              [
                113.4209523,
                30.7430147
              ],
              [
                113.421731,
                30.7433739
              ],
              [
                113.4236468,
                30.7459463
              ],
              [
                113.4246795,
                30.7484524
              ],
              [
                113.4268986,
                30.7509853
              ],
              [
                113.4272796,
                30.7518666
              ],
              [
                113.4274247,
                30.7528744
              ],
              [
                113.4275719,
                30.7546712
              ],
              [
                113.427942,
                30.7555481
              ],
              [
                113.4286619,
                30.7563499
              ],
              [
                113.4308805,
                30.7590627
              ],
              [
                113.4311845,
                30.7598689
              ],
              [
                113.4309592,
                30.7611747
              ],
              [
                113.4301629,
                30.7621543
              ],
              [
                113.4284094,
                30.7632661
              ],
              [
                113.4276509,
                30.7641042
              ],
              [
                113.4271106,
                30.7649392
              ],
              [
                113.4270016,
                30.766081
              ],
              [
                113.4264434,
                30.7668212
              ],
              [
                113.4260858,
                30.7673535
              ],
              [
                113.4260383,
                30.7677485
              ],
              [
                113.4261117,
                30.7681125
              ],
              [
                113.4263624,
                30.7686515
              ],
              [
                113.4267915,
                30.769448
              ],
              [
                113.4278137,
                30.7716871
              ],
              [
                113.4286649,
                30.7731315
              ],
              [
                113.4289474,
                30.7737997
              ],
              [
                113.4290834,
                30.7742835
              ],
              [
                113.4289628,
                30.7772227
              ],
              [
                113.4287722,
                30.7791026
              ],
              [
                113.428778,
                30.7794144
              ],
              [
                113.4288157,
                30.7796295
              ],
              [
                113.4291417,
                30.7803623
              ],
              [
                113.4293344,
                30.7806649
              ],
              [
                113.4295085,
                30.7811023
              ],
              [
                113.4295201,
                30.7815861
              ],
              [
                113.4293059,
                30.7831469
              ],
              [
                113.4293103,
                30.7848683
              ],
              [
                113.4291829,
                30.7853851
              ],
              [
                113.4288399,
                30.7861378
              ],
              [
                113.427248,
                30.7883634
              ],
              [
                113.4265993,
                30.7890797
              ],
              [
                113.425374,
                30.7900445
              ],
              [
                113.4246683,
                30.7905595
              ],
              [
                113.4242769,
                30.7910529
              ],
              [
                113.424095,
                30.7914756
              ],
              [
                113.4236098,
                30.7928311
              ],
              [
                113.4231062,
                30.7949006
              ],
              [
                113.4228922,
                30.7953489
              ],
              [
                113.4225209,
                30.7956739
              ],
              [
                113.4219197,
                30.7960378
              ],
              [
                113.4213743,
                30.7962745
              ],
              [
                113.4208891,
                30.7966345
              ],
              [
                113.4204878,
                30.7971826
              ],
              [
                113.420348,
                30.7976994
              ],
              [
                113.4202812,
                30.7980618
              ],
              [
                113.4200346,
                30.7984685
              ],
              [
                113.4195397,
                30.7986961
              ],
              [
                113.4189942,
                30.7988618
              ],
              [
                113.4183847,
                30.7991306
              ],
              [
                113.418007,
                30.7996024
              ],
              [
                113.4176124,
                30.8005524
              ],
              [
                113.4173881,
                30.8011574
              ],
              [
                113.4170419,
                30.8017559
              ],
              [
                113.4165976,
                30.802274
              ],
              [
                113.4159143,
                30.8026011
              ],
              [
                113.4140426,
                30.8030206
              ],
              [
                113.4131313,
                30.8031668
              ],
              [
                113.4128108,
                30.8034194
              ],
              [
                113.4125475,
                30.8038882
              ],
              [
                113.412551,
                30.8049545
              ],
              [
                113.4127133,
                30.8052406
              ],
              [
                113.4132145,
                30.8056572
              ],
              [
                113.4133951,
                30.8058576
              ],
              [
                113.4133931,
                30.806108
              ],
              [
                113.4125352,
                30.8069413
              ],
              [
                113.4124009,
                30.8072064
              ],
              [
                113.4124125,
                30.8077753
              ],
              [
                113.412413,
                30.8093582
              ],
              [
                113.4123537,
                30.8096375
              ],
              [
                113.4116946,
                30.8107531
              ],
              [
                113.4099126,
                30.813014
              ],
              [
                113.4097455,
                30.8134556
              ],
              [
                113.4099634,
                30.814143
              ],
              [
                113.4107261,
                30.8149261
              ],
              [
                113.4107496,
                30.8156685
              ],
              [
                113.4106573,
                30.8165889
              ],
              [
                113.4101385,
                30.8179386
              ],
              [
                113.409002,
                30.8194608
              ],
              [
                113.4083758,
                30.8199611
              ],
              [
                113.4075503,
                30.820313
              ],
              [
                113.4046538,
                30.8202693
              ],
              [
                113.4029993,
                30.8204991
              ],
              [
                113.4010472,
                30.8211415
              ],
              [
                113.3996578,
                30.8225804
              ],
              [
                113.3989131,
                30.823942
              ],
              [
                113.3989775,
                30.8255292
              ],
              [
                113.3993916,
                30.8268874
              ],
              [
                113.3993549,
                30.827655
              ],
              [
                113.3989143,
                30.8280185
              ],
              [
                113.3982372,
                30.8279936
              ],
              [
                113.396672,
                30.8276803
              ],
              [
                113.3962367,
                30.827767
              ],
              [
                113.3958447,
                30.8281563
              ],
              [
                113.3932283,
                30.8302927
              ],
              [
                113.3926091,
                30.8311121
              ],
              [
                113.3915197,
                30.8332887
              ],
              [
                113.3908905,
                30.8339155
              ],
              [
                113.390256,
                30.8348753
              ],
              [
                113.3901186,
                30.8357592
              ],
              [
                113.3892881,
                30.8373889
              ],
              [
                113.3888444,
                30.8382595
              ],
              [
                113.3847945,
                30.8428696
              ],
              [
                113.3798052,
                30.8463599
              ],
              [
                113.3758323,
                30.8479464
              ],
              [
                113.3676023,
                30.851709
              ],
              [
                113.3666854,
                30.8528642
              ],
              [
                113.3634029,
                30.8538393
              ],
              [
                113.3619712,
                30.8551503
              ],
              [
                113.3610168,
                30.8580999
              ],
              [
                113.3616849,
                30.8596566
              ],
              [
                113.3612832,
                30.8669142
              ],
              [
                113.3597867,
                30.867826
              ],
              [
                113.3556107,
                30.868149
              ],
              [
                113.3537726,
                30.8686723
              ],
              [
                113.3547585,
                30.871888
              ],
              [
                113.3534828,
                30.8735861
              ],
              [
                113.351755,
                30.8738005
              ],
              [
                113.3463201,
                30.8727002
              ],
              [
                113.3401668,
                30.8727343
              ],
              [
                113.3388851,
                30.8734112
              ],
              [
                113.3364423,
                30.8765464
              ],
              [
                113.3335295,
                30.879746
              ],
              [
                113.3316205,
                30.8852232
              ],
              [
                113.3329695,
                30.8900804
              ],
              [
                113.3326386,
                30.8924033
              ],
              [
                113.3239483,
                30.8968981
              ],
              [
                113.3226742,
                30.8956833
              ],
              [
                113.3212945,
                30.8933173
              ],
              [
                113.3211,
                30.8923223
              ],
              [
                113.3206082,
                30.8916376
              ],
              [
                113.3201652,
                30.8911937
              ],
              [
                113.3187175,
                30.8905786
              ],
              [
                113.3171296,
                30.891085
              ],
              [
                113.312248,
                30.8905418
              ],
              [
                113.3083534,
                30.8875679
              ],
              [
                113.307023,
                30.8897224
              ],
              [
                113.3056712,
                30.8903301
              ],
              [
                113.3041477,
                30.8898145
              ],
              [
                113.3036542,
                30.8903024
              ],
              [
                113.3020127,
                30.8903945
              ],
              [
                113.3012831,
                30.8914809
              ],
              [
                113.3014226,
                30.8925305
              ],
              [
                113.3026135,
                30.8939944
              ],
              [
                113.3037615,
                30.8964801
              ],
              [
                113.3053279,
                30.8972534
              ],
              [
                113.3025239,
                30.8981636
              ],
              [
                113.301982,
                30.8982595
              ],
              [
                113.3013343,
                30.8985145
              ],
              [
                113.3003732,
                30.8989659
              ],
              [
                113.2993532,
                30.8995943
              ],
              [
                113.297925,
                30.9006505
              ],
              [
                113.297013,
                30.9010279
              ],
              [
                113.2968843,
                30.901654
              ],
              [
                113.2971954,
                30.9029428
              ],
              [
                113.2973671,
                30.9042132
              ],
              [
                113.2966161,
                30.9050601
              ],
              [
                113.2956719,
                30.9055204
              ],
              [
                113.2944059,
                30.9054099
              ],
              [
                113.2934832,
                30.9043052
              ],
              [
                113.2930755,
                30.9032742
              ],
              [
                113.2934296,
                30.9025101
              ],
              [
                113.2946527,
                30.9021142
              ],
              [
                113.2952106,
                30.9017
              ],
              [
                113.2954466,
                30.9010095
              ],
              [
                113.295275,
                30.9004572
              ],
              [
                113.2946595,
                30.8992104
              ],
              [
                113.2938941,
                30.8980923
              ],
              [
                113.2933252,
                30.8975625
              ],
              [
                113.2927364,
                30.8974055
              ],
              [
                113.2916763,
                30.8973862
              ],
              [
                113.2909507,
                30.8975433
              ],
              [
                113.2906372,
                30.8978966
              ],
              [
                113.2905973,
                30.8982894
              ],
              [
                113.290696,
                30.898662
              ],
              [
                113.2910094,
                30.8991912
              ],
              [
                113.2910293,
                30.8996629
              ],
              [
                113.2908726,
                30.9000749
              ],
              [
                113.2904014,
                30.9006243
              ],
              [
                113.2883809,
                30.9018217
              ],
              [
                113.2879686,
                30.9019592
              ],
              [
                113.287164,
                30.9019984
              ],
              [
                113.2866739,
                30.9020571
              ],
              [
                113.2863993,
                30.9024103
              ],
              [
                113.2863793,
                30.902921
              ],
              [
                113.2866937,
                30.9040979
              ],
              [
                113.2867325,
                30.9048833
              ],
              [
                113.2864969,
                30.9053344
              ],
              [
                113.2859278,
                30.9056091
              ],
              [
                113.2846819,
                30.9056318
              ],
              [
                113.2831943,
                30.9052626
              ],
              [
                113.282218,
                30.9045538
              ],
              [
                113.2816601,
                30.9035319
              ],
              [
                113.2806086,
                30.9033478
              ],
              [
                113.2790851,
                30.904029
              ],
              [
                113.2759738,
                30.9058702
              ],
              [
                113.2739122,
                30.9062968
              ],
              [
                113.2729261,
                30.9051629
              ],
              [
                113.2729665,
                30.9039121
              ],
              [
                113.2726406,
                30.9031603
              ],
              [
                113.2745352,
                30.9018673
              ],
              [
                113.2742786,
                30.9010096
              ],
              [
                113.270545,
                30.9007886
              ],
              [
                113.2689142,
                30.8964801
              ],
              [
                113.2664251,
                30.8938287
              ],
              [
                113.2615757,
                30.893129
              ],
              [
                113.2571125,
                30.8923188
              ],
              [
                113.2532517,
                30.8897516
              ],
              [
                113.2522242,
                30.8888105
              ],
              [
                113.2523235,
                30.8858002
              ],
              [
                113.2520768,
                30.8839354
              ],
              [
                113.2511663,
                30.8826654
              ],
              [
                113.2468429,
                30.8802297
              ],
              [
                113.2445035,
                30.8786348
              ],
              [
                113.2407953,
                30.8720694
              ],
              [
                113.2390653,
                30.8704631
              ],
              [
                113.2378993,
                30.8698412
              ],
              [
                113.2366001,
                30.8692802
              ],
              [
                113.2350437,
                30.8693067
              ],
              [
                113.2313433,
                30.8703647
              ],
              [
                113.228648,
                30.8709379
              ],
              [
                113.2270181,
                30.8707321
              ],
              [
                113.2249719,
                30.8700671
              ],
              [
                113.2248749,
                30.8688418
              ],
              [
                113.2254073,
                30.8684234
              ],
              [
                113.226478,
                30.8678794
              ],
              [
                113.2309387,
                30.8645878
              ],
              [
                113.23146,
                30.8637025
              ],
              [
                113.2316292,
                30.8622384
              ],
              [
                113.2277467,
                30.857708
              ],
              [
                113.2263319,
                30.8575622
              ],
              [
                113.2261768,
                30.8573792
              ],
              [
                113.2260779,
                30.8560938
              ],
              [
                113.2249742,
                30.8555194
              ],
              [
                113.2227595,
                30.8563753
              ],
              [
                113.2198229,
                30.8582379
              ],
              [
                113.2187228,
                30.8592013
              ],
              [
                113.2183315,
                30.8592899
              ],
              [
                113.2157518,
                30.8610624
              ],
              [
                113.2143833,
                30.8613159
              ],
              [
                113.2136675,
                30.8610603
              ],
              [
                113.2133472,
                30.8606062
              ],
              [
                113.2102609,
                30.8575225
              ],
              [
                113.2097924,
                30.8564205
              ],
              [
                113.2102041,
                30.8550368
              ],
              [
                113.2105045,
                30.8546104
              ],
              [
                113.2111113,
                30.8540264
              ],
              [
                113.2111313,
                30.8535127
              ],
              [
                113.2096087,
                30.8512982
              ],
              [
                113.2072019,
                30.8484476
              ],
              [
                113.2016658,
                30.8477476
              ],
              [
                113.2005071,
                30.8442473
              ],
              [
                113.2011938,
                30.8418523
              ],
              [
                113.203125,
                30.8402311
              ],
              [
                113.203125,
                30.837836
              ],
              [
                113.202095,
                30.834667
              ],
              [
                113.2028245,
                30.8340406
              ],
              [
                113.2037687,
                30.8345196
              ],
              [
                113.2044982,
                30.8344459
              ],
              [
                113.2040262,
                30.8332667
              ],
              [
                113.2016229,
                30.830245
              ],
              [
                113.2009115,
                30.8300257
              ],
              [
                113.1999492,
                30.8297291
              ],
              [
                113.1973743,
                30.830245
              ],
              [
                113.1957006,
                30.8287709
              ],
              [
                113.1957864,
                30.8253805
              ],
              [
                113.1921386,
                30.8223954
              ],
              [
                113.1863451,
                30.822248
              ],
              [
                113.1826114,
                30.8189311
              ],
              [
                113.1836414,
                30.8160563
              ],
              [
                113.1829977,
                30.8143609
              ],
              [
                113.1808948,
                30.8131815
              ],
              [
                113.1771612,
                30.8136975
              ],
              [
                113.1753809,
                30.8146835
              ],
              [
                113.1725692,
                30.8162406
              ],
              [
                113.1660461,
                30.8177886
              ],
              [
                113.1621408,
                30.8199262
              ],
              [
                113.1587934,
                30.8194471
              ],
              [
                113.1568622,
                30.8174569
              ],
              [
                113.1560039,
                30.8118177
              ],
              [
                113.152364,
                30.8097803
              ],
              [
                113.149682,
                30.808914
              ],
              [
                113.1418848,
                30.8072472
              ],
              [
                113.1376791,
                30.8056623
              ],
              [
                113.1334304,
                30.8005017
              ],
              [
                113.130083,
                30.7973315
              ],
              [
                113.1274223,
                30.797737
              ],
              [
                113.1217575,
                30.8025659
              ],
              [
                113.1202554,
                30.8049619
              ],
              [
                113.1200838,
                30.8095694
              ],
              [
                113.1181526,
                30.8109332
              ],
              [
                113.1156635,
                30.8106014
              ],
              [
                113.1130886,
                30.8071367
              ],
              [
                113.1110286,
                30.8071367
              ],
              [
                113.1090116,
                30.8098274
              ],
              [
                113.1082391,
                30.8134395
              ],
              [
                113.1041622,
                30.8146189
              ],
              [
                113.0995917,
                30.816001
              ],
              [
                113.0971026,
                30.8162406
              ],
              [
                113.0961156,
                30.8170699
              ],
              [
                113.0950641,
                30.8159642
              ],
              [
                113.0938518,
                30.8127115
              ],
              [
                113.0937016,
                30.8123798
              ],
              [
                113.0937552,
                30.8119467
              ],
              [
                113.0934977,
                30.8118546
              ],
              [
                113.0928433,
                30.8118914
              ],
              [
                113.0927789,
                30.8114676
              ],
              [
                113.0931544,
                30.811099
              ],
              [
                113.0931437,
                30.8107396
              ],
              [
                113.0927896,
                30.8099932
              ],
              [
                113.0915129,
                30.8094403
              ],
              [
                113.0904186,
                30.8081687
              ],
              [
                113.0899894,
                30.8081687
              ],
              [
                113.0894959,
                30.8083714
              ],
              [
                113.089453,
                30.8087216
              ],
              [
                113.0898821,
                30.8094588
              ],
              [
                113.0915022,
                30.8105
              ],
              [
                113.0915129,
                30.8112003
              ],
              [
                113.090204,
                30.8117901
              ],
              [
                113.0901825,
                30.8126378
              ],
              [
                113.0884123,
                30.8133657
              ],
              [
                113.088069,
                30.8142687
              ],
              [
                113.0879938,
                30.8152455
              ],
              [
                113.0875111,
                30.8154758
              ],
              [
                113.0869317,
                30.8152455
              ],
              [
                113.0869102,
                30.8145636
              ],
              [
                113.0864489,
                30.8142503
              ],
              [
                113.0856871,
                30.8141582
              ],
              [
                113.0855906,
                30.8144807
              ],
              [
                113.0855584,
                30.8148032
              ],
              [
                113.0864382,
                30.8150059
              ],
              [
                113.0865508,
                30.8154528
              ],
              [
                113.086583,
                30.8159642
              ],
              [
                113.0861163,
                30.8161807
              ],
              [
                113.0857784,
                30.8160563
              ],
              [
                113.0853546,
                30.8154666
              ],
              [
                113.0845177,
                30.8156601
              ],
              [
                113.083933,
                30.8162452
              ],
              [
                113.0839169,
                30.8166921
              ],
              [
                113.0841798,
                30.816904
              ],
              [
                113.085022,
                30.8165953
              ],
              [
                113.0860627,
                30.8172633
              ],
              [
                113.0860841,
                30.8182492
              ],
              [
                113.0855906,
                30.8186546
              ],
              [
                113.0851936,
                30.8182492
              ],
              [
                113.0848825,
                30.8178438
              ],
              [
                113.0842924,
                30.8178346
              ],
              [
                113.0840242,
                30.8182492
              ],
              [
                113.0846035,
                30.8184243
              ],
              [
                113.0848288,
                30.8187928
              ],
              [
                113.0846572,
                30.8191245
              ],
              [
                113.0836809,
                30.8192996
              ],
              [
                113.0833375,
                30.8195392
              ],
              [
                113.083241,
                30.8199999
              ],
              [
                113.0834663,
                30.8202118
              ],
              [
                113.0841958,
                30.8201381
              ],
              [
                113.0855477,
                30.820479
              ],
              [
                113.0856228,
                30.8207369
              ],
              [
                113.0841636,
                30.822248
              ],
              [
                113.0825328,
                30.8236116
              ],
              [
                113.0804729,
                30.822764
              ],
              [
                113.0789709,
                30.8229851
              ],
              [
                113.0770826,
                30.8249015
              ],
              [
                113.0745935,
                30.8221006
              ],
              [
                113.072319,
                30.8192259
              ],
              [
                113.0693835,
                30.8178913
              ],
              [
                113.0664825,
                30.8165723
              ],
              [
                113.0663108,
                30.8114123
              ],
              [
                113.0692291,
                30.805478
              ],
              [
                113.0693578,
                30.802013
              ],
              [
                113.0705809,
                30.7920045
              ],
              [
                113.071289,
                30.791046
              ],
              [
                113.0702162,
                30.7871381
              ],
              [
                113.0679845,
                30.784244
              ],
              [
                113.0630493,
                30.7816263
              ],
              [
                113.0597234,
                30.7817
              ],
              [
                113.0584359,
                30.781571
              ],
              [
                113.0579531,
                30.781617
              ],
              [
                113.0574918,
                30.7816539
              ],
              [
                113.057245,
                30.7814696
              ],
              [
                113.0561292,
                30.7807137
              ],
              [
                113.0548954,
                30.7805109
              ],
              [
                113.0542087,
                30.7805017
              ],
              [
                113.0537367,
                30.7796998
              ],
              [
                113.0533934,
                30.7797275
              ],
              [
                113.0527496,
                30.7806308
              ],
              [
                113.0526423,
                30.7812299
              ],
              [
                113.0532002,
                30.7817184
              ],
              [
                113.05305,
                30.782041
              ],
              [
                113.0522346,
                30.781995
              ],
              [
                113.05143,
                30.7819212
              ],
              [
                113.0512476,
                30.7817645
              ],
              [
                113.051312,
                30.7812483
              ],
              [
                113.0509794,
                30.7812115
              ],
              [
                113.0503356,
                30.7813866
              ],
              [
                113.0494344,
                30.781912
              ],
              [
                113.0478358,
                30.7822069
              ],
              [
                113.0467629,
                30.7825203
              ],
              [
                113.0460977,
                30.7822899
              ],
              [
                113.0458295,
                30.7829996
              ],
              [
                113.0445099,
                30.7832024
              ],
              [
                113.043673,
                30.7836356
              ],
              [
                113.0430829,
                30.7833038
              ],
              [
                113.0423641,
                30.7818106
              ],
              [
                113.0390167,
                30.780004
              ],
              [
                113.0348968,
                30.7778286
              ],
              [
                113.0301761,
                30.7756532
              ],
              [
                113.0255413,
                30.7759113
              ],
              [
                113.0199623,
                30.7775337
              ],
              [
                113.0157995,
                30.7782711
              ],
              [
                113.0164647,
                30.7800593
              ],
              [
                113.0119157,
                30.781147
              ],
              [
                113.0110037,
                30.7814235
              ],
              [
                113.0104995,
                30.7821056
              ],
              [
                113.0109286,
                30.7832854
              ],
              [
                113.0110145,
                30.7840412
              ],
              [
                113.0096626,
                30.7856081
              ],
              [
                113.0090189,
                30.7881888
              ],
              [
                113.0076456,
                30.7886681
              ],
              [
                113.0061435,
                30.7893501
              ],
              [
                113.0043196,
                30.7894423
              ],
              [
                113.0023241,
                30.7906958
              ],
              [
                112.999556,
                30.7901981
              ],
              [
                112.9952597,
                30.7904245
              ],
              [
                112.9909944,
                30.789258
              ],
              [
                112.989192,
                30.7876727
              ],
              [
                112.9884195,
                30.7862717
              ],
              [
                112.9877329,
                30.7859399
              ],
              [
                112.9869818,
                30.7853869
              ],
              [
                112.9840421,
                30.783101
              ],
              [
                112.9797935,
                30.7777733
              ],
              [
                112.977798,
                30.7745102
              ],
              [
                112.9778623,
                30.7737358
              ],
              [
                112.9784417,
                30.7722794
              ],
              [
                112.9785919,
                30.7715419
              ],
              [
                112.9768538,
                30.7696429
              ],
              [
                112.9719829,
                30.7667114
              ],
              [
                112.9681849,
                30.7648307
              ],
              [
                112.9611468,
                30.7619728
              ],
              [
                112.9507827,
                30.7582481
              ],
              [
                112.9501498,
                30.7580453
              ],
              [
                112.9497421,
                30.7583587
              ],
              [
                112.9496133,
                30.7588658
              ],
              [
                112.94927,
                30.7591424
              ],
              [
                112.9483259,
                30.758875
              ],
              [
                112.9475319,
                30.7591332
              ],
              [
                112.9468238,
                30.7590133
              ],
              [
                112.9461586,
                30.7594466
              ],
              [
                112.9453862,
                30.7592161
              ],
              [
                112.9436803,
                30.7578609
              ],
              [
                112.9424786,
                30.7575197
              ],
              [
                112.9409981,
                30.7564687
              ],
              [
                112.9411697,
                30.756146
              ],
              [
                112.9422104,
                30.7557864
              ],
              [
                112.9419422,
                30.7553992
              ],
              [
                112.9413092,
                30.755058
              ],
              [
                112.9406547,
                30.7557034
              ],
              [
                112.9400539,
                30.7554729
              ],
              [
                112.9399681,
                30.7551041
              ],
              [
                112.9409337,
                30.7539516
              ],
              [
                112.9407084,
                30.7535921
              ],
              [
                112.9401183,
                30.7533339
              ],
              [
                112.9393351,
                30.7534077
              ],
              [
                112.9389059,
                30.7522275
              ],
              [
                112.9394209,
                30.751748
              ],
              [
                112.9410946,
                30.7507707
              ],
              [
                112.9409444,
                30.7498855
              ],
              [
                112.9402792,
                30.7497195
              ],
              [
                112.9384553,
                30.7500515
              ],
              [
                112.9368782,
                30.7501621
              ],
              [
                112.9354834,
                30.7506785
              ],
              [
                112.9332411,
                30.7505494
              ],
              [
                112.9319966,
                30.7494153
              ],
              [
                112.9319429,
                30.7486039
              ],
              [
                112.9323506,
                30.7474421
              ],
              [
                112.9306984,
                30.7467874
              ],
              [
                112.9291963,
                30.7473591
              ],
              [
                112.9286492,
                30.7469534
              ],
              [
                112.9282522,
                30.7458469
              ],
              [
                112.9273081,
                30.7447772
              ],
              [
                112.9280269,
                30.7429792
              ],
              [
                112.9279947,
                30.7426933
              ],
              [
                112.9277587,
                30.7423152
              ],
              [
                112.9269218,
                30.7427947
              ],
              [
                112.9263532,
                30.7429792
              ],
              [
                112.925334,
                30.7427302
              ],
              [
                112.9244757,
                30.7416513
              ],
              [
                112.92454,
                30.7395581
              ],
              [
                112.9233813,
                30.737557
              ],
              [
                112.9228985,
                30.7357956
              ],
              [
                112.9221904,
                30.7352516
              ],
              [
                112.9256773,
                30.7323559
              ],
              [
                112.9258597,
                30.731987
              ],
              [
                112.9250443,
                30.7311016
              ],
              [
                112.9235744,
                30.7324204
              ],
              [
                112.9226303,
                30.7317656
              ],
              [
                112.9217291,
                30.730825
              ],
              [
                112.9225445,
                30.7301333
              ],
              [
                112.9215681,
                30.7289252
              ],
              [
                112.9209627,
                30.7281868
              ],
              [
                112.9171371,
                30.7235207
              ],
              [
                112.9166329,
                30.7223955
              ],
              [
                112.9159462,
                30.7224508
              ],
              [
                112.9142403,
                30.7163173
              ],
              [
                112.9136717,
                30.7164648
              ],
              [
                112.9131889,
                30.7152012
              ],
              [
                112.9119658,
                30.7152289
              ],
              [
                112.9112899,
                30.7143249
              ],
              [
                112.9092193,
                30.7144725
              ],
              [
                112.9085112,
                30.7133749
              ],
              [
                112.9064405,
                30.714906
              ],
              [
                112.9055285,
                30.7128307
              ],
              [
                112.9052174,
                30.7129598
              ],
              [
                112.9049921,
                30.711899
              ],
              [
                112.903018,
                30.7137992
              ],
              [
                112.8998208,
                30.7173226
              ],
              [
                112.8977072,
                30.7195547
              ],
              [
                112.89554,
                30.7217867
              ],
              [
                112.8944886,
                30.7217222
              ],
              [
                112.8932118,
                30.7220542
              ],
              [
                112.8925896,
                30.7212887
              ],
              [
                112.8908944,
                30.722045
              ],
              [
                112.8901756,
                30.7222571
              ],
              [
                112.8898108,
                30.7218697
              ],
              [
                112.8898215,
                30.7211964
              ],
              [
                112.8903794,
                30.7208736
              ],
              [
                112.890594,
                30.7201081
              ],
              [
                112.8901219,
                30.7186139
              ],
              [
                112.8893709,
                30.7185586
              ],
              [
                112.8886628,
                30.7171935
              ],
              [
                112.8887271,
                30.7152381
              ],
              [
                112.8888774,
                30.7132642
              ],
              [
                112.8894567,
                30.7116223
              ],
              [
                112.8891349,
                30.7107737
              ],
              [
                112.8871071,
                30.7104047
              ],
              [
                112.8854227,
                30.70832
              ],
              [
                112.8847575,
                30.7083385
              ],
              [
                112.8843605,
                30.7082001
              ],
              [
                112.8841138,
                30.7073699
              ],
              [
                112.8837275,
                30.706881
              ],
              [
                112.8843391,
                30.7059032
              ],
              [
                112.8865063,
                30.7045287
              ],
              [
                112.8874719,
                30.7037169
              ],
              [
                112.8873968,
                30.7030435
              ],
              [
                112.8868067,
                30.7017981
              ],
              [
                112.8860235,
                30.7013738
              ],
              [
                112.8849614,
                30.7013461
              ],
              [
                112.8846395,
                30.7003498
              ],
              [
                112.8814638,
                30.7004051
              ],
              [
                112.8811741,
                30.6991321
              ],
              [
                112.8808308,
                30.6988092
              ],
              [
                112.8797579,
                30.698966
              ],
              [
                112.8796184,
                30.6982095
              ],
              [
                112.8794872,
                30.6978953
              ],
              [
                112.8783484,
                30.698303
              ],
              [
                112.8777623,
                30.6984494
              ],
              [
                112.8742832,
                30.6989756
              ],
              [
                112.8727653,
                30.6990925
              ],
              [
                112.8704265,
                30.699184
              ],
              [
                112.869966,
                30.6992705
              ],
              [
                112.8694664,
                30.6996409
              ],
              [
                112.8692865,
                30.6999992
              ],
              [
                112.8681239,
                30.7034227
              ],
              [
                112.8675431,
                30.7053961
              ],
              [
                112.8667723,
                30.7068066
              ],
              [
                112.8658913,
                30.7079091
              ],
              [
                112.8653458,
                30.7083063
              ],
              [
                112.8648184,
                30.7084693
              ],
              [
                112.8643426,
                30.7085027
              ],
              [
                112.863939,
                30.7083574
              ],
              [
                112.8634457,
                30.7074903
              ],
              [
                112.8630933,
                30.7070941
              ],
              [
                112.8624316,
                30.7068074
              ],
              [
                112.8616166,
                30.7068073
              ],
              [
                112.8606695,
                30.7070939
              ],
              [
                112.8600306,
                30.7076678
              ],
              [
                112.8594799,
                30.7086146
              ],
              [
                112.8587748,
                30.7106427
              ],
              [
                112.8573418,
                30.7124058
              ],
              [
                112.8563063,
                30.713045
              ],
              [
                112.8552489,
                30.7133973
              ],
              [
                112.8527813,
                30.7136845
              ],
              [
                112.8522085,
                30.7138825
              ],
              [
                112.8517898,
                30.7142577
              ],
              [
                112.8515254,
                30.7149409
              ],
              [
                112.8511838,
                30.7154581
              ],
              [
                112.8504567,
                30.7159657
              ],
              [
                112.8469191,
                30.7168866
              ],
              [
                112.8455428,
                30.717398
              ],
              [
                112.8441986,
                30.7181914
              ],
              [
                112.8435605,
                30.7186991
              ],
              [
                112.8430095,
                30.7195587
              ],
              [
                112.8427009,
                30.7204837
              ],
              [
                112.84237,
                30.7246931
              ],
              [
                112.8421385,
                30.7258501
              ],
              [
                112.8418249,
                30.7263243
              ],
              [
                112.8409052,
                30.7271943
              ],
              [
                112.8399525,
                30.728114
              ],
              [
                112.8394885,
                30.7283323
              ],
              [
                112.839076,
                30.7283625
              ],
              [
                112.8374451,
                30.7282526
              ],
              [
                112.8368501,
                30.7283625
              ],
              [
                112.8365194,
                30.7288916
              ],
              [
                112.8361667,
                30.7298825
              ],
              [
                112.8358972,
                30.7312213
              ],
              [
                112.8357929,
                30.731492
              ],
              [
                112.8355064,
                30.7318443
              ],
              [
                112.8346243,
                30.7319189
              ],
              [
                112.8340297,
                30.7318446
              ],
              [
                112.833286,
                30.7315144
              ],
              [
                112.831207,
                30.7304709
              ],
              [
                112.8306394,
                30.7302228
              ],
              [
                112.8295677,
                30.7299823
              ],
              [
                112.8276502,
                30.7297399
              ],
              [
                112.8264923,
                30.7295368
              ],
              [
                112.8258539,
                30.7296396
              ],
              [
                112.8252487,
                30.7299823
              ],
              [
                112.8246315,
                30.7305778
              ],
              [
                112.8241025,
                30.7314144
              ],
              [
                112.8240142,
                30.7322968
              ],
              [
                112.8242566,
                30.7329349
              ],
              [
                112.8247856,
                30.7333317
              ],
              [
                112.8259408,
                30.7333311
              ],
              [
                112.8270132,
                30.7332818
              ],
              [
                112.8291731,
                30.7331791
              ],
              [
                112.8297437,
                30.7336188
              ],
              [
                112.8299123,
                30.7340479
              ],
              [
                112.8298948,
                30.7343676
              ],
              [
                112.829479,
                30.7357782
              ],
              [
                112.82895,
                30.7367038
              ],
              [
                112.8281354,
                30.7375628
              ],
              [
                112.8256887,
                30.7392824
              ],
              [
                112.8248411,
                30.7402403
              ],
              [
                112.8245544,
                30.7412983
              ],
              [
                112.8245984,
                30.7424448
              ],
              [
                112.8246074,
                30.7424598
              ],
              [
                112.8250392,
                30.7428854
              ],
              [
                112.8269588,
                30.7434952
              ],
              [
                112.8274131,
                30.7437583
              ],
              [
                112.8275885,
                30.7439844
              ],
              [
                112.8277076,
                30.7442204
              ],
              [
                112.8277742,
                30.7448155
              ],
              [
                112.8276836,
                30.7451231
              ],
              [
                112.8273058,
                30.7456013
              ],
              [
                112.8264937,
                30.7459925
              ],
              [
                112.8253695,
                30.7464552
              ],
              [
                112.8241793,
                30.7466089
              ],
              [
                112.8232986,
                30.7470939
              ],
              [
                112.8227448,
                30.747525
              ],
              [
                112.8226483,
                30.7480137
              ],
              [
                112.8226697,
                30.7483549
              ],
              [
                112.8231992,
                30.7487799
              ],
              [
                112.8252481,
                30.7489117
              ],
              [
                112.8256889,
                30.7491104
              ],
              [
                112.8257329,
                30.7495293
              ],
              [
                112.8254023,
                30.7499255
              ],
              [
                112.8245436,
                30.7502347
              ],
              [
                112.8241689,
                30.7506748
              ],
              [
                112.8239705,
                30.7512481
              ],
              [
                112.8242128,
                30.7529007
              ],
              [
                112.8239703,
                30.7535839
              ],
              [
                112.8235074,
                30.7539808
              ],
              [
                112.8228902,
                30.7542005
              ],
              [
                112.8226194,
                30.7544467
              ],
              [
                112.8225375,
                30.7545757
              ],
              [
                112.8223611,
                30.755193
              ],
              [
                112.8224051,
                30.7558758
              ],
              [
                112.8231103,
                30.7572864
              ],
              [
                112.8236061,
                30.7587075
              ],
              [
                112.8239527,
                30.7596304
              ],
              [
                112.8245366,
                30.7600593
              ],
              [
                112.8251489,
                30.7600518
              ],
              [
                112.8253593,
                30.7599883
              ],
              [
                112.8274853,
                30.7593465
              ],
              [
                112.8280143,
                30.7594124
              ],
              [
                112.8283008,
                30.7597208
              ],
              [
                112.8285211,
                30.7602939
              ],
              [
                112.8282786,
                30.7613079
              ],
              [
                112.827485,
                30.7634234
              ],
              [
                112.8271102,
                30.764768
              ],
              [
                112.8276732,
                30.767548
              ],
              [
                112.8274525,
                30.7686356
              ],
              [
                112.8268793,
                30.7699129
              ],
              [
                112.8263603,
                30.770845
              ],
              [
                112.8257991,
                30.7718528
              ],
              [
                112.8239135,
                30.7742207
              ],
              [
                112.82375,
                30.7747614
              ],
              [
                112.8235846,
                30.7753238
              ],
              [
                112.823783,
                30.7758519
              ],
              [
                112.8248187,
                30.7776369
              ],
              [
                112.8263166,
                30.7794512
              ],
              [
                112.8267466,
                30.7799331
              ],
              [
                112.8268555,
                30.780417
              ],
              [
                112.826714,
                30.7808768
              ],
              [
                112.8265862,
                30.781409
              ],
              [
                112.8255457,
                30.7823308
              ],
              [
                112.8243775,
                30.7827054
              ],
              [
                112.8217348,
                30.7831798
              ],
              [
                112.8212596,
                30.7833562
              ],
              [
                112.820995,
                30.7837305
              ],
              [
                112.8208458,
                30.7851196
              ],
              [
                112.8209638,
                30.7870828
              ],
              [
                112.8211355,
                30.7876174
              ],
              [
                112.8210926,
                30.7880782
              ],
              [
                112.8197242,
                30.7891362
              ],
              [
                112.8187913,
                30.7902048
              ],
              [
                112.818088,
                30.7906513
              ],
              [
                112.8155922,
                30.7915411
              ],
              [
                112.8153117,
                30.7917025
              ],
              [
                112.8149128,
                30.7921888
              ],
              [
                112.814945,
                30.7925022
              ],
              [
                112.8153527,
                30.7937556
              ],
              [
                112.8152454,
                30.7946772
              ],
              [
                112.8149021,
                30.79582
              ],
              [
                112.8149847,
                30.7964633
              ],
              [
                112.8155326,
                30.7978916
              ],
              [
                112.8157369,
                30.7986735
              ],
              [
                112.8160274,
                30.7992068
              ],
              [
                112.8172405,
                30.8006863
              ],
              [
                112.8176031,
                30.8013096
              ],
              [
                112.8175628,
                30.8027871
              ],
              [
                112.8178093,
                30.8040865
              ],
              [
                112.8175237,
                30.8047276
              ],
              [
                112.8163754,
                30.8060527
              ],
              [
                112.8159225,
                30.8064427
              ],
              [
                112.8148144,
                30.8070473
              ],
              [
                112.8137294,
                30.8078348
              ],
              [
                112.8136171,
                30.8080455
              ],
              [
                112.8137173,
                30.8082626
              ],
              [
                112.8147702,
                30.8087013
              ],
              [
                112.8150287,
                30.8090036
              ],
              [
                112.8150746,
                30.8109056
              ],
              [
                112.8148161,
                30.811171
              ],
              [
                112.8138833,
                30.8114231
              ],
              [
                112.813164,
                30.8119559
              ],
              [
                112.8128421,
                30.8127207
              ],
              [
                112.8119876,
                30.8142821
              ],
              [
                112.8115332,
                30.8151717
              ],
              [
                112.8112006,
                30.8160287
              ],
              [
                112.8103316,
                30.8161116
              ],
              [
                112.8083575,
                30.8158075
              ],
              [
                112.8078399,
                30.8161895
              ],
              [
                112.8075784,
                30.8165248
              ],
              [
                112.8072417,
                30.8174108
              ],
              [
                112.8075528,
                30.8183506
              ],
              [
                112.8073418,
                30.8187581
              ],
              [
                112.8067911,
                30.8191983
              ],
              [
                112.8068554,
                30.8198985
              ],
              [
                112.806083,
                30.8206264
              ],
              [
                112.8059649,
                30.8213543
              ],
              [
                112.8059921,
                30.8221319
              ],
              [
                112.8061794,
                30.8230767
              ],
              [
                112.8067372,
                30.8247927
              ],
              [
                112.8065909,
                30.8253571
              ],
              [
                112.806126,
                30.8257961
              ],
              [
                112.8058355,
                30.8259525
              ],
              [
                112.8046083,
                30.8261352
              ],
              [
                112.8035675,
                30.8264722
              ],
              [
                112.8017704,
                30.8264751
              ],
              [
                112.8011243,
                30.8265759
              ],
              [
                112.7998201,
                30.8270174
              ],
              [
                112.7976184,
                30.8281341
              ],
              [
                112.7963724,
                30.8286528
              ],
              [
                112.7958785,
                30.8290838
              ],
              [
                112.7956545,
                30.8301713
              ],
              [
                112.7955043,
                30.8310833
              ],
              [
                112.793498,
                30.833193
              ],
              [
                112.7929723,
                30.8326679
              ],
              [
                112.7920389,
                30.8311847
              ],
              [
                112.7902043,
                30.8280984
              ],
              [
                112.7901506,
                30.8278312
              ],
              [
                112.790494,
                30.8272139
              ],
              [
                112.7897966,
                30.8269191
              ],
              [
                112.7844,
                30.8232983
              ],
              [
                112.7841318,
                30.8241644
              ],
              [
                112.7831876,
                30.8242289
              ],
              [
                112.7828765,
                30.8249751
              ],
              [
                112.7825224,
                30.8249567
              ],
              [
                112.7824259,
                30.8246711
              ],
              [
                112.7817392,
                30.8246066
              ],
              [
                112.7809882,
                30.8247909
              ],
              [
                112.7806878,
                30.824496
              ],
              [
                112.7797437,
                30.8246895
              ],
              [
                112.7794003,
                30.824625
              ],
              [
                112.7793252,
                30.8242657
              ],
              [
                112.7795935,
                30.8236208
              ],
              [
                112.7813959,
                30.8212898
              ],
              [
                112.7805591,
                30.8207554
              ],
              [
                112.781353,
                30.8190785
              ],
              [
                112.7805591,
                30.818369
              ],
              [
                112.7797222,
                30.8182677
              ],
              [
                112.778703,
                30.8193825
              ],
              [
                112.7780592,
                30.8188021
              ],
              [
                112.77807,
                30.8181939
              ],
              [
                112.7784884,
                30.8173002
              ],
              [
                112.7782953,
                30.8168303
              ],
              [
                112.7776623,
                30.8165078
              ],
              [
                112.7765894,
                30.8171988
              ],
              [
                112.774744,
                30.8156232
              ],
              [
                112.7733493,
                30.8162682
              ],
              [
                112.7726412,
                30.8163235
              ],
              [
                112.7718043,
                30.8160655
              ],
              [
                112.7713537,
                30.8152639
              ],
              [
                112.7706993,
                30.81484
              ],
              [
                112.7700341,
                30.8148124
              ],
              [
                112.7691865,
                30.8150427
              ],
              [
                112.7680814,
                30.814665
              ],
              [
                112.7677703,
                30.8141305
              ],
              [
                112.767899,
                30.8137988
              ],
              [
                112.7702594,
                30.8133565
              ],
              [
                112.7706242,
                30.8130801
              ],
              [
                112.7705598,
                30.8126286
              ],
              [
                112.7701306,
                30.8122877
              ],
              [
                112.7691328,
                30.8120665
              ],
              [
                112.7671265,
                30.8118361
              ],
              [
                112.7670193,
                30.811615
              ],
              [
                112.7683067,
                30.8100669
              ],
              [
                112.7669549,
                30.8091731
              ],
              [
                112.7678454,
                30.8083438
              ],
              [
                112.7668047,
                30.8073117
              ],
              [
                112.7665365,
                30.8062981
              ],
              [
                112.7654421,
                30.8056622
              ],
              [
                112.7645731,
                30.8053121
              ],
              [
                112.7645945,
                30.8044643
              ],
              [
                112.7649379,
                30.8038192
              ],
              [
                112.7657854,
                30.8036533
              ],
              [
                112.7678132,
                30.8034967
              ],
              [
                112.7683389,
                30.8032202
              ],
              [
                112.7679956,
                30.8027226
              ],
              [
                112.7670944,
                30.8022618
              ],
              [
                112.7649057,
                30.8020775
              ],
              [
                112.7640474,
                30.8015983
              ],
              [
                112.7640474,
                30.8004279
              ],
              [
                112.7647877,
                30.7986677
              ],
              [
                112.7647769,
                30.7980134
              ],
              [
                112.7642083,
                30.797571
              ],
              [
                112.7634251,
                30.7974789
              ],
              [
                112.7630174,
                30.7972024
              ],
              [
                112.7629852,
                30.7966218
              ],
              [
                112.7632427,
                30.7959675
              ],
              [
                112.7631891,
                30.7957278
              ],
              [
                112.7625239,
                30.7953039
              ],
              [
                112.7618587,
                30.7945113
              ],
              [
                112.7614725,
                30.7936358
              ],
              [
                112.7610326,
                30.7935713
              ],
              [
                112.7600884,
                30.7939676
              ],
              [
                112.7568161,
                30.7939215
              ],
              [
                112.7549279,
                30.793986
              ],
              [
                112.7532971,
                30.7942717
              ],
              [
                112.7517092,
                30.7952486
              ],
              [
                112.750572,
                30.7950919
              ],
              [
                112.7499282,
                30.7953776
              ],
              [
                112.74863,
                30.7955159
              ],
              [
                112.7479112,
                30.7959306
              ],
              [
                112.7471065,
                30.7962439
              ],
              [
                112.7379656,
                30.7908432
              ],
              [
                112.7311471,
                30.7869724
              ],
              [
                112.7283997,
                30.7853309
              ],
              [
                112.7256918,
                30.7838753
              ],
              [
                112.72331,
                30.7824374
              ],
              [
                112.7207351,
                30.7836633
              ],
              [
                112.7205741,
                30.7836633
              ],
              [
                112.7204239,
                30.7834605
              ],
              [
                112.7204668,
                30.7807875
              ],
              [
                112.7041644,
                30.7720397
              ],
              [
                112.7036226,
                30.7729062
              ],
              [
                112.701273,
                30.7715788
              ],
              [
                112.7019811,
                30.7703712
              ],
              [
                112.6850027,
                30.7580452
              ],
              [
                112.6796329,
                30.7541914
              ],
              [
                112.680193,
                30.75356
              ],
              [
                112.6839742,
                30.7557546
              ],
              [
                112.6850888,
                30.7543482
              ],
              [
                112.6847079,
                30.7534873
              ],
              [
                112.6807996,
                30.7517534
              ],
              [
                112.6816885,
                30.7488675
              ],
              [
                112.6770748,
                30.7471093
              ],
              [
                112.6758756,
                30.7494253
              ],
              [
                112.6751701,
                30.7499346
              ],
              [
                112.6749015,
                30.7507614
              ],
              [
                112.6712891,
                30.7482409
              ],
              [
                112.670567,
                30.7477371
              ],
              [
                112.664752,
                30.7432558
              ],
              [
                112.6532078,
                30.7364135
              ],
              [
                112.647264,
                30.7308803
              ],
              [
                112.6446461,
                30.7260477
              ],
              [
                112.6435518,
                30.7241109
              ],
              [
                112.636341,
                30.7175622
              ],
              [
                112.6363107,
                30.7175339
              ],
              [
                112.6251626,
                30.7071024
              ],
              [
                112.6228058,
                30.7062862
              ],
              [
                112.6191759,
                30.7050914
              ],
              [
                112.614026,
                30.7041689
              ],
              [
                112.609241,
                30.7037077
              ],
              [
                112.6000074,
                30.7050229
              ],
              [
                112.5994777,
                30.7028455
              ],
              [
                112.5923912,
                30.688521
              ],
              [
                112.5875788,
                30.6790611
              ],
              [
                112.5870499,
                30.6748312
              ],
              [
                112.5866461,
                30.6701234
              ],
              [
                112.5875902,
                30.667318
              ],
              [
                112.5913071,
                30.665279
              ],
              [
                112.5924441,
                30.6644374
              ],
              [
                112.5971508,
                30.6603206
              ],
              [
                112.6001917,
                30.6576365
              ],
              [
                112.6033912,
                30.6556576
              ],
              [
                112.6086267,
                30.652382
              ],
              [
                112.613885,
                30.6503981
              ],
              [
                112.6219535,
                30.6472637
              ],
              [
                112.6270568,
                30.645239
              ],
              [
                112.6307852,
                30.6434873
              ],
              [
                112.634064,
                30.6435101
              ],
              [
                112.6393524,
                30.6437831
              ],
              [
                112.6530758,
                30.6456485
              ],
              [
                112.660083,
                30.6475594
              ],
              [
                112.66828,
                30.6498115
              ],
              [
                112.6804434,
                30.6547022
              ],
              [
                112.6890635,
                30.6577503
              ],
              [
                112.6930563,
                30.6586146
              ],
              [
                112.6991379,
                30.6589103
              ],
              [
                112.7054312,
                30.6574546
              ],
              [
                112.7116715,
                30.6543383
              ],
              [
                112.713734,
                30.652564
              ],
              [
                112.7156907,
                30.6499252
              ],
              [
                112.71629,
                30.6471749
              ],
              [
                112.7160169,
                30.6443081
              ],
              [
                112.7137225,
                30.6383862
              ],
              [
                112.7099418,
                30.6343118
              ],
              [
                112.7087831,
                30.6333518
              ],
              [
                112.7053714,
                30.6318008
              ],
              [
                112.7021554,
                30.6301865
              ],
              [
                112.6941963,
                30.627858
              ],
              [
                112.6886047,
                30.6253834
              ],
              [
                112.6823644,
                30.6249703
              ],
              [
                112.6771507,
                30.6244265
              ],
              [
                112.6737641,
                30.622837
              ],
              [
                112.6732971,
                30.6189521
              ],
              [
                112.6733779,
                30.6076292
              ],
              [
                112.6762103,
                30.5956612
              ],
              [
                112.6822614,
                30.587423
              ],
              [
                112.6868534,
                30.5795536
              ],
              [
                112.6884412,
                30.5727552
              ],
              [
                112.6894283,
                30.5691341
              ],
              [
                112.68857,
                30.5624088
              ],
              [
                112.6882911,
                30.5585101
              ],
              [
                112.6896858,
                30.5537983
              ],
              [
                112.6932478,
                30.5499917
              ],
              [
                112.6956081,
                30.5481437
              ],
              [
                112.6969385,
                30.5480329
              ],
              [
                112.6983762,
                30.54831
              ],
              [
                112.7008867,
                30.5515809
              ],
              [
                112.7020454,
                30.5589721
              ],
              [
                112.7050924,
                30.5663627
              ],
              [
                112.7091264,
                30.5698731
              ],
              [
                112.7444487,
                30.5789818
              ],
              [
                112.7552084,
                30.5830779
              ],
              [
                112.7584323,
                30.584107
              ],
              [
                112.765131,
                30.5849108
              ],
              [
                112.7733278,
                30.5845783
              ],
              [
                112.7770185,
                30.5831744
              ],
              [
                112.7817392,
                30.5788886
              ],
              [
                112.7889061,
                30.5702795
              ],
              [
                112.7956008,
                30.5597481
              ],
              [
                112.7994203,
                30.5504352
              ],
              [
                112.802124,
                30.5402712
              ],
              [
                112.8060722,
                30.5286275
              ],
              [
                112.807703,
                30.5183874
              ],
              [
                112.8238139,
                30.5067182
              ],
              [
                112.8309469,
                30.5007432
              ],
              [
                112.8382377,
                30.4981965
              ],
              [
                112.8459849,
                30.4985388
              ],
              [
                112.8573301,
                30.4959662
              ],
              [
                112.867205,
                30.4959662
              ],
              [
                112.8719142,
                30.4983333
              ],
              [
                112.87764,
                30.5036069
              ],
              [
                112.8805785,
                30.5086086
              ],
              [
                112.8802153,
                30.5127862
              ],
              [
                112.8796073,
                30.5187595
              ],
              [
                112.8780209,
                30.5271293
              ],
              [
                112.8732531,
                30.5358562
              ],
              [
                112.8704501,
                30.5425812
              ],
              [
                112.8710512,
                30.5468947
              ],
              [
                112.8712508,
                30.5532588
              ],
              [
                112.8742643,
                30.5589677
              ],
              [
                112.8812532,
                30.5649858
              ],
              [
                112.8878146,
                30.5702928
              ],
              [
                112.893614,
                30.5759748
              ],
              [
                112.8978696,
                30.5770216
              ]
            ],
            [
              [
                113.3884902,
                30.7312715
              ],
              [
                113.3888598,
                30.7180871
              ],
              [
                113.3875748,
                30.7180605
              ],
              [
                113.3872052,
                30.7312449
              ],
              [
                113.3884902,
                30.7312715
              ]
            ],
            [
              [
                113.3798976,
                30.6849592
              ],
              [
                113.3797129,
                30.6798738
              ],
              [
                113.3774954,
                30.680589
              ],
              [
                113.3761095,
                30.6806684
              ],
              [
                113.3759247,
                30.6827344
              ],
              [
                113.377865,
                30.6828933
              ],
              [
                113.3780498,
                30.6848798
              ],
              [
                113.3798976,
                30.6849592
              ]
            ],
            [
              [
                113.3884322,
                30.6873656
              ],
              [
                113.3917588,
                30.687938
              ],
              [
                113.3921279,
                30.6851828
              ],
              [
                113.3875599,
                30.6831944
              ],
              [
                113.3861804,
                30.6825939
              ],
              [
                113.3862723,
                30.6818682
              ],
              [
                113.384645,
                30.6813094
              ],
              [
                113.3852564,
                30.6766953
              ],
              [
                113.3813481,
                30.6762616
              ],
              [
                113.3810366,
                30.6821186
              ],
              [
                113.3805575,
                30.6848693
              ],
              [
                113.3832689,
                30.6852879
              ],
              [
                113.3838007,
                30.687766
              ],
              [
                113.3884322,
                30.6873656
              ]
            ],
            [
              [
                112.6364386,
                30.7172396
              ],
              [
                112.6376724,
                30.7175255
              ],
              [
                112.640022,
                30.7177192
              ],
              [
                112.6403868,
                30.7145924
              ],
              [
                112.6365459,
                30.7142235
              ],
              [
                112.6364386,
                30.7172396
              ]
            ],
            [
              [
                112.8232621,
                30.7285073
              ],
              [
                112.8232912,
                30.7282884
              ],
              [
                112.8218246,
                30.7272042
              ],
              [
                112.8215982,
                30.7264431
              ],
              [
                112.8209571,
                30.7256463
              ],
              [
                112.8197519,
                30.7245916
              ],
              [
                112.8193411,
                30.7243879
              ],
              [
                112.8181037,
                30.7257239
              ],
              [
                112.8183391,
                30.7259772
              ],
              [
                112.8190174,
                30.7264133
              ],
              [
                112.8191245,
                30.7268483
              ],
              [
                112.8198498,
                30.7274923
              ],
              [
                112.8198617,
                30.7286778
              ],
              [
                112.8200881,
                30.729073
              ],
              [
                112.8209226,
                30.7296403
              ],
              [
                112.8214867,
                30.7298692
              ],
              [
                112.8220678,
                30.7298233
              ],
              [
                112.8224906,
                30.7295333
              ],
              [
                112.8229315,
                30.7290144
              ],
              [
                112.8232621,
                30.7285073
              ]
            ],
            [
              [
                112.6800948,
                30.6912473
              ],
              [
                112.6806161,
                30.6916979
              ],
              [
                112.6822665,
                30.6914007
              ],
              [
                112.6823557,
                30.6923212
              ],
              [
                112.684809,
                30.692024
              ],
              [
                112.6852662,
                30.6865963
              ],
              [
                112.6911876,
                30.6879484
              ],
              [
                112.6910537,
                30.6924555
              ],
              [
                112.696306,
                30.6929062
              ],
              [
                112.6995288,
                30.6922158
              ],
              [
                112.6998522,
                30.6901349
              ],
              [
                112.7001867,
                30.6823575
              ],
              [
                112.6895706,
                30.6809669
              ],
              [
                112.6849855,
                30.6805175
              ],
              [
                112.6855734,
                30.6779542
              ],
              [
                112.6857077,
                30.6751506
              ],
              [
                112.6840369,
                30.6753136
              ],
              [
                112.6841603,
                30.6758914
              ],
              [
                112.6818645,
                30.6759233
              ],
              [
                112.6815342,
                30.6800531
              ],
              [
                112.679301,
                30.6797315
              ],
              [
                112.677884,
                30.6859921
              ],
              [
                112.6786646,
                30.6886964
              ],
              [
                112.6813186,
                30.6885526
              ],
              [
                112.681497,
                30.6895978
              ],
              [
                112.6800948,
                30.6912473
              ]
            ],
            [
              [
                112.7707667,
                30.6794661
              ],
              [
                112.771716,
                30.6785887
              ],
              [
                112.7729695,
                30.6762623
              ],
              [
                112.7810623,
                30.6790804
              ],
              [
                112.7813262,
                30.6711175
              ],
              [
                112.7727056,
                30.6684505
              ],
              [
                112.7703965,
                30.668337
              ],
              [
                112.7681534,
                30.6697556
              ],
              [
                112.7671418,
                30.6706447
              ],
              [
                112.7705065,
                30.6718552
              ],
              [
                112.7699269,
                30.6728692
              ],
              [
                112.7688432,
                30.674765
              ],
              [
                112.7682853,
                30.6745527
              ],
              [
                112.7664602,
                30.6783293
              ],
              [
                112.769231,
                30.6796289
              ],
              [
                112.7707667,
                30.6794661
              ]
            ]
          ]
        ]
      },
      "id": "relation/3258833"
    },
    {
      "type": "Feature",
      "properties": {
        "@id": "relation/3258834",
        "admin_level": "6",
        "alt_name": "仙桃",
        "alt_name:en": "Xiantao",
        "alt_name:zh": "仙桃",
        "boundary": "administrative",
        "division_code": "429004",
        "name": "仙桃市",
        "name:ceb": "Xiantao",
        "name:cs": "Sian-tchao",
        "name:da": "Xiantao",
        "name:de": "Xiantao",
        "name:en": "Xiantao",
        "name:es": "Xiantao",
        "name:fa": "شیانتاو",
        "name:fi": "Xiantao",
        "name:fr": "Xiantao",
        "name:it": "Xiantao",
        "name:ja": "仙桃市",
        "name:ki": "Xiantao",
        "name:ko": "셴타오시",
        "name:mg": "Xiantao",
        "name:nan": "Sian-thô-chhī",
        "name:nl": "Xiantao",
        "name:nn": "Xiantao",
        "name:no": "Xiantao",
        "name:pam": "Xiantao",
        "name:pl": "Xiantao",
        "name:pt": "Xiantao",
        "name:ru": "Сяньтао",
        "name:sr": "Сјентао",
        "name:sv": "Xiantao",
        "name:tr": "Xiantao",
        "name:uk": "Сяньтао",
        "name:ur": "شیانتاو",
        "name:vi": "Tiên Đào",
        "name:war": "Xiantao",
        "name:yue": "仙桃市",
        "name:zh": "仙桃市",
        "name:zh-Hans": "仙桃市",
        "name:zh-Hant": "仙桃市",
        "name:zh-Latn-pinyin": "Xiāntáo Shì",
        "old_name": "沔阳县",
        "population": "1134715",
        "population:date": "2020-11-01",
        "postal_code": "433000",
        "source:population": "wikipedia",
        "type": "boundary",
        "wikidata": "Q71455"
      },
      "geometry": {
        "type": "Polygon",
        "coordinates": [
          [
            [
              112.9736829,
              30.4454771
            ],
            [
              112.978294,
              30.443834
            ],
            [
              112.981814,
              30.442585
            ],
            [
              112.983953,
              30.441309
            ],
            [
              112.986501,
              30.438832
            ],
            [
              112.988075,
              30.436369
            ],
            [
              112.989338,
              30.433254
            ],
            [
              112.988075,
              30.432382
            ],
            [
              112.987544,
              30.430186
            ],
            [
              112.98746,
              30.43007
            ],
            [
              112.983537,
              30.430106
            ],
            [
              112.983469,
              30.429404
            ],
            [
              112.979572,
              30.429416
            ],
            [
              112.979481,
              30.428925
            ],
            [
              112.977776,
              30.428927
            ],
            [
              112.977859,
              30.42766
            ],
            [
              112.979319,
              30.427614
            ],
            [
              112.979421,
              30.425948
            ],
            [
              112.981152,
              30.425921
            ],
            [
              112.9812,
              30.425592
            ],
            [
              112.982714,
              30.425523
            ],
            [
              112.982744,
              30.423036
            ],
            [
              112.980411,
              30.42272
            ],
            [
              112.980139,
              30.421294
            ],
            [
              112.97912,
              30.421778
            ],
            [
              112.978816,
              30.421454
            ],
            [
              112.98085,
              30.420368
            ],
            [
              112.980599,
              30.419973
            ],
            [
              112.980089,
              30.420169
            ],
            [
              112.980003,
              30.419959
            ],
            [
              112.979628,
              30.420129
            ],
            [
              112.97907,
              30.419317
            ],
            [
              112.977834,
              30.419734
            ],
            [
              112.974707,
              30.414927
            ],
            [
              112.974596,
              30.414811
            ],
            [
              112.972335,
              30.415362
            ],
            [
              112.971772,
              30.414268
            ],
            [
              112.971042,
              30.414326
            ],
            [
              112.971013,
              30.414232
            ],
            [
              112.970932,
              30.41421
            ],
            [
              112.970473,
              30.414288
            ],
            [
              112.970469,
              30.414053
            ],
            [
              112.970598,
              30.413746
            ],
            [
              112.970976,
              30.413717
            ],
            [
              112.970834,
              30.413368
            ],
            [
              112.970747,
              30.413111
            ],
            [
              112.971069,
              30.412965
            ],
            [
              112.969416,
              30.411489
            ],
            [
              112.967252,
              30.408802
            ],
            [
              112.964931,
              30.409118
            ],
            [
              112.963699,
              30.407026
            ],
            [
              112.961821,
              30.407805
            ],
            [
              112.961989,
              30.408084
            ],
            [
              112.960567,
              30.408715
            ],
            [
              112.960259,
              30.40818
            ],
            [
              112.960205,
              30.408181
            ],
            [
              112.959854,
              30.408233
            ],
            [
              112.959713,
              30.40793
            ],
            [
              112.957698,
              30.408641
            ],
            [
              112.957685,
              30.407984
            ],
            [
              112.962215,
              30.405876
            ],
            [
              112.959558,
              30.400171
            ],
            [
              112.961082,
              30.399257
            ],
            [
              112.962764,
              30.396793
            ],
            [
              112.962858,
              30.396088
            ],
            [
              112.962494,
              30.394123
            ],
            [
              112.961443,
              30.394327
            ],
            [
              112.960264,
              30.392187
            ],
            [
              112.958919,
              30.392559
            ],
            [
              112.958404,
              30.392456
            ],
            [
              112.958825,
              30.39053
            ],
            [
              112.95846,
              30.390153
            ],
            [
              112.958025,
              30.38913
            ],
            [
              112.95605,
              30.385879
            ],
            [
              112.95456,
              30.385883
            ],
            [
              112.954691,
              30.388072
            ],
            [
              112.955124,
              30.388042
            ],
            [
              112.955194,
              30.389294
            ],
            [
              112.952801,
              30.38933
            ],
            [
              112.952711,
              30.388909
            ],
            [
              112.95137,
              30.388929
            ],
            [
              112.951649,
              30.385135
            ],
            [
              112.9518,
              30.38328
            ],
            [
              112.951501,
              30.382176
            ],
            [
              112.952518,
              30.380275
            ],
            [
              112.95373,
              30.378978
            ],
            [
              112.95486,
              30.377286
            ],
            [
              112.955642,
              30.376434
            ],
            [
              112.957012,
              30.372197
            ],
            [
              112.956832,
              30.371989
            ],
            [
              112.955836,
              30.371389
            ],
            [
              112.956001,
              30.37073
            ],
            [
              112.956171,
              30.370553
            ],
            [
              112.956158,
              30.370493
            ],
            [
              112.955057,
              30.369048
            ],
            [
              112.955668,
              30.368386
            ],
            [
              112.955667,
              30.368324
            ],
            [
              112.955762,
              30.368158
            ],
            [
              112.954554,
              30.367344
            ],
            [
              112.954829,
              30.366225
            ],
            [
              112.956138,
              30.364897
            ],
            [
              112.958026,
              30.364119
            ],
            [
              112.961852,
              30.361295
            ],
            [
              112.965141,
              30.359409
            ],
            [
              112.96684,
              30.357859
            ],
            [
              112.966843,
              30.357725
            ],
            [
              112.96477,
              30.356451
            ],
            [
              112.964425,
              30.356761
            ],
            [
              112.964327,
              30.357278
            ],
            [
              112.963852,
              30.357872
            ],
            [
              112.960896,
              30.360144
            ],
            [
              112.95965,
              30.359668
            ],
            [
              112.960213,
              30.358946
            ],
            [
              112.964353,
              30.354531
            ],
            [
              112.964417,
              30.353844
            ],
            [
              112.96515,
              30.353795
            ],
            [
              112.965462,
              30.354541
            ],
            [
              112.966328,
              30.354598
            ],
            [
              112.966439,
              30.354737
            ],
            [
              112.966392,
              30.355066
            ],
            [
              112.965991,
              30.35533
            ],
            [
              112.965393,
              30.356489
            ],
            [
              112.965667,
              30.356672
            ],
            [
              112.969867,
              30.353091
            ],
            [
              112.970431,
              30.353367
            ],
            [
              112.971435,
              30.352032
            ],
            [
              112.973382,
              30.350421
            ],
            [
              112.975596,
              30.349402
            ],
            [
              112.980149,
              30.348995
            ],
            [
              112.983026,
              30.348797
            ],
            [
              112.983229,
              30.348485
            ],
            [
              112.983352,
              30.347009
            ],
            [
              112.98382,
              30.345957
            ],
            [
              112.983729,
              30.345554
            ],
            [
              112.98114,
              30.345065
            ],
            [
              112.977747,
              30.343999
            ],
            [
              112.976994,
              30.343258
            ],
            [
              112.977065,
              30.34257
            ],
            [
              112.977495,
              30.342447
            ],
            [
              112.977515,
              30.342094
            ],
            [
              112.977812,
              30.34209
            ],
            [
              112.977826,
              30.341457
            ],
            [
              112.978258,
              30.341403
            ],
            [
              112.97825,
              30.341005
            ],
            [
              112.977657,
              30.341084
            ],
            [
              112.977545,
              30.340898
            ],
            [
              112.97555,
              30.34121
            ],
            [
              112.975462,
              30.340859
            ],
            [
              112.974491,
              30.340944
            ],
            [
              112.974526,
              30.341366
            ],
            [
              112.974121,
              30.341395
            ],
            [
              112.974112,
              30.34095
            ],
            [
              112.972788,
              30.34097
            ],
            [
              112.972439,
              30.339756
            ],
            [
              112.970515,
              30.339527
            ],
            [
              112.97045,
              30.338965
            ],
            [
              112.969772,
              30.338858
            ],
            [
              112.969763,
              30.338436
            ],
            [
              112.969167,
              30.338375
            ],
            [
              112.968804,
              30.33362
            ],
            [
              112.969875,
              30.333653
            ],
            [
              112.971045,
              30.333778
            ],
            [
              112.970955,
              30.332574
            ],
            [
              112.970603,
              30.331375
            ],
            [
              112.970509,
              30.330362
            ],
            [
              112.971118,
              30.329751
            ],
            [
              112.971179,
              30.327341
            ],
            [
              112.971208,
              30.326961
            ],
            [
              112.971567,
              30.326638
            ],
            [
              112.971683,
              30.325147
            ],
            [
              112.971778,
              30.324417
            ],
            [
              112.973156,
              30.323889
            ],
            [
              112.974107,
              30.323938
            ],
            [
              112.974364,
              30.323998
            ],
            [
              112.974018,
              30.323147
            ],
            [
              112.973609,
              30.322615
            ],
            [
              112.977084,
              30.32108
            ],
            [
              112.97481,
              30.315308
            ],
            [
              112.974915,
              30.315053
            ],
            [
              112.973098,
              30.311911
            ],
            [
              112.972968,
              30.310867
            ],
            [
              112.97321,
              30.310167
            ],
            [
              112.973392,
              30.310164
            ],
            [
              112.973852,
              30.311234
            ],
            [
              112.974671,
              30.312014
            ],
            [
              112.974998,
              30.311946
            ],
            [
              112.974509,
              30.311224
            ],
            [
              112.974616,
              30.311064
            ],
            [
              112.975505,
              30.311716
            ],
            [
              112.976014,
              30.311582
            ],
            [
              112.976052,
              30.311645
            ],
            [
              112.976851,
              30.311443
            ],
            [
              112.977114,
              30.311787
            ],
            [
              112.978609,
              30.311669
            ],
            [
              112.979248,
              30.312579
            ],
            [
              112.981526,
              30.311435
            ],
            [
              112.981819,
              30.311462
            ],
            [
              112.982007,
              30.311745
            ],
            [
              112.982265,
              30.311836
            ],
            [
              112.990532,
              30.310665
            ],
            [
              112.990379,
              30.310287
            ],
            [
              112.996996,
              30.306223
            ],
            [
              112.998591,
              30.306422
            ],
            [
              112.99887,
              30.305752
            ],
            [
              113.000739,
              30.302822
            ],
            [
              113.002308,
              30.303878
            ],
            [
              113.002477,
              30.303876
            ],
            [
              113.002742,
              30.302003
            ],
            [
              113.002022,
              30.3014
            ],
            [
              113.003794,
              30.299153
            ],
            [
              113.004732,
              30.29727
            ],
            [
              113.005073,
              30.297469
            ],
            [
              113.00623,
              30.296429
            ],
            [
              113.00619,
              30.296138
            ],
            [
              113.007047,
              30.295248
            ],
            [
              113.0066,
              30.294788
            ],
            [
              113.006858,
              30.294612
            ],
            [
              113.006788,
              30.294084
            ],
            [
              113.001996,
              30.286856
            ],
            [
              113.002956,
              30.286052
            ],
            [
              113.003084,
              30.285729
            ],
            [
              113.000893,
              30.283893
            ],
            [
              113.001589,
              30.283357
            ],
            [
              113.000784,
              30.28185
            ],
            [
              113.001844,
              30.281016
            ],
            [
              113.000687,
              30.27853
            ],
            [
              113.002406,
              30.273881
            ],
            [
              113.002793,
              30.273811
            ],
            [
              113.003119,
              30.272696
            ],
            [
              113.004447,
              30.27166
            ],
            [
              113.00525,
              30.271443
            ],
            [
              113.005789,
              30.271464
            ],
            [
              113.007288,
              30.270711
            ],
            [
              113.007175,
              30.270128
            ],
            [
              113.007742,
              30.269886
            ],
            [
              113.008106,
              30.269559
            ],
            [
              113.007985,
              30.265297
            ],
            [
              113.008241,
              30.26465
            ],
            [
              113.014897,
              30.260951
            ],
            [
              113.016052,
              30.259915
            ],
            [
              113.015704,
              30.259366
            ],
            [
              113.015795,
              30.258897
            ],
            [
              113.016995,
              30.256688
            ],
            [
              113.017602,
              30.255102
            ],
            [
              113.017327,
              30.254843
            ],
            [
              113.013973,
              30.253668
            ],
            [
              113.013773,
              30.253759
            ],
            [
              113.01292,
              30.258123
            ],
            [
              113.01255,
              30.258158
            ],
            [
              113.012166,
              30.259128
            ],
            [
              113.01115,
              30.258793
            ],
            [
              113.010815,
              30.258857
            ],
            [
              113.010936,
              30.259848
            ],
            [
              113.011518,
              30.260306
            ],
            [
              113.011521,
              30.260482
            ],
            [
              113.01085,
              30.26055
            ],
            [
              113.010792,
              30.261048
            ],
            [
              113.010324,
              30.261172
            ],
            [
              113.010423,
              30.262718
            ],
            [
              113.008426,
              30.2638
            ],
            [
              113.00777,
              30.264628
            ],
            [
              113.002263,
              30.265779
            ],
            [
              113.001028,
              30.265695
            ],
            [
              113.000823,
              30.265523
            ],
            [
              113.001305,
              30.264509
            ],
            [
              113.001408,
              30.261676
            ],
            [
              113.000967,
              30.260496
            ],
            [
              113.000081,
              30.258944
            ],
            [
              112.999674,
              30.257567
            ],
            [
              112.999457,
              30.255313
            ],
            [
              112.998713,
              30.252309
            ],
            [
              112.999383,
              30.249012
            ],
            [
              112.999774,
              30.248107
            ],
            [
              113.002084,
              30.247889
            ],
            [
              113.001436,
              30.244109
            ],
            [
              112.998915,
              30.244924
            ],
            [
              112.996913,
              30.239975
            ],
            [
              112.996885,
              30.238308
            ],
            [
              112.996116,
              30.235316
            ],
            [
              112.994735,
              30.232315
            ],
            [
              112.995421,
              30.228614
            ],
            [
              112.996147,
              30.226066
            ],
            [
              112.998577,
              30.226337
            ],
            [
              112.998969,
              30.224202
            ],
            [
              113.000061,
              30.22428
            ],
            [
              113.000055,
              30.222671
            ],
            [
              112.999564,
              30.222608
            ],
            [
              112.999867,
              30.221468
            ],
            [
              112.998132,
              30.221849
            ],
            [
              112.998869,
              30.217911
            ],
            [
              112.999753,
              30.218513
            ],
            [
              113.000053,
              30.218508
            ],
            [
              113.00061,
              30.217766
            ],
            [
              113.000359,
              30.21751
            ],
            [
              113.001284,
              30.216849
            ],
            [
              113.003806,
              30.219546
            ],
            [
              113.003321,
              30.220739
            ],
            [
              113.003042,
              30.221699
            ],
            [
              113.00319,
              30.221998
            ],
            [
              113.00346,
              30.22191
            ],
            [
              113.004514,
              30.220077
            ],
            [
              113.004913,
              30.219984
            ],
            [
              113.005974,
              30.222822
            ],
            [
              113.012558,
              30.221206
            ],
            [
              113.011336,
              30.2171
            ],
            [
              113.012656,
              30.216876
            ],
            [
              113.010924,
              30.214658
            ],
            [
              113.013766,
              30.213352
            ],
            [
              113.013452,
              30.212451
            ],
            [
              113.013057,
              30.210394
            ],
            [
              113.013253,
              30.210356
            ],
            [
              113.014544,
              30.198512
            ],
            [
              113.017743,
              30.196454
            ],
            [
              113.02402,
              30.199015
            ],
            [
              113.024726,
              30.197674
            ],
            [
              113.025046,
              30.197752
            ],
            [
              113.025689,
              30.19644
            ],
            [
              113.02604,
              30.196435
            ],
            [
              113.027101,
              30.193703
            ],
            [
              113.024486,
              30.192263
            ],
            [
              113.0248547,
              30.1911252
            ],
            [
              113.0296826,
              30.1929892
            ],
            [
              113.0348003,
              30.1936568
            ],
            [
              113.0360556,
              30.1937403
            ],
            [
              113.0375254,
              30.1936383
            ],
            [
              113.0404866,
              30.1929521
            ],
            [
              113.0481565,
              30.1894186
            ],
            [
              113.0544673,
              30.1843879
            ],
            [
              113.0565978,
              30.1810776
            ],
            [
              113.0612306,
              30.1689139
            ],
            [
              113.065273,
              30.1643624
            ],
            [
              113.0725388,
              30.1603277
            ],
            [
              113.0782087,
              30.1552766
            ],
            [
              113.0850009,
              30.1498256
            ],
            [
              113.0884643,
              30.148766
            ],
            [
              113.0930101,
              30.1487956
            ],
            [
              113.1048418,
              30.1525024
            ],
            [
              113.1116192,
              30.1545575
            ],
            [
              113.1170875,
              30.1535416
            ],
            [
              113.1250683,
              30.1496407
            ],
            [
              113.1271349,
              30.1474806
            ],
            [
              113.1291828,
              30.1453416
            ],
            [
              113.1327395,
              30.1443164
            ],
            [
              113.136103,
              30.1452415
            ],
            [
              113.1401339,
              30.1449057
            ],
            [
              113.1459621,
              30.1437197
            ],
            [
              113.1491929,
              30.1440138
            ],
            [
              113.152276,
              30.145495
            ],
            [
              113.1563635,
              30.1465385
            ],
            [
              113.1655192,
              30.1489668
            ],
            [
              113.1730222,
              30.1509299
            ],
            [
              113.1771946,
              30.1518987
            ],
            [
              113.1821097,
              30.151301
            ],
            [
              113.1856628,
              30.1528537
            ],
            [
              113.1895209,
              30.1546885
            ],
            [
              113.1957195,
              30.1555874
            ],
            [
              113.200475,
              30.1572575
            ],
            [
              113.2075651,
              30.1594231
            ],
            [
              113.2113742,
              30.1597256
            ],
            [
              113.2133945,
              30.1585835
            ],
            [
              113.2156051,
              30.1576607
            ],
            [
              113.2208388,
              30.1574944
            ],
            [
              113.2267009,
              30.1547933
            ],
            [
              113.2322602,
              30.1526053
            ],
            [
              113.2367613,
              30.1526053
            ],
            [
              113.2431043,
              30.1554639
            ],
            [
              113.2463623,
              30.1557992
            ],
            [
              113.2550975,
              30.1546014
            ],
            [
              113.2615569,
              30.1549339
            ],
            [
              113.2692517,
              30.1544349
            ],
            [
              113.2756264,
              30.1546674
            ],
            [
              113.2964292,
              30.1582914
            ],
            [
              113.3100333,
              30.1615809
            ],
            [
              113.3204759,
              30.1671573
            ],
            [
              113.3266181,
              30.1734299
            ],
            [
              113.3317296,
              30.1808721
            ],
            [
              113.3336097,
              30.1840893
            ],
            [
              113.3346069,
              30.1871724
            ],
            [
              113.3356876,
              30.1919101
            ],
            [
              113.3376333,
              30.193861
            ],
            [
              113.3408929,
              30.1956721
            ],
            [
              113.3442344,
              30.1958736
            ],
            [
              113.3496205,
              30.1948544
            ],
            [
              113.3589056,
              30.1938453
            ],
            [
              113.3634055,
              30.1947128
            ],
            [
              113.3674237,
              30.196441
            ],
            [
              113.369185,
              30.1968638
            ],
            [
              113.3712389,
              30.1963567
            ],
            [
              113.3780501,
              30.1925954
            ],
            [
              113.382713,
              30.189272
            ],
            [
              113.3885839,
              30.1825997
            ],
            [
              113.3997838,
              30.1773123
            ],
            [
              113.4087324,
              30.1704932
            ],
            [
              113.4139016,
              30.1682237
            ],
            [
              113.4243762,
              30.1680829
            ],
            [
              113.4269684,
              30.1683896
            ],
            [
              113.4299995,
              30.1678416
            ],
            [
              113.4332014,
              30.1650024
            ],
            [
              113.441051,
              30.1572526
            ],
            [
              113.4537143,
              30.1529527
            ],
            [
              113.4573181,
              30.1511585
            ],
            [
              113.4653665,
              30.1448358
            ],
            [
              113.4660575,
              30.142864
            ],
            [
              113.4657288,
              30.1420824
            ],
            [
              113.4645811,
              30.141553
            ],
            [
              113.4644345,
              30.1407453
            ],
            [
              113.4644719,
              30.1398875
            ],
            [
              113.4652548,
              30.1387647
            ],
            [
              113.4658335,
              30.1374469
            ],
            [
              113.4666534,
              30.1361771
            ],
            [
              113.4688862,
              30.1342627
            ],
            [
              113.4698818,
              30.1329965
            ],
            [
              113.4709167,
              30.1294494
            ],
            [
              113.4724348,
              30.1287929
            ],
            [
              113.4732258,
              30.1281602
            ],
            [
              113.4742116,
              30.1264214
            ],
            [
              113.4752582,
              30.1252648
            ],
            [
              113.4754577,
              30.1245226
            ],
            [
              113.4751493,
              30.1193713
            ],
            [
              113.4754493,
              30.1181387
            ],
            [
              113.4786326,
              30.1159245
            ],
            [
              113.4857265,
              30.1128092
            ],
            [
              113.4902011,
              30.108039
            ],
            [
              113.4935846,
              30.1064756
            ],
            [
              113.4982952,
              30.1032356
            ],
            [
              113.5016876,
              30.1005007
            ],
            [
              113.5038734,
              30.0989083
            ],
            [
              113.5075773,
              30.0975397
            ],
            [
              113.5103753,
              30.0950517
            ],
            [
              113.5123185,
              30.0909158
            ],
            [
              113.511959,
              30.0896025
            ],
            [
              113.5109164,
              30.0888674
            ],
            [
              113.5095414,
              30.0848353
            ],
            [
              113.510345,
              30.0801001
            ],
            [
              113.5140244,
              30.0758881
            ],
            [
              113.5162198,
              30.0745478
            ],
            [
              113.5238108,
              30.0708706
            ],
            [
              113.5280638,
              30.070539
            ],
            [
              113.530994,
              30.0707696
            ],
            [
              113.5332485,
              30.0727206
            ],
            [
              113.5352693,
              30.0742676
            ],
            [
              113.5380314,
              30.0749072
            ],
            [
              113.5401048,
              30.0750764
            ],
            [
              113.5467432,
              30.072204
            ],
            [
              113.548571,
              30.0719734
            ],
            [
              113.5522259,
              30.0722064
            ],
            [
              113.5553672,
              30.0722396
            ],
            [
              113.5645373,
              30.0768076
            ],
            [
              113.5685219,
              30.0771088
            ],
            [
              113.5772184,
              30.0784075
            ],
            [
              113.581247,
              30.0800011
            ],
            [
              113.5849932,
              30.0824741
            ],
            [
              113.5895111,
              30.083276
            ],
            [
              113.5917541,
              30.084213
            ],
            [
              113.6014019,
              30.0842464
            ],
            [
              113.6047347,
              30.0847104
            ],
            [
              113.6074369,
              30.0859797
            ],
            [
              113.6088842,
              30.0860654
            ],
            [
              113.6101127,
              30.0854806
            ],
            [
              113.6105257,
              30.0853738
            ],
            [
              113.6109761,
              30.08535
            ],
            [
              113.6117917,
              30.0853599
            ],
            [
              113.6125106,
              30.0855224
            ],
            [
              113.6153644,
              30.0862186
            ],
            [
              113.6174566,
              30.086836
            ],
            [
              113.6209702,
              30.0875461
            ],
            [
              113.6284214,
              30.0887901
            ],
            [
              113.631227,
              30.0893471
            ],
            [
              113.6366719,
              30.091199
            ],
            [
              113.6387345,
              30.0920298
            ],
            [
              113.64003,
              30.0923872
            ],
            [
              113.6408937,
              30.0924754
            ],
            [
              113.641634,
              30.0923733
            ],
            [
              113.6427283,
              30.0920298
            ],
            [
              113.6440962,
              30.091315
            ],
            [
              113.6450458,
              30.0905863
            ],
            [
              113.6471325,
              30.088428
            ],
            [
              113.6479908,
              30.0876761
            ],
            [
              113.6545193,
              30.0844826
            ],
            [
              113.6557156,
              30.0840509
            ],
            [
              113.6596906,
              30.0829276
            ],
            [
              113.6609405,
              30.0826537
            ],
            [
              113.6617559,
              30.0825934
            ],
            [
              113.6625659,
              30.0826909
            ],
            [
              113.6634457,
              30.0828905
            ],
            [
              113.6641163,
              30.0831133
            ],
            [
              113.6664337,
              30.0840463
            ],
            [
              113.6686438,
              30.085151
            ],
            [
              113.6712027,
              30.086265
            ],
            [
              113.672356,
              30.0868684
            ],
            [
              113.6730212,
              30.0874069
            ],
            [
              113.6740351,
              30.0886369
            ],
            [
              113.6767119,
              30.0926332
            ],
            [
              113.6777794,
              30.0939931
            ],
            [
              113.6784822,
              30.0946661
            ],
            [
              113.6796141,
              30.095469
            ],
            [
              113.6807138,
              30.0959703
            ],
            [
              113.681733,
              30.096272
            ],
            [
              113.6826879,
              30.0963741
            ],
            [
              113.6832565,
              30.0963602
            ],
            [
              113.6836213,
              30.0962813
            ],
            [
              113.6840343,
              30.0960724
            ],
            [
              113.6844259,
              30.0956269
            ],
            [
              113.6847451,
              30.0952602
            ],
            [
              113.6851448,
              30.0950003
            ],
            [
              113.6859924,
              30.094629
            ],
            [
              113.6875266,
              30.0942716
            ],
            [
              113.6977755,
              30.0957155
            ],
            [
              113.7009434,
              30.0971427
            ],
            [
              113.7042803,
              30.101316
            ],
            [
              113.706353,
              30.1056662
            ],
            [
              113.7069308,
              30.1122976
            ],
            [
              113.707779,
              30.116111
            ],
            [
              113.709348,
              30.118484
            ],
            [
              113.711102,
              30.119981
            ],
            [
              113.712893,
              30.120967
            ],
            [
              113.714301,
              30.121238
            ],
            [
              113.715945,
              30.121279
            ],
            [
              113.721303,
              30.12177
            ],
            [
              113.723218,
              30.120993
            ],
            [
              113.723926,
              30.120934
            ],
            [
              113.725264,
              30.121146
            ],
            [
              113.726642,
              30.121584
            ],
            [
              113.727853,
              30.122852
            ],
            [
              113.728027,
              30.123525
            ],
            [
              113.7280333,
              30.1251827
            ],
            [
              113.7274723,
              30.1267737
            ],
            [
              113.7267819,
              30.1278359
            ],
            [
              113.7256849,
              30.1288059
            ],
            [
              113.7255979,
              30.1294399
            ],
            [
              113.7260329,
              30.1301519
            ],
            [
              113.7260129,
              30.1306789
            ],
            [
              113.7256959,
              30.1311219
            ],
            [
              113.7255069,
              30.1317869
            ],
            [
              113.7254769,
              30.1325839
            ],
            [
              113.7262599,
              30.1340119
            ],
            [
              113.7289476,
              30.1368066
            ],
            [
              113.7295606,
              30.1370646
            ],
            [
              113.7302917,
              30.1372129
            ],
            [
              113.731091,
              30.1371433
            ],
            [
              113.7325716,
              30.1366701
            ],
            [
              113.7362355,
              30.1348793
            ],
            [
              113.7375981,
              30.1344339
            ],
            [
              113.7392396,
              30.1339839
            ],
            [
              113.7400228,
              30.1336777
            ],
            [
              113.7404787,
              30.1333854
            ],
            [
              113.7409347,
              30.1329864
            ],
            [
              113.7418359,
              30.1319054
            ],
            [
              113.7425011,
              30.1314182
            ],
            [
              113.7433648,
              30.1311028
            ],
            [
              113.7440944,
              30.1309496
            ],
            [
              113.7454784,
              30.1308986
            ],
            [
              113.745988,
              30.1308476
            ],
            [
              113.7464279,
              30.1307177
            ],
            [
              113.7469375,
              30.1304068
            ],
            [
              113.7473291,
              30.1299475
            ],
            [
              113.7483644,
              30.1272054
            ],
            [
              113.7489384,
              30.1260687
            ],
            [
              113.7505317,
              30.1245886
            ],
            [
              113.7513632,
              30.1240643
            ],
            [
              113.7529993,
              30.1235353
            ],
            [
              113.754968,
              30.1229924
            ],
            [
              113.7566096,
              30.1222361
            ],
            [
              113.7577951,
              30.1219113
            ],
            [
              113.7591308,
              30.1217489
            ],
            [
              113.7603003,
              30.1218
            ],
            [
              113.7614858,
              30.1219763
            ],
            [
              113.7629664,
              30.1224542
            ],
            [
              113.7637657,
              30.1229507
            ],
            [
              113.7640929,
              30.1234472
            ],
            [
              113.7641466,
              30.1239808
            ],
            [
              113.7639266,
              30.1245561
            ],
            [
              113.7637174,
              30.1250479
            ],
            [
              113.763724,
              30.125626
            ],
            [
              113.7640285,
              30.1261615
            ],
            [
              113.7645382,
              30.1265559
            ],
            [
              113.7650853,
              30.1267647
            ],
            [
              113.7657613,
              30.126825
            ],
            [
              113.7680733,
              30.1266487
            ],
            [
              113.7688029,
              30.1266719
            ],
            [
              113.7694144,
              30.126825
            ],
            [
              113.7698543,
              30.127159
            ],
            [
              113.7702888,
              30.1280916
            ],
            [
              113.7708253,
              30.1289778
            ],
            [
              113.7710253,
              30.1295556
            ],
            [
              113.7709803,
              30.1299016
            ],
            [
              113.7707931,
              30.130263
            ],
            [
              113.7703693,
              30.1306898
            ],
            [
              113.7700152,
              30.1311955
            ],
            [
              113.7699813,
              30.1316676
            ],
            [
              113.770144,
              30.1321235
            ],
            [
              113.7706107,
              30.1323972
            ],
            [
              113.7711686,
              30.1324668
            ],
            [
              113.7725419,
              30.1322812
            ],
            [
              113.7732392,
              30.1322534
            ],
            [
              113.773765,
              30.1323972
            ],
            [
              113.7741834,
              30.1328008
            ],
            [
              113.774693,
              30.13339
            ],
            [
              113.7751704,
              30.1336962
            ],
            [
              113.7755942,
              30.1337473
            ],
            [
              113.776195,
              30.1335663
            ],
            [
              113.7773806,
              30.1325271
            ],
            [
              113.7780726,
              30.1323925
            ],
            [
              113.7786895,
              30.1324946
            ],
            [
              113.7798482,
              30.1330467
            ],
            [
              113.780846,
              30.133339
            ],
            [
              113.7816507,
              30.1334318
            ],
            [
              113.7838769,
              30.1332694
            ],
            [
              113.7838554,
              30.1339932
            ],
            [
              113.7830883,
              30.1353061
            ],
            [
              113.783437,
              30.1368464
            ],
            [
              113.7840485,
              30.1392634
            ],
            [
              113.7840646,
              30.1410263
            ],
            [
              113.7838662,
              30.141982
            ],
            [
              113.7959683,
              30.1480775
            ],
            [
              113.8054097,
              30.1532171
            ],
            [
              113.8120079,
              30.1577767
            ],
            [
              113.8186812,
              30.1626932
            ],
            [
              113.8190567,
              30.1631431
            ],
            [
              113.8192338,
              30.1636208
            ],
            [
              113.8180482,
              30.1737822
            ],
            [
              113.8159346,
              30.1818605
            ],
            [
              113.815484,
              30.1825005
            ],
            [
              113.8147491,
              30.1834186
            ],
            [
              113.8164174,
              30.1944729
            ],
            [
              113.808085,
              30.2082442
            ],
            [
              113.8011899,
              30.2026679
            ],
            [
              113.762126,
              30.2167204
            ],
            [
              113.7604378,
              30.2198525
            ],
            [
              113.7605371,
              30.2219119
            ],
            [
              113.7595937,
              30.2254729
            ],
            [
              113.7580048,
              30.2279613
            ],
            [
              113.7529899,
              30.2304924
            ],
            [
              113.7521458,
              30.2324658
            ],
            [
              113.7509541,
              30.2349111
            ],
            [
              113.7514506,
              30.2364125
            ],
            [
              113.7617785,
              30.2478656
            ],
            [
              113.7651841,
              30.24963
            ],
            [
              113.7775902,
              30.2526269
            ],
            [
              113.7778498,
              30.2554298
            ],
            [
              113.7772559,
              30.2574611
            ],
            [
              113.7778468,
              30.2581288
            ],
            [
              113.7769268,
              30.2588754
            ],
            [
              113.7782683,
              30.260301
            ],
            [
              113.7787418,
              30.2608645
            ],
            [
              113.7791197,
              30.2621868
            ],
            [
              113.779824,
              30.2629221
            ],
            [
              113.7801355,
              30.2639549
            ],
            [
              113.7804902,
              30.2639142
            ],
            [
              113.7807131,
              30.2650319
            ],
            [
              113.7771391,
              30.2655723
            ],
            [
              113.77807,
              30.269086
            ],
            [
              113.7785465,
              30.270256
            ],
            [
              113.7792849,
              30.2713037
            ],
            [
              113.7814662,
              30.2743728
            ],
            [
              113.7817039,
              30.2748441
            ],
            [
              113.7829975,
              30.2780828
            ],
            [
              113.7832891,
              30.2793668
            ],
            [
              113.7834302,
              30.2797285
            ],
            [
              113.7859107,
              30.2803148
            ],
            [
              113.7863502,
              30.2805426
            ],
            [
              113.7866569,
              30.2808753
            ],
            [
              113.7863459,
              30.2816113
            ],
            [
              113.7868651,
              30.2817003
            ],
            [
              113.7870751,
              30.2817952
            ],
            [
              113.7872197,
              30.2818605
            ],
            [
              113.7879307,
              30.2832749
            ],
            [
              113.7882509,
              30.2831546
            ],
            [
              113.7916714,
              30.2818457
            ],
            [
              113.7946692,
              30.2806049
            ],
            [
              113.7969484,
              30.2789222
            ],
            [
              113.797254,
              30.279792
            ],
            [
              113.798246,
              30.281741
            ],
            [
              113.7987255,
              30.2826939
            ],
            [
              113.7978164,
              30.2848538
            ],
            [
              113.7897639,
              30.2855974
            ],
            [
              113.788213,
              30.2857354
            ],
            [
              113.7880767,
              30.2882125
            ],
            [
              113.7879893,
              30.2884023
            ],
            [
              113.7875322,
              30.2886512
            ],
            [
              113.7873083,
              30.288854
            ],
            [
              113.7870167,
              30.2889322
            ],
            [
              113.786901,
              30.2886686
            ],
            [
              113.7866162,
              30.2886027
            ],
            [
              113.7776776,
              30.287125
            ],
            [
              113.7751891,
              30.2869181
            ],
            [
              113.7732191,
              30.2865252
            ],
            [
              113.7715317,
              30.2861908
            ],
            [
              113.770831,
              30.2857568
            ],
            [
              113.7695897,
              30.285504
            ],
            [
              113.769445,
              30.2859067
            ],
            [
              113.7668178,
              30.286589
            ],
            [
              113.7655187,
              30.2868601
            ],
            [
              113.7602603,
              30.2880758
            ],
            [
              113.760158,
              30.289126
            ],
            [
              113.759417,
              30.29182
            ],
            [
              113.7585141,
              30.2918026
            ],
            [
              113.7582719,
              30.2949217
            ],
            [
              113.7576652,
              30.294873
            ],
            [
              113.757372,
              30.2951018
            ],
            [
              113.7573725,
              30.2981199
            ],
            [
              113.7561522,
              30.2981041
            ],
            [
              113.755904,
              30.302318
            ],
            [
              113.756034,
              30.303963
            ],
            [
              113.7565787,
              30.3040901
            ],
            [
              113.7591362,
              30.3045146
            ],
            [
              113.758848,
              30.305847
            ],
            [
              113.757032,
              30.309112
            ],
            [
              113.755535,
              30.31568
            ],
            [
              113.755498,
              30.316663
            ],
            [
              113.757459,
              30.317407
            ],
            [
              113.75686,
              30.320282
            ],
            [
              113.755745,
              30.322045
            ],
            [
              113.753709,
              30.324004
            ],
            [
              113.753635,
              30.324342
            ],
            [
              113.756028,
              30.325793
            ],
            [
              113.758216,
              30.327684
            ],
            [
              113.758262,
              30.327905
            ],
            [
              113.757435,
              30.3276
            ],
            [
              113.757076,
              30.327794
            ],
            [
              113.754078,
              30.329781
            ],
            [
              113.753443,
              30.330857
            ],
            [
              113.7486,
              30.334996
            ],
            [
              113.747956,
              30.335855
            ],
            [
              113.747343,
              30.336817
            ],
            [
              113.747353,
              30.337167
            ],
            [
              113.748008,
              30.337461
            ],
            [
              113.748171,
              30.33775
            ],
            [
              113.746019,
              30.339007
            ],
            [
              113.745662,
              30.339033
            ],
            [
              113.744999,
              30.338745
            ],
            [
              113.743497,
              30.338513
            ],
            [
              113.741254,
              30.339057
            ],
            [
              113.739715,
              30.340269
            ],
            [
              113.73854,
              30.341435
            ],
            [
              113.737811,
              30.342973
            ],
            [
              113.737104,
              30.345397
            ],
            [
              113.736624,
              30.346545
            ],
            [
              113.736736,
              30.347232
            ],
            [
              113.738187,
              30.349502
            ],
            [
              113.738028,
              30.350006
            ],
            [
              113.733759,
              30.353087
            ],
            [
              113.734049,
              30.353869
            ],
            [
              113.736382,
              30.355725
            ],
            [
              113.736829,
              30.355829
            ],
            [
              113.738054,
              30.355736
            ],
            [
              113.738747,
              30.356219
            ],
            [
              113.739995,
              30.357915
            ],
            [
              113.739696,
              30.3603
            ],
            [
              113.738693,
              30.362745
            ],
            [
              113.738747,
              30.36374
            ],
            [
              113.739468,
              30.365221
            ],
            [
              113.74033,
              30.366177
            ],
            [
              113.740687,
              30.367732
            ],
            [
              113.745178,
              30.368341
            ],
            [
              113.745384,
              30.368803
            ],
            [
              113.744328,
              30.370463
            ],
            [
              113.743433,
              30.3725
            ],
            [
              113.743543,
              30.372701
            ],
            [
              113.7445922,
              30.3730696
            ],
            [
              113.7454274,
              30.3739014
            ],
            [
              113.7471555,
              30.3740123
            ],
            [
              113.74745,
              30.3750313
            ],
            [
              113.747501,
              30.375316
            ],
            [
              113.748105,
              30.377892
            ],
            [
              113.748053,
              30.378325
            ],
            [
              113.741928,
              30.37872
            ],
            [
              113.735044,
              30.3792264
            ],
            [
              113.73476,
              30.37448
            ],
            [
              113.725577,
              30.376484
            ],
            [
              113.720325,
              30.376789
            ],
            [
              113.717099,
              30.377562
            ],
            [
              113.714382,
              30.378817
            ],
            [
              113.7111573,
              30.3791091
            ],
            [
              113.710827,
              30.379139
            ],
            [
              113.708522,
              30.379206
            ],
            [
              113.705717,
              30.379517
            ],
            [
              113.704687,
              30.38101
            ],
            [
              113.704092,
              30.381227
            ],
            [
              113.703293,
              30.380855
            ],
            [
              113.702701,
              30.380925
            ],
            [
              113.700968,
              30.383536
            ],
            [
              113.700811,
              30.38356
            ],
            [
              113.700253,
              30.383209
            ],
            [
              113.698672,
              30.382878
            ],
            [
              113.698269,
              30.383029
            ],
            [
              113.697603,
              30.383625
            ],
            [
              113.697541,
              30.384375
            ],
            [
              113.697749,
              30.384528
            ],
            [
              113.698771,
              30.383658
            ],
            [
              113.699229,
              30.383648
            ],
            [
              113.69963,
              30.384098
            ],
            [
              113.699197,
              30.385864
            ],
            [
              113.699223,
              30.386511
            ],
            [
              113.699596,
              30.386847
            ],
            [
              113.7028751,
              30.3916745
            ],
            [
              113.701865,
              30.3922275
            ],
            [
              113.7002475,
              30.392124
            ],
            [
              113.7000271,
              30.3931931
            ],
            [
              113.6977882,
              30.3931289
            ],
            [
              113.6977414,
              30.3924583
            ],
            [
              113.6956209,
              30.3923098
            ],
            [
              113.6927598,
              30.3921103
            ],
            [
              113.6925035,
              30.3922516
            ],
            [
              113.692483,
              30.392486
            ],
            [
              113.691983,
              30.393734
            ],
            [
              113.691512,
              30.393924
            ],
            [
              113.689588,
              30.393113
            ],
            [
              113.688542,
              30.392903
            ],
            [
              113.688392,
              30.393962
            ],
            [
              113.688163,
              30.394276
            ],
            [
              113.687685,
              30.394183
            ],
            [
              113.68734,
              30.39352
            ],
            [
              113.686867,
              30.393633
            ],
            [
              113.684261,
              30.392888
            ],
            [
              113.683452,
              30.393729
            ],
            [
              113.68249,
              30.393336
            ],
            [
              113.681939,
              30.394945
            ],
            [
              113.678388,
              30.394425
            ],
            [
              113.674888,
              30.393595
            ],
            [
              113.674681,
              30.393651
            ],
            [
              113.672205,
              30.398778
            ],
            [
              113.671551,
              30.399874
            ],
            [
              113.671287,
              30.400008
            ],
            [
              113.668327,
              30.400455
            ],
            [
              113.663418,
              30.406868
            ],
            [
              113.659875,
              30.412172
            ],
            [
              113.659394,
              30.411975
            ],
            [
              113.658963,
              30.412525
            ],
            [
              113.657974,
              30.41221
            ],
            [
              113.657859,
              30.412367
            ],
            [
              113.658225,
              30.412695
            ],
            [
              113.658293,
              30.413028
            ],
            [
              113.658504,
              30.413127
            ],
            [
              113.658423,
              30.413438
            ],
            [
              113.657798,
              30.413399
            ],
            [
              113.656445,
              30.416132
            ],
            [
              113.656057,
              30.416089
            ],
            [
              113.65487,
              30.418355
            ],
            [
              113.654876,
              30.418586
            ],
            [
              113.655855,
              30.419107
            ],
            [
              113.655596,
              30.419471
            ],
            [
              113.654314,
              30.421963
            ],
            [
              113.65412,
              30.421991
            ],
            [
              113.63199,
              30.416654
            ],
            [
              113.62796,
              30.413849
            ],
            [
              113.627192,
              30.414019
            ],
            [
              113.623006,
              30.418233
            ],
            [
              113.622059,
              30.41885
            ],
            [
              113.620933,
              30.419198
            ],
            [
              113.615672,
              30.419957
            ],
            [
              113.615164,
              30.42019
            ],
            [
              113.615229,
              30.424769
            ],
            [
              113.615361,
              30.42541
            ],
            [
              113.61571,
              30.42565
            ],
            [
              113.616542,
              30.425807
            ],
            [
              113.617525,
              30.426233
            ],
            [
              113.618089,
              30.427013
            ],
            [
              113.618736,
              30.42871
            ],
            [
              113.619181,
              30.430559
            ],
            [
              113.619247,
              30.431478
            ],
            [
              113.618745,
              30.432192
            ],
            [
              113.617261,
              30.432745
            ],
            [
              113.616834,
              30.433114
            ],
            [
              113.616609,
              30.434057
            ],
            [
              113.616997,
              30.436107
            ],
            [
              113.61829,
              30.438535
            ],
            [
              113.618267,
              30.439221
            ],
            [
              113.617847,
              30.439861
            ],
            [
              113.615947,
              30.441252
            ],
            [
              113.615854,
              30.442427
            ],
            [
              113.615974,
              30.443128
            ],
            [
              113.61646,
              30.444155
            ],
            [
              113.616956,
              30.444797
            ],
            [
              113.619752,
              30.443776
            ],
            [
              113.620077,
              30.443718
            ],
            [
              113.621437,
              30.446757
            ],
            [
              113.621963,
              30.448602
            ],
            [
              113.62276,
              30.451729
            ],
            [
              113.622645,
              30.451886
            ],
            [
              113.621612,
              30.452191
            ],
            [
              113.622054,
              30.453135
            ],
            [
              113.623572,
              30.453156
            ],
            [
              113.623675,
              30.453695
            ],
            [
              113.624066,
              30.453842
            ],
            [
              113.623964,
              30.454488
            ],
            [
              113.62392,
              30.456177
            ],
            [
              113.624682,
              30.456362
            ],
            [
              113.625533,
              30.457203
            ],
            [
              113.625392,
              30.461133
            ],
            [
              113.624029,
              30.461341
            ],
            [
              113.623947,
              30.4616
            ],
            [
              113.624354,
              30.462365
            ],
            [
              113.624797,
              30.462253
            ],
            [
              113.625132,
              30.46253
            ],
            [
              113.625732,
              30.462724
            ],
            [
              113.62598,
              30.463106
            ],
            [
              113.626577,
              30.463197
            ],
            [
              113.626769,
              30.463682
            ],
            [
              113.627394,
              30.463696
            ],
            [
              113.627524,
              30.465213
            ],
            [
              113.630143,
              30.464155
            ],
            [
              113.630383,
              30.464254
            ],
            [
              113.632398,
              30.467279
            ],
            [
              113.632732,
              30.46753
            ],
            [
              113.635571,
              30.470204
            ],
            [
              113.635576,
              30.47041
            ],
            [
              113.632396,
              30.472716
            ],
            [
              113.630545,
              30.47247
            ],
            [
              113.629605,
              30.47282
            ],
            [
              113.629058,
              30.472415
            ],
            [
              113.632307,
              30.47004
            ],
            [
              113.631064,
              30.469109
            ],
            [
              113.620857,
              30.481122
            ],
            [
              113.62081,
              30.481486
            ],
            [
              113.62354,
              30.483872
            ],
            [
              113.623872,
              30.484212
            ],
            [
              113.623242,
              30.484834
            ],
            [
              113.623562,
              30.486823
            ],
            [
              113.623379,
              30.487124
            ],
            [
              113.621094,
              30.48712
            ],
            [
              113.620071,
              30.487322
            ],
            [
              113.619427,
              30.488143
            ],
            [
              113.618,
              30.489607
            ],
            [
              113.616443,
              30.489787
            ],
            [
              113.6148621,
              30.4907268
            ],
            [
              113.614171,
              30.490294
            ],
            [
              113.614066,
              30.4899
            ],
            [
              113.612838,
              30.488837
            ],
            [
              113.613416,
              30.48767
            ],
            [
              113.612348,
              30.486884
            ],
            [
              113.612413,
              30.48647
            ],
            [
              113.610214,
              30.484717
            ],
            [
              113.609595,
              30.485059
            ],
            [
              113.609015,
              30.484724
            ],
            [
              113.608541,
              30.484816
            ],
            [
              113.60821,
              30.484542
            ],
            [
              113.607795,
              30.484683
            ],
            [
              113.607442,
              30.48431
            ],
            [
              113.608568,
              30.483678
            ],
            [
              113.608676,
              30.483445
            ],
            [
              113.6059,
              30.482181
            ],
            [
              113.605897,
              30.479905
            ],
            [
              113.605056,
              30.47979
            ],
            [
              113.604929,
              30.479314
            ],
            [
              113.60378,
              30.479057
            ],
            [
              113.603423,
              30.477811
            ],
            [
              113.603135,
              30.477734
            ],
            [
              113.60231,
              30.478921
            ],
            [
              113.600955,
              30.478816
            ],
            [
              113.600907,
              30.479131
            ],
            [
              113.601907,
              30.479507
            ],
            [
              113.602584,
              30.480647
            ],
            [
              113.599844,
              30.480686
            ],
            [
              113.599448,
              30.480858
            ],
            [
              113.599347,
              30.482064
            ],
            [
              113.599217,
              30.482182
            ],
            [
              113.596538,
              30.482417
            ],
            [
              113.596617,
              30.48324
            ],
            [
              113.59611,
              30.483498
            ],
            [
              113.595868,
              30.483717
            ],
            [
              113.595247,
              30.483993
            ],
            [
              113.594095,
              30.483637
            ],
            [
              113.593698,
              30.483744
            ],
            [
              113.593326,
              30.48479
            ],
            [
              113.593542,
              30.485033
            ],
            [
              113.595083,
              30.484986
            ],
            [
              113.595582,
              30.485141
            ],
            [
              113.595636,
              30.485999
            ],
            [
              113.595081,
              30.486741
            ],
            [
              113.594985,
              30.488451
            ],
            [
              113.593198,
              30.490713
            ],
            [
              113.593302,
              30.491057
            ],
            [
              113.594153,
              30.490642
            ],
            [
              113.594488,
              30.491248
            ],
            [
              113.594794,
              30.492726
            ],
            [
              113.594688,
              30.493767
            ],
            [
              113.59389,
              30.494542
            ],
            [
              113.592425,
              30.494604
            ],
            [
              113.589715,
              30.493652
            ],
            [
              113.586581,
              30.491834
            ],
            [
              113.584292,
              30.489521
            ],
            [
              113.581643,
              30.487265
            ],
            [
              113.579142,
              30.485583
            ],
            [
              113.575908,
              30.484278
            ],
            [
              113.569087,
              30.48339
            ],
            [
              113.562917,
              30.482637
            ],
            [
              113.560738,
              30.481608
            ],
            [
              113.559067,
              30.480338
            ],
            [
              113.55779,
              30.478829
            ],
            [
              113.555715,
              30.475176
            ],
            [
              113.553456,
              30.469629
            ],
            [
              113.55148,
              30.466122
            ],
            [
              113.546958,
              30.46062
            ],
            [
              113.543421,
              30.457852
            ],
            [
              113.540919,
              30.455312
            ],
            [
              113.539728,
              30.453455
            ],
            [
              113.539393,
              30.452258
            ],
            [
              113.537372,
              30.446987
            ],
            [
              113.536998,
              30.445064
            ],
            [
              113.536897,
              30.435996
            ],
            [
              113.536668,
              30.433032
            ],
            [
              113.535634,
              30.429852
            ],
            [
              113.534631,
              30.427843
            ],
            [
              113.531987,
              30.424959
            ],
            [
              113.529527,
              30.423275
            ],
            [
              113.526889,
              30.422089
            ],
            [
              113.523575,
              30.421263
            ],
            [
              113.519972,
              30.421002
            ],
            [
              113.516471,
              30.421004
            ],
            [
              113.51352,
              30.420203
            ],
            [
              113.509478,
              30.418434
            ],
            [
              113.508278,
              30.417632
            ],
            [
              113.504646,
              30.414783
            ],
            [
              113.503032,
              30.412653
            ],
            [
              113.500627,
              30.410608
            ],
            [
              113.497882,
              30.407333
            ],
            [
              113.496742,
              30.405426
            ],
            [
              113.495405,
              30.402615
            ],
            [
              113.494737,
              30.400358
            ],
            [
              113.494525,
              30.398887
            ],
            [
              113.494681,
              30.394724
            ],
            [
              113.495534,
              30.390509
            ],
            [
              113.495449,
              30.388885
            ],
            [
              113.494991,
              30.386322
            ],
            [
              113.49417,
              30.3849
            ],
            [
              113.492524,
              30.383646
            ],
            [
              113.491197,
              30.382914
            ],
            [
              113.490273,
              30.382629
            ],
            [
              113.488217,
              30.382404
            ],
            [
              113.484793,
              30.383263
            ],
            [
              113.481909,
              30.384793
            ],
            [
              113.479301,
              30.386923
            ],
            [
              113.476754,
              30.389732
            ],
            [
              113.472638,
              30.394311
            ],
            [
              113.470058,
              30.395835
            ],
            [
              113.466378,
              30.396964
            ],
            [
              113.464244,
              30.397117
            ],
            [
              113.463059,
              30.396837
            ],
            [
              113.461468,
              30.396035
            ],
            [
              113.4603594,
              30.3956185
            ],
            [
              113.4590561,
              30.3939006
            ],
            [
              113.4583332,
              30.3920677
            ],
            [
              113.4585822,
              30.3862685
            ],
            [
              113.4566286,
              30.3820554
            ],
            [
              113.4532537,
              30.3801838
            ],
            [
              113.4483824,
              30.3808141
            ],
            [
              113.4424643,
              30.3837923
            ],
            [
              113.441584,
              30.3845517
            ],
            [
              113.4367853,
              30.3886912
            ],
            [
              113.4345724,
              30.3930585
            ],
            [
              113.4319902,
              30.3974017
            ],
            [
              113.4269349,
              30.3989669
            ],
            [
              113.420256,
              30.3995208
            ],
            [
              113.4141227,
              30.3979779
            ],
            [
              113.4122211,
              30.3977435
            ],
            [
              113.4097302,
              30.3974367
            ],
            [
              113.404827,
              30.39928
            ],
            [
              113.4001435,
              30.4020095
            ],
            [
              113.3912178,
              30.4095977
            ],
            [
              113.3865665,
              30.4113247
            ],
            [
              113.377274,
              30.411215
            ],
            [
              113.3695685,
              30.414307
            ],
            [
              113.3593747,
              30.4224544
            ],
            [
              113.3516232,
              30.4259042
            ],
            [
              113.3411247,
              30.4280597
            ],
            [
              113.3306135,
              30.4269807
            ],
            [
              113.3222527,
              30.4231757
            ],
            [
              113.3216644,
              30.422908
            ],
            [
              113.3145289,
              30.4224837
            ],
            [
              113.3013802,
              30.4265483
            ],
            [
              113.2869316,
              30.4304148
            ],
            [
              113.268493,
              30.4314889
            ],
            [
              113.2533148,
              30.4304163
            ],
            [
              113.2432543,
              30.4302799
            ],
            [
              113.2283111,
              30.4300773
            ],
            [
              113.2149485,
              30.4285296
            ],
            [
              113.206789,
              30.4257839
            ],
            [
              113.2007041,
              30.4249376
            ],
            [
              113.1966012,
              30.4269592
            ],
            [
              113.1924788,
              30.4303446
            ],
            [
              113.1906987,
              30.4369953
            ],
            [
              113.1886957,
              30.4423491
            ],
            [
              113.1852729,
              30.4458206
            ],
            [
              113.1788513,
              30.4494537
            ],
            [
              113.1723993,
              30.4503227
            ],
            [
              113.1679286,
              30.4489213
            ],
            [
              113.1637128,
              30.4442484
            ],
            [
              113.1599267,
              30.4390945
            ],
            [
              113.1563776,
              30.4339945
            ],
            [
              113.1521332,
              30.4326637
            ],
            [
              113.1480753,
              30.4343298
            ],
            [
              113.1451138,
              30.4387556
            ],
            [
              113.1403099,
              30.4442778
            ],
            [
              113.13412,
              30.4473763
            ],
            [
              113.1299915,
              30.4500881
            ],
            [
              113.127016,
              30.4565862
            ],
            [
              113.1188682,
              30.4654937
            ],
            [
              113.1178908,
              30.4693689
            ],
            [
              113.1188754,
              30.4732724
            ],
            [
              113.1212721,
              30.4798135
            ],
            [
              113.1206631,
              30.4843613
            ],
            [
              113.1163949,
              30.4878644
            ],
            [
              113.1133598,
              30.488238
            ],
            [
              113.1124699,
              30.4883476
            ],
            [
              113.110741,
              30.4885604
            ],
            [
              113.1005182,
              30.4873512
            ],
            [
              113.0941168,
              30.4828691
            ],
            [
              113.0867693,
              30.4784196
            ],
            [
              113.0794503,
              30.47501
            ],
            [
              113.0706116,
              30.4743329
            ],
            [
              113.0649421,
              30.478545
            ],
            [
              113.0629741,
              30.484651
            ],
            [
              113.0629741,
              30.490416
            ],
            [
              113.0675309,
              30.497074
            ],
            [
              113.0703298,
              30.5027586
            ],
            [
              113.0715349,
              30.5093342
            ],
            [
              113.0695021,
              30.5137126
            ],
            [
              113.0668091,
              30.5149619
            ],
            [
              113.0599881,
              30.5144433
            ],
            [
              113.0510623,
              30.5135889
            ],
            [
              113.0455527,
              30.514606
            ],
            [
              113.0356474,
              30.5200673
            ],
            [
              113.0276906,
              30.5265787
            ],
            [
              113.0184981,
              30.5319149
            ],
            [
              113.0142281,
              30.5327741
            ],
            [
              113.0063481,
              30.5343598
            ],
            [
              112.9885944,
              30.5345315
            ],
            [
              112.9752247,
              30.5312659
            ],
            [
              112.9632863,
              30.5264669
            ],
            [
              112.9579661,
              30.5251091
            ],
            [
              112.9526816,
              30.5257835
            ],
            [
              112.947392,
              30.5293276
            ],
            [
              112.9452467,
              30.5268716
            ],
            [
              112.943886,
              30.525992
            ],
            [
              112.943805,
              30.525825
            ],
            [
              112.944339,
              30.525347
            ],
            [
              112.944489,
              30.525076
            ],
            [
              112.943925,
              30.524042
            ],
            [
              112.943535,
              30.523947
            ],
            [
              112.942699,
              30.524867
            ],
            [
              112.94196,
              30.524811
            ],
            [
              112.941862,
              30.523804
            ],
            [
              112.941434,
              30.523777
            ],
            [
              112.941415,
              30.522802
            ],
            [
              112.940841,
              30.523214
            ],
            [
              112.940632,
              30.522511
            ],
            [
              112.938456,
              30.522409
            ],
            [
              112.938716,
              30.5218
            ],
            [
              112.938782,
              30.517294
            ],
            [
              112.938355,
              30.517301
            ],
            [
              112.938297,
              30.51636
            ],
            [
              112.938771,
              30.510873
            ],
            [
              112.936756,
              30.511105
            ],
            [
              112.936424,
              30.508084
            ],
            [
              112.937687,
              30.507124
            ],
            [
              112.937307,
              30.505617
            ],
            [
              112.93754,
              30.50363
            ],
            [
              112.937265,
              30.5035
            ],
            [
              112.937816,
              30.501878
            ],
            [
              112.937731,
              30.501543
            ],
            [
              112.936763,
              30.501658
            ],
            [
              112.935805,
              30.502278
            ],
            [
              112.935453,
              30.502149
            ],
            [
              112.934567,
              30.500548
            ],
            [
              112.934103,
              30.500309
            ],
            [
              112.934703,
              30.499198
            ],
            [
              112.934397,
              30.498757
            ],
            [
              112.936717,
              30.495603
            ],
            [
              112.939372,
              30.495634
            ],
            [
              112.939304,
              30.497675
            ],
            [
              112.939421,
              30.498096
            ],
            [
              112.939907,
              30.498065
            ],
            [
              112.940007,
              30.497641
            ],
            [
              112.940546,
              30.497493
            ],
            [
              112.940592,
              30.497093
            ],
            [
              112.942204,
              30.49646
            ],
            [
              112.942277,
              30.496036
            ],
            [
              112.944095,
              30.494837
            ],
            [
              112.944198,
              30.494601
            ],
            [
              112.944175,
              30.492249
            ],
            [
              112.946262,
              30.491146
            ],
            [
              112.946422,
              30.490053
            ],
            [
              112.948608,
              30.48941
            ],
            [
              112.948723,
              30.487115
            ],
            [
              112.945051,
              30.485353
            ],
            [
              112.944288,
              30.484701
            ],
            [
              112.943188,
              30.482975
            ],
            [
              112.943199,
              30.482249
            ],
            [
              112.943252,
              30.481793
            ],
            [
              112.945248,
              30.480919
            ],
            [
              112.948,
              30.480293
            ],
            [
              112.95808,
              30.47609
            ],
            [
              112.958486,
              30.476061
            ],
            [
              112.958593,
              30.476446
            ],
            [
              112.957655,
              30.476952
            ],
            [
              112.959737,
              30.480837
            ],
            [
              112.960034,
              30.480786
            ],
            [
              112.960517,
              30.480614
            ],
            [
              112.961441,
              30.482125
            ],
            [
              112.962477,
              30.482484
            ],
            [
              112.962632,
              30.483444
            ],
            [
              112.962771,
              30.483629
            ],
            [
              112.962987,
              30.483602
            ],
            [
              112.966617,
              30.481015
            ],
            [
              112.968997,
              30.479525
            ],
            [
              112.971465,
              30.475689
            ],
            [
              112.972183,
              30.475068
            ],
            [
              112.972832,
              30.475035
            ],
            [
              112.973122,
              30.475969
            ],
            [
              112.973748,
              30.476147
            ],
            [
              112.975123,
              30.475868
            ],
            [
              112.975346,
              30.477506
            ],
            [
              112.976006,
              30.478012
            ],
            [
              112.976331,
              30.478031
            ],
            [
              112.97646,
              30.4777
            ],
            [
              112.976812,
              30.477718
            ],
            [
              112.978562,
              30.477199
            ],
            [
              112.97964,
              30.478309
            ],
            [
              112.979939,
              30.478374
            ],
            [
              112.980005,
              30.478936
            ],
            [
              112.980417,
              30.479258
            ],
            [
              112.980606,
              30.479209
            ],
            [
              112.980813,
              30.47876
            ],
            [
              112.980318,
              30.478369
            ],
            [
              112.980557,
              30.478131
            ],
            [
              112.981383,
              30.478798
            ],
            [
              112.982471,
              30.477703
            ],
            [
              112.982412,
              30.477493
            ],
            [
              112.981917,
              30.477102
            ],
            [
              112.981772,
              30.476611
            ],
            [
              112.982652,
              30.475965
            ],
            [
              112.982924,
              30.476054
            ],
            [
              112.983452,
              30.47668
            ],
            [
              112.984067,
              30.476318
            ],
            [
              112.985367,
              30.476369
            ],
            [
              112.985539,
              30.476812
            ],
            [
              112.986922,
              30.476908
            ],
            [
              112.986939,
              30.477776
            ],
            [
              112.98735,
              30.47798
            ],
            [
              112.9877,
              30.479241
            ],
            [
              112.988352,
              30.479325
            ],
            [
              112.988439,
              30.479629
            ],
            [
              112.987952,
              30.479636
            ],
            [
              112.987717,
              30.480062
            ],
            [
              112.987724,
              30.480437
            ],
            [
              112.989117,
              30.481025
            ],
            [
              112.989522,
              30.480972
            ],
            [
              112.990626,
              30.479314
            ],
            [
              112.990605,
              30.476969
            ],
            [
              112.991469,
              30.476839
            ],
            [
              112.991462,
              30.473861
            ],
            [
              112.993274,
              30.473763
            ],
            [
              112.994497,
              30.471329
            ],
            [
              112.99398,
              30.471196
            ],
            [
              112.994002,
              30.469648
            ],
            [
              112.99424,
              30.469363
            ],
            [
              112.994212,
              30.467956
            ],
            [
              112.993616,
              30.467942
            ],
            [
              112.993391,
              30.464897
            ],
            [
              112.992876,
              30.464858
            ],
            [
              112.993006,
              30.464598
            ],
            [
              112.9934,
              30.463982
            ],
            [
              112.983815,
              30.463894
            ],
            [
              112.982626,
              30.457275
            ],
            [
              112.983754,
              30.456883
            ],
            [
              112.983805,
              30.456718
            ],
            [
              112.98206,
              30.454728
            ],
            [
              112.981408,
              30.454644
            ],
            [
              112.981427,
              30.454245
            ],
            [
              112.979484,
              30.453172
            ],
            [
              112.977424,
              30.451703
            ],
            [
              112.975259,
              30.451712
            ],
            [
              112.975109,
              30.451011
            ],
            [
              112.975516,
              30.451052
            ],
            [
              112.975495,
              30.45002
            ],
            [
              112.974763,
              30.449938
            ],
            [
              112.973926,
              30.446011
            ],
            [
              112.9736829,
              30.4454771
            ]
          ]
        ]
      },
      "id": "relation/3258834"
    }
    
  ]
}